[2026-08-28T02:57:42.678+0000] {manager.py:470} INFO - Processing files using up to 2 processes at a time 
[2026-08-28T02:57:42.682+0000] {manager.py:471} INFO - Process each file at most once every 30 seconds
[2026-08-28T02:57:42.685+0000] {manager.py:472} INFO - Checking for new files in /opt/airflow/dags every 300 seconds
[2026-08-28T02:57:42.690+0000] {manager.py:737} INFO - Searching for files in /opt/airflow/dags
[2026-08-28T02:57:42.726+0000] {manager.py:740} INFO - There are 0 files in /opt/airflow/dags
[2026-08-28T02:58:50.066+0000] {manager.py:452} INFO - Exiting gracefully upon receiving signal 15
[2026-08-28T03:06:07.193+0000] {manager.py:470} INFO - Processing files using up to 2 processes at a time 
[2026-08-28T03:06:07.195+0000] {manager.py:471} INFO - Process each file at most once every 30 seconds
[2026-08-28T03:06:07.197+0000] {manager.py:472} INFO - Checking for new files in /opt/airflow/dags every 300 seconds
[2026-08-28T03:06:07.198+0000] {manager.py:737} INFO - Searching for files in /opt/airflow/dags
[2026-08-28T03:06:07.202+0000] {manager.py:740} INFO - There are 0 files in /opt/airflow/dags
[2026-08-28T03:43:29.858+0000] {manager.py:737} INFO - Searching for files in /opt/airflow/dags
[2026-08-28T03:43:29.940+0000] {manager.py:740} INFO - There are 0 files in /opt/airflow/dags
[2026-08-28T07:44:37.335+0000] {manager.py:737} INFO - Searching for files in /opt/airflow/dags
[2026-08-28T07:44:37.915+0000] {manager.py:740} INFO - There are 0 files in /opt/airflow/dags
[2026-08-28T11:04:28.675+0000] {manager.py:737} INFO - Searching for files in /opt/airflow/dags
[2026-08-28T11:04:28.945+0000] {manager.py:740} INFO - There are 0 files in /opt/airflow/dags
[2026-08-28T14:57:44.649+0000] {manager.py:737} INFO - Searching for files in /opt/airflow/dags
[2026-08-28T14:57:44.966+0000] {manager.py:740} INFO - There are 0 files in /opt/airflow/dags
[2026-08-28T15:02:44.922+0000] {manager.py:737} INFO - Searching for files in /opt/airflow/dags
[2026-08-28T15:02:45.025+0000] {manager.py:740} INFO - There are 0 files in /opt/airflow/dags
[2026-08-28T15:07:44.948+0000] {manager.py:737} INFO - Searching for files in /opt/airflow/dags
[2026-08-28T15:07:44.971+0000] {manager.py:740} INFO - There are 0 files in /opt/airflow/dags
[2026-08-28T15:12:45.821+0000] {manager.py:737} INFO - Searching for files in /opt/airflow/dags
[2026-08-28T15:12:45.829+0000] {manager.py:740} INFO - There are 0 files in /opt/airflow/dags
[2026-08-28T16:35:48.857+0000] {manager.py:737} INFO - Searching for files in /opt/airflow/dags
[2026-08-28T16:35:48.921+0000] {manager.py:740} INFO - There are 0 files in /opt/airflow/dags
[2026-08-28T16:56:14.201+0000] {manager.py:737} INFO - Searching for files in /opt/airflow/dags
[2026-08-28T16:56:14.227+0000] {manager.py:740} INFO - There are 0 files in /opt/airflow/dags
[2026-08-28T17:01:15.090+0000] {manager.py:737} INFO - Searching for files in /opt/airflow/dags
[2026-08-28T17:01:15.130+0000] {manager.py:740} INFO - There are 0 files in /opt/airflow/dags
[2026-08-28T17:06:15.111+0000] {manager.py:737} INFO - Searching for files in /opt/airflow/dags
[2026-08-28T17:06:15.129+0000] {manager.py:740} INFO - There are 0 files in /opt/airflow/dags
[2026-08-28T17:14:34.624+0000] {manager.py:737} INFO - Searching for files in /opt/airflow/dags
[2026-08-28T17:14:34.671+0000] {manager.py:740} INFO - There are 0 files in /opt/airflow/dags
[2026-08-28T17:19:35.557+0000] {manager.py:737} INFO - Searching for files in /opt/airflow/dags
[2026-08-28T17:19:35.613+0000] {manager.py:740} INFO - There are 0 files in /opt/airflow/dags
[2026-08-28T17:24:36.519+0000] {manager.py:737} INFO - Searching for files in /opt/airflow/dags
[2026-08-28T17:24:36.563+0000] {manager.py:740} INFO - There are 0 files in /opt/airflow/dags
[2026-08-28T17:45:26.796+0000] {manager.py:737} INFO - Searching for files in /opt/airflow/dags
[2026-08-28T17:45:26.851+0000] {manager.py:740} INFO - There are 0 files in /opt/airflow/dags
[2026-08-28T17:50:27.122+0000] {manager.py:737} INFO - Searching for files in /opt/airflow/dags
[2026-08-28T17:50:27.223+0000] {manager.py:740} INFO - There are 0 files in /opt/airflow/dags
[2026-08-28T17:55:27.185+0000] {manager.py:737} INFO - Searching for files in /opt/airflow/dags
[2026-08-28T17:55:27.211+0000] {manager.py:740} INFO - There are 0 files in /opt/airflow/dags
[2026-08-28T18:00:27.908+0000] {manager.py:737} INFO - Searching for files in /opt/airflow/dags
[2026-08-28T18:00:27.917+0000] {manager.py:740} INFO - There are 0 files in /opt/airflow/dags
[2026-08-28T18:05:28.617+0000] {manager.py:737} INFO - Searching for files in /opt/airflow/dags
[2026-08-28T18:05:28.649+0000] {manager.py:740} INFO - There are 0 files in /opt/airflow/dags
[2026-08-28T18:10:29.284+0000] {manager.py:737} INFO - Searching for files in /opt/airflow/dags
[2026-08-28T18:10:29.312+0000] {manager.py:740} INFO - There are 0 files in /opt/airflow/dags
[2026-08-28T18:15:30.134+0000] {manager.py:737} INFO - Searching for files in /opt/airflow/dags
[2026-08-28T18:15:30.177+0000] {manager.py:740} INFO - There are 0 files in /opt/airflow/dags
[2026-08-28T18:20:30.868+0000] {manager.py:737} INFO - Searching for files in /opt/airflow/dags
[2026-08-28T18:20:30.877+0000] {manager.py:740} INFO - There are 0 files in /opt/airflow/dags
[2026-08-28T18:25:31.592+0000] {manager.py:737} INFO - Searching for files in /opt/airflow/dags
[2026-08-28T18:25:31.653+0000] {manager.py:740} INFO - There are 0 files in /opt/airflow/dags
[2026-08-28T18:30:32.381+0000] {manager.py:737} INFO - Searching for files in /opt/airflow/dags
[2026-08-28T18:30:32.406+0000] {manager.py:740} INFO - There are 0 files in /opt/airflow/dags
[2026-08-28T18:35:33.121+0000] {manager.py:737} INFO - Searching for files in /opt/airflow/dags
[2026-08-28T18:35:33.133+0000] {manager.py:740} INFO - There are 0 files in /opt/airflow/dags
[2026-08-28T18:40:33.821+0000] {manager.py:737} INFO - Searching for files in /opt/airflow/dags
[2026-08-28T18:40:33.842+0000] {manager.py:740} INFO - There are 0 files in /opt/airflow/dags
[2026-08-28T18:45:33.889+0000] {manager.py:737} INFO - Searching for files in /opt/airflow/dags
[2026-08-28T18:45:33.926+0000] {manager.py:740} INFO - There are 0 files in /opt/airflow/dags
[2026-08-28T18:50:34.642+0000] {manager.py:737} INFO - Searching for files in /opt/airflow/dags
[2026-08-28T18:50:34.701+0000] {manager.py:740} INFO - There are 0 files in /opt/airflow/dags
[2026-08-28T18:55:35.516+0000] {manager.py:737} INFO - Searching for files in /opt/airflow/dags
[2026-08-28T18:55:35.526+0000] {manager.py:740} INFO - There are 0 files in /opt/airflow/dags
[2026-08-28T19:20:44.855+0000] {manager.py:737} INFO - Searching for files in /opt/airflow/dags
[2026-08-28T19:20:45.342+0000] {manager.py:740} INFO - There are 0 files in /opt/airflow/dags
[2026-08-28T19:25:45.539+0000] {manager.py:737} INFO - Searching for files in /opt/airflow/dags
[2026-08-28T19:25:45.641+0000] {manager.py:740} INFO - There are 0 files in /opt/airflow/dags
[2026-08-28T19:30:46.474+0000] {manager.py:737} INFO - Searching for files in /opt/airflow/dags
[2026-08-28T19:30:46.488+0000] {manager.py:740} INFO - There are 0 files in /opt/airflow/dags
[2026-08-28T19:38:43.254+0000] {manager.py:737} INFO - Searching for files in /opt/airflow/dags
[2026-08-28T19:38:43.364+0000] {manager.py:740} INFO - There are 0 files in /opt/airflow/dags
[2026-08-28T19:44:32.254+0000] {manager.py:737} INFO - Searching for files in /opt/airflow/dags
[2026-08-28T19:44:32.264+0000] {manager.py:740} INFO - There are 0 files in /opt/airflow/dags
[2026-08-28T19:49:32.868+0000] {manager.py:737} INFO - Searching for files in /opt/airflow/dags
[2026-08-28T19:49:32.963+0000] {manager.py:740} INFO - There are 0 files in /opt/airflow/dags
[2026-08-28T19:54:33.846+0000] {manager.py:737} INFO - Searching for files in /opt/airflow/dags
[2026-08-28T19:54:33.865+0000] {manager.py:740} INFO - There are 0 files in /opt/airflow/dags
[2026-08-28T19:59:34.562+0000] {manager.py:737} INFO - Searching for files in /opt/airflow/dags
[2026-08-28T19:59:34.600+0000] {manager.py:740} INFO - There are 0 files in /opt/airflow/dags
[2026-08-28T20:04:35.566+0000] {manager.py:737} INFO - Searching for files in /opt/airflow/dags
[2026-08-28T20:04:35.605+0000] {manager.py:740} INFO - There are 0 files in /opt/airflow/dags
[2026-08-28T20:09:36.294+0000] {manager.py:737} INFO - Searching for files in /opt/airflow/dags
[2026-08-28T20:09:36.313+0000] {manager.py:740} INFO - There are 0 files in /opt/airflow/dags
[2026-08-28T20:14:36.885+0000] {manager.py:737} INFO - Searching for files in /opt/airflow/dags
[2026-08-28T20:14:36.903+0000] {manager.py:740} INFO - There are 0 files in /opt/airflow/dags
[2026-08-28T20:19:37.473+0000] {manager.py:737} INFO - Searching for files in /opt/airflow/dags
[2026-08-28T20:19:37.488+0000] {manager.py:740} INFO - There are 0 files in /opt/airflow/dags
[2026-08-28T20:24:38.213+0000] {manager.py:737} INFO - Searching for files in /opt/airflow/dags
[2026-08-28T20:24:38.222+0000] {manager.py:740} INFO - There are 0 files in /opt/airflow/dags
[2026-08-28T20:29:38.825+0000] {manager.py:737} INFO - Searching for files in /opt/airflow/dags
[2026-08-28T20:29:38.836+0000] {manager.py:740} INFO - There are 0 files in /opt/airflow/dags
[2026-08-28T20:34:39.448+0000] {manager.py:737} INFO - Searching for files in /opt/airflow/dags
[2026-08-28T20:34:39.456+0000] {manager.py:740} INFO - There are 0 files in /opt/airflow/dags
[2026-08-28T20:39:40.233+0000] {manager.py:737} INFO - Searching for files in /opt/airflow/dags
[2026-08-28T20:39:40.244+0000] {manager.py:740} INFO - There are 0 files in /opt/airflow/dags
[2026-08-28T20:44:40.968+0000] {manager.py:737} INFO - Searching for files in /opt/airflow/dags
[2026-08-28T20:44:40.988+0000] {manager.py:740} INFO - There are 0 files in /opt/airflow/dags
[2026-08-28T20:49:41.567+0000] {manager.py:737} INFO - Searching for files in /opt/airflow/dags
[2026-08-28T20:49:41.577+0000] {manager.py:740} INFO - There are 0 files in /opt/airflow/dags
[2026-08-28T20:54:42.291+0000] {manager.py:737} INFO - Searching for files in /opt/airflow/dags
[2026-08-28T20:54:42.296+0000] {manager.py:740} INFO - There are 0 files in /opt/airflow/dags
[2026-08-28T20:59:43.140+0000] {manager.py:737} INFO - Searching for files in /opt/airflow/dags
[2026-08-28T20:59:43.147+0000] {manager.py:740} INFO - There are 0 files in /opt/airflow/dags
[2026-08-28T21:04:43.767+0000] {manager.py:737} INFO - Searching for files in /opt/airflow/dags
[2026-08-28T21:04:43.776+0000] {manager.py:740} INFO - There are 0 files in /opt/airflow/dags
[2026-08-28T21:13:43.271+0000] {manager.py:737} INFO - Searching for files in /opt/airflow/dags
[2026-08-28T21:13:43.402+0000] {manager.py:740} INFO - There are 0 files in /opt/airflow/dags
[2026-08-28T21:18:44.198+0000] {manager.py:737} INFO - Searching for files in /opt/airflow/dags
[2026-08-28T21:18:44.270+0000] {manager.py:740} INFO - There are 0 files in /opt/airflow/dags
[2026-08-28T21:23:45.009+0000] {manager.py:737} INFO - Searching for files in /opt/airflow/dags
[2026-08-28T21:23:45.058+0000] {manager.py:740} INFO - There are 0 files in /opt/airflow/dags
[2026-08-28T21:54:40.875+0000] {manager.py:737} INFO - Searching for files in /opt/airflow/dags
[2026-08-28T21:54:41.613+0000] {manager.py:740} INFO - There are 0 files in /opt/airflow/dags
[2026-08-28T21:59:40.880+0000] {manager.py:737} INFO - Searching for files in /opt/airflow/dags
[2026-08-28T21:59:40.953+0000] {manager.py:740} INFO - There are 0 files in /opt/airflow/dags
[2026-08-28T22:04:41.788+0000] {manager.py:737} INFO - Searching for files in /opt/airflow/dags
[2026-08-28T22:04:41.800+0000] {manager.py:740} INFO - There are 0 files in /opt/airflow/dags
[2026-08-28T22:09:42.712+0000] {manager.py:737} INFO - Searching for files in /opt/airflow/dags
[2026-08-28T22:09:42.726+0000] {manager.py:740} INFO - There are 0 files in /opt/airflow/dags
[2026-08-28T23:48:24.418+0000] {manager.py:737} INFO - Searching for files in /opt/airflow/dags
[2026-08-28T23:48:24.425+0000] {manager.py:740} INFO - There are 0 files in /opt/airflow/dags
[2026-08-29T07:16:12.107+0000] {manager.py:737} INFO - Searching for files in /opt/airflow/dags
[2026-08-29T07:16:16.925+0000] {manager.py:740} INFO - There are 0 files in /opt/airflow/dags
[2026-08-29T07:21:12.260+0000] {manager.py:737} INFO - Searching for files in /opt/airflow/dags
[2026-08-29T07:21:12.314+0000] {manager.py:740} INFO - There are 0 files in /opt/airflow/dags
[2026-08-29T07:26:13.225+0000] {manager.py:737} INFO - Searching for files in /opt/airflow/dags
[2026-08-29T07:26:13.239+0000] {manager.py:740} INFO - There are 0 files in /opt/airflow/dags
[2026-08-29T07:31:14.210+0000] {manager.py:737} INFO - Searching for files in /opt/airflow/dags
[2026-08-29T07:31:14.222+0000] {manager.py:740} INFO - There are 0 files in /opt/airflow/dags
[2026-08-29T07:41:50.577+0000] {manager.py:737} INFO - Searching for files in /opt/airflow/dags
[2026-08-29T07:41:50.592+0000] {manager.py:740} INFO - There are 0 files in /opt/airflow/dags
[2026-08-29T07:46:51.497+0000] {manager.py:737} INFO - Searching for files in /opt/airflow/dags
[2026-08-29T07:46:51.544+0000] {manager.py:740} INFO - There are 0 files in /opt/airflow/dags
[2026-08-29T07:51:52.480+0000] {manager.py:737} INFO - Searching for files in /opt/airflow/dags
[2026-08-29T07:51:52.489+0000] {manager.py:740} INFO - There are 0 files in /opt/airflow/dags
[2026-08-29T07:56:53.146+0000] {manager.py:737} INFO - Searching for files in /opt/airflow/dags
[2026-08-29T07:56:53.211+0000] {manager.py:740} INFO - There are 0 files in /opt/airflow/dags
[2026-08-29T08:01:54.422+0000] {manager.py:737} INFO - Searching for files in /opt/airflow/dags
[2026-08-29T08:01:55.611+0000] {manager.py:740} INFO - There are 0 files in /opt/airflow/dags
[2026-08-29T08:06:54.487+0000] {manager.py:737} INFO - Searching for files in /opt/airflow/dags
[2026-08-29T08:06:54.508+0000] {manager.py:740} INFO - There are 0 files in /opt/airflow/dags
[2026-08-29T08:11:55.218+0000] {manager.py:737} INFO - Searching for files in /opt/airflow/dags
[2026-08-29T08:11:55.230+0000] {manager.py:740} INFO - There are 0 files in /opt/airflow/dags
[2026-08-29T08:16:55.907+0000] {manager.py:737} INFO - Searching for files in /opt/airflow/dags
[2026-08-29T08:16:55.924+0000] {manager.py:740} INFO - There are 0 files in /opt/airflow/dags
[2026-08-29T08:21:56.662+0000] {manager.py:737} INFO - Searching for files in /opt/airflow/dags
[2026-08-29T08:21:56.668+0000] {manager.py:740} INFO - There are 0 files in /opt/airflow/dags
[2026-08-29T08:26:57.453+0000] {manager.py:737} INFO - Searching for files in /opt/airflow/dags
[2026-08-29T08:26:57.460+0000] {manager.py:740} INFO - There are 0 files in /opt/airflow/dags
[2026-08-29T09:03:21.224+0000] {manager.py:737} INFO - Searching for files in /opt/airflow/dags
[2026-08-29T09:03:22.045+0000] {manager.py:740} INFO - There are 0 files in /opt/airflow/dags
[2026-08-29T09:12:13.438+0000] {manager.py:737} INFO - Searching for files in /opt/airflow/dags
[2026-08-29T09:12:13.505+0000] {manager.py:740} INFO - There are 0 files in /opt/airflow/dags
[2026-08-29T09:17:14.455+0000] {manager.py:737} INFO - Searching for files in /opt/airflow/dags
[2026-08-29T09:17:14.536+0000] {manager.py:740} INFO - There are 0 files in /opt/airflow/dags
[2026-08-29T09:22:15.400+0000] {manager.py:737} INFO - Searching for files in /opt/airflow/dags
[2026-08-29T09:22:15.418+0000] {manager.py:740} INFO - There are 0 files in /opt/airflow/dags
[2026-08-29T09:27:16.206+0000] {manager.py:737} INFO - Searching for files in /opt/airflow/dags
[2026-08-29T09:27:16.259+0000] {manager.py:740} INFO - There are 0 files in /opt/airflow/dags
[2026-08-29T09:53:27.776+0000] {manager.py:737} INFO - Searching for files in /opt/airflow/dags
[2026-08-29T09:53:27.790+0000] {manager.py:740} INFO - There are 0 files in /opt/airflow/dags
[2026-08-29T09:58:28.634+0000] {manager.py:737} INFO - Searching for files in /opt/airflow/dags
[2026-08-29T09:58:28.647+0000] {manager.py:740} INFO - There are 0 files in /opt/airflow/dags
[2026-08-29T10:03:29.404+0000] {manager.py:737} INFO - Searching for files in /opt/airflow/dags
[2026-08-29T10:03:29.410+0000] {manager.py:740} INFO - There are 0 files in /opt/airflow/dags
[2026-08-29T10:08:30.092+0000] {manager.py:737} INFO - Searching for files in /opt/airflow/dags
[2026-08-29T10:08:30.109+0000] {manager.py:740} INFO - There are 0 files in /opt/airflow/dags
[2026-08-29T10:13:30.766+0000] {manager.py:737} INFO - Searching for files in /opt/airflow/dags
[2026-08-29T10:13:30.772+0000] {manager.py:740} INFO - There are 0 files in /opt/airflow/dags
[2026-08-29T10:18:31.450+0000] {manager.py:737} INFO - Searching for files in /opt/airflow/dags
[2026-08-29T10:18:31.466+0000] {manager.py:740} INFO - There are 0 files in /opt/airflow/dags
[2026-08-29T10:23:32.437+0000] {manager.py:737} INFO - Searching for files in /opt/airflow/dags
[2026-08-29T10:23:32.444+0000] {manager.py:740} INFO - There are 0 files in /opt/airflow/dags
[2026-08-29T10:28:33.179+0000] {manager.py:737} INFO - Searching for files in /opt/airflow/dags
[2026-08-29T10:28:33.194+0000] {manager.py:740} INFO - There are 0 files in /opt/airflow/dags
[2026-08-29T10:33:33.963+0000] {manager.py:737} INFO - Searching for files in /opt/airflow/dags
[2026-08-29T10:33:33.968+0000] {manager.py:740} INFO - There are 0 files in /opt/airflow/dags
[2026-08-29T10:54:47.943+0000] {manager.py:737} INFO - Searching for files in /opt/airflow/dags
[2026-08-29T10:54:47.959+0000] {manager.py:740} INFO - There are 0 files in /opt/airflow/dags
[2026-08-29T10:59:48.669+0000] {manager.py:737} INFO - Searching for files in /opt/airflow/dags
[2026-08-29T10:59:48.699+0000] {manager.py:740} INFO - There are 0 files in /opt/airflow/dags
[2026-08-29T11:04:49.452+0000] {manager.py:737} INFO - Searching for files in /opt/airflow/dags
[2026-08-29T11:04:49.468+0000] {manager.py:740} INFO - There are 0 files in /opt/airflow/dags
[2026-08-29T11:09:50.175+0000] {manager.py:737} INFO - Searching for files in /opt/airflow/dags
[2026-08-29T11:09:50.190+0000] {manager.py:740} INFO - There are 0 files in /opt/airflow/dags
[2026-08-29T11:14:50.897+0000] {manager.py:737} INFO - Searching for files in /opt/airflow/dags
[2026-08-29T11:14:50.904+0000] {manager.py:740} INFO - There are 0 files in /opt/airflow/dags
[2026-08-29T11:19:51.596+0000] {manager.py:737} INFO - Searching for files in /opt/airflow/dags
[2026-08-29T11:19:51.610+0000] {manager.py:740} INFO - There are 0 files in /opt/airflow/dags
[2026-08-29T11:24:52.391+0000] {manager.py:737} INFO - Searching for files in /opt/airflow/dags
[2026-08-29T11:24:52.396+0000] {manager.py:740} INFO - There are 0 files in /opt/airflow/dags
[2026-08-29T11:29:53.117+0000] {manager.py:737} INFO - Searching for files in /opt/airflow/dags
[2026-08-29T11:29:53.128+0000] {manager.py:740} INFO - There are 0 files in /opt/airflow/dags
[2026-08-29T11:34:53.751+0000] {manager.py:737} INFO - Searching for files in /opt/airflow/dags
[2026-08-29T11:34:53.766+0000] {manager.py:740} INFO - There are 0 files in /opt/airflow/dags
[2026-08-29T11:39:54.599+0000] {manager.py:737} INFO - Searching for files in /opt/airflow/dags
[2026-08-29T11:39:54.612+0000] {manager.py:740} INFO - There are 0 files in /opt/airflow/dags
[2026-08-29T11:44:55.461+0000] {manager.py:737} INFO - Searching for files in /opt/airflow/dags
[2026-08-29T11:44:55.476+0000] {manager.py:740} INFO - There are 0 files in /opt/airflow/dags
[2026-08-29T14:02:50.177+0000] {manager.py:737} INFO - Searching for files in /opt/airflow/dags
[2026-08-29T14:02:50.306+0000] {manager.py:740} INFO - There are 0 files in /opt/airflow/dags
[2026-08-29T14:21:40.129+0000] {manager.py:737} INFO - Searching for files in /opt/airflow/dags
[2026-08-29T14:21:40.208+0000] {manager.py:740} INFO - There are 0 files in /opt/airflow/dags
[2026-08-29T14:26:40.154+0000] {manager.py:737} INFO - Searching for files in /opt/airflow/dags
[2026-08-29T14:26:40.179+0000] {manager.py:740} INFO - There are 0 files in /opt/airflow/dags
[2026-08-29T14:31:41.105+0000] {manager.py:737} INFO - Searching for files in /opt/airflow/dags
[2026-08-29T14:31:41.120+0000] {manager.py:740} INFO - There are 0 files in /opt/airflow/dags
[2026-08-29T14:43:22.344+0000] {manager.py:737} INFO - Searching for files in /opt/airflow/dags
[2026-08-29T14:43:22.420+0000] {manager.py:740} INFO - There are 0 files in /opt/airflow/dags
[2026-08-29T14:48:22.557+0000] {manager.py:737} INFO - Searching for files in /opt/airflow/dags
[2026-08-29T14:48:22.578+0000] {manager.py:740} INFO - There are 0 files in /opt/airflow/dags
[2026-08-29T14:53:23.232+0000] {manager.py:737} INFO - Searching for files in /opt/airflow/dags
[2026-08-29T14:53:23.241+0000] {manager.py:740} INFO - There are 0 files in /opt/airflow/dags
[2026-08-29T14:58:23.965+0000] {manager.py:737} INFO - Searching for files in /opt/airflow/dags
[2026-08-29T14:58:23.977+0000] {manager.py:740} INFO - There are 0 files in /opt/airflow/dags
[2026-08-29T15:03:24.626+0000] {manager.py:737} INFO - Searching for files in /opt/airflow/dags
[2026-08-29T15:03:24.645+0000] {manager.py:740} INFO - There are 0 files in /opt/airflow/dags
[2026-08-29T15:08:25.289+0000] {manager.py:737} INFO - Searching for files in /opt/airflow/dags
[2026-08-29T15:08:25.345+0000] {manager.py:740} INFO - There are 0 files in /opt/airflow/dags
[2026-08-29T15:13:26.047+0000] {manager.py:737} INFO - Searching for files in /opt/airflow/dags
[2026-08-29T15:13:26.060+0000] {manager.py:740} INFO - There are 0 files in /opt/airflow/dags
[2026-08-29T15:18:26.628+0000] {manager.py:737} INFO - Searching for files in /opt/airflow/dags
[2026-08-29T15:18:26.643+0000] {manager.py:740} INFO - There are 0 files in /opt/airflow/dags
[2026-08-29T15:23:27.225+0000] {manager.py:737} INFO - Searching for files in /opt/airflow/dags
[2026-08-29T15:23:27.232+0000] {manager.py:740} INFO - There are 0 files in /opt/airflow/dags
[2026-08-29T15:28:27.795+0000] {manager.py:737} INFO - Searching for files in /opt/airflow/dags
[2026-08-29T15:28:27.804+0000] {manager.py:740} INFO - There are 0 files in /opt/airflow/dags
[2026-08-29T15:33:28.375+0000] {manager.py:737} INFO - Searching for files in /opt/airflow/dags
[2026-08-29T15:33:28.383+0000] {manager.py:740} INFO - There are 0 files in /opt/airflow/dags
[2026-08-29T15:38:28.957+0000] {manager.py:737} INFO - Searching for files in /opt/airflow/dags
[2026-08-29T15:38:29.005+0000] {manager.py:740} INFO - There are 0 files in /opt/airflow/dags
[2026-08-29T15:43:29.671+0000] {manager.py:737} INFO - Searching for files in /opt/airflow/dags
[2026-08-29T15:43:29.681+0000] {manager.py:740} INFO - There are 0 files in /opt/airflow/dags
[2026-08-29T15:48:30.281+0000] {manager.py:737} INFO - Searching for files in /opt/airflow/dags
[2026-08-29T15:48:30.301+0000] {manager.py:740} INFO - There are 0 files in /opt/airflow/dags
[2026-08-29T15:53:31.130+0000] {manager.py:737} INFO - Searching for files in /opt/airflow/dags
[2026-08-29T15:53:31.140+0000] {manager.py:740} INFO - There are 0 files in /opt/airflow/dags
[2026-08-29T16:22:02.401+0000] {manager.py:737} INFO - Searching for files in /opt/airflow/dags
[2026-08-29T16:22:02.692+0000] {manager.py:740} INFO - There are 0 files in /opt/airflow/dags
[2026-08-29T16:27:02.612+0000] {manager.py:737} INFO - Searching for files in /opt/airflow/dags
[2026-08-29T16:27:02.748+0000] {manager.py:740} INFO - There are 0 files in /opt/airflow/dags
[2026-08-29T16:32:03.494+0000] {manager.py:737} INFO - Searching for files in /opt/airflow/dags
[2026-08-29T16:32:03.509+0000] {manager.py:740} INFO - There are 0 files in /opt/airflow/dags
[2026-08-29T16:37:04.089+0000] {manager.py:737} INFO - Searching for files in /opt/airflow/dags
[2026-08-29T16:37:04.103+0000] {manager.py:740} INFO - There are 0 files in /opt/airflow/dags
[2026-08-29T16:42:04.871+0000] {manager.py:737} INFO - Searching for files in /opt/airflow/dags
[2026-08-29T16:42:04.889+0000] {manager.py:740} INFO - There are 0 files in /opt/airflow/dags
[2026-08-29T16:58:14.652+0000] {manager.py:737} INFO - Searching for files in /opt/airflow/dags
[2026-08-29T16:58:14.739+0000] {manager.py:740} INFO - There are 0 files in /opt/airflow/dags
[2026-08-29T17:03:14.666+0000] {manager.py:737} INFO - Searching for files in /opt/airflow/dags
[2026-08-29T17:03:14.761+0000] {manager.py:740} INFO - There are 0 files in /opt/airflow/dags
[2026-08-29T17:08:15.453+0000] {manager.py:737} INFO - Searching for files in /opt/airflow/dags
[2026-08-29T17:08:15.465+0000] {manager.py:740} INFO - There are 0 files in /opt/airflow/dags
[2026-08-29T17:13:16.183+0000] {manager.py:737} INFO - Searching for files in /opt/airflow/dags
[2026-08-29T17:13:16.195+0000] {manager.py:740} INFO - There are 0 files in /opt/airflow/dags
[2026-08-29T17:18:16.915+0000] {manager.py:737} INFO - Searching for files in /opt/airflow/dags
[2026-08-29T17:18:16.928+0000] {manager.py:740} INFO - There are 0 files in /opt/airflow/dags
[2026-08-29T17:23:17.333+0000] {manager.py:737} INFO - Searching for files in /opt/airflow/dags
[2026-08-29T17:23:17.370+0000] {manager.py:740} INFO - There are 0 files in /opt/airflow/dags
[2026-08-29T17:28:17.365+0000] {manager.py:737} INFO - Searching for files in /opt/airflow/dags
[2026-08-29T17:28:17.376+0000] {manager.py:740} INFO - There are 0 files in /opt/airflow/dags
[2026-08-29T17:33:18.099+0000] {manager.py:737} INFO - Searching for files in /opt/airflow/dags
[2026-08-29T17:33:18.212+0000] {manager.py:740} INFO - There are 0 files in /opt/airflow/dags
[2026-08-29T17:38:18.827+0000] {manager.py:737} INFO - Searching for files in /opt/airflow/dags
[2026-08-29T17:38:18.840+0000] {manager.py:740} INFO - There are 0 files in /opt/airflow/dags
[2026-08-29T17:43:19.338+0000] {manager.py:737} INFO - Searching for files in /opt/airflow/dags
[2026-08-29T17:43:19.350+0000] {manager.py:740} INFO - There are 0 files in /opt/airflow/dags
[2026-08-29T17:48:20.040+0000] {manager.py:737} INFO - Searching for files in /opt/airflow/dags
[2026-08-29T17:48:20.053+0000] {manager.py:740} INFO - There are 0 files in /opt/airflow/dags
[2026-08-29T17:53:20.597+0000] {manager.py:737} INFO - Searching for files in /opt/airflow/dags
[2026-08-29T17:53:20.615+0000] {manager.py:740} INFO - There are 0 files in /opt/airflow/dags
[2026-08-29T17:58:21.415+0000] {manager.py:737} INFO - Searching for files in /opt/airflow/dags
[2026-08-29T17:58:21.432+0000] {manager.py:740} INFO - There are 0 files in /opt/airflow/dags
[2026-08-29T19:31:40.533+0000] {manager.py:737} INFO - Searching for files in /opt/airflow/dags
[2026-08-29T19:31:40.552+0000] {manager.py:740} INFO - There are 0 files in /opt/airflow/dags
[2026-08-29T19:36:40.856+0000] {manager.py:737} INFO - Searching for files in /opt/airflow/dags
[2026-08-29T19:36:40.916+0000] {manager.py:740} INFO - There are 0 files in /opt/airflow/dags
[2026-08-29T19:41:40.902+0000] {manager.py:737} INFO - Searching for files in /opt/airflow/dags
[2026-08-29T19:41:40.916+0000] {manager.py:740} INFO - There are 0 files in /opt/airflow/dags
[2026-08-29T20:14:24.317+0000] {manager.py:737} INFO - Searching for files in /opt/airflow/dags
[2026-08-29T20:14:24.433+0000] {manager.py:740} INFO - There are 0 files in /opt/airflow/dags
[2026-08-29T20:44:59.573+0000] {manager.py:737} INFO - Searching for files in /opt/airflow/dags
[2026-08-29T20:44:59.598+0000] {manager.py:740} INFO - There are 0 files in /opt/airflow/dags
[2026-08-29T21:18:05.504+0000] {manager.py:737} INFO - Searching for files in /opt/airflow/dags
[2026-08-29T21:18:06.022+0000] {manager.py:740} INFO - There are 0 files in /opt/airflow/dags
[2026-08-29T21:27:19.428+0000] {manager.py:737} INFO - Searching for files in /opt/airflow/dags
[2026-08-29T21:27:19.786+0000] {manager.py:740} INFO - There are 0 files in /opt/airflow/dags
[2026-08-29T21:32:19.958+0000] {manager.py:737} INFO - Searching for files in /opt/airflow/dags
[2026-08-29T21:32:20.007+0000] {manager.py:740} INFO - There are 0 files in /opt/airflow/dags
[2026-08-29T21:37:20.948+0000] {manager.py:737} INFO - Searching for files in /opt/airflow/dags
[2026-08-29T21:37:20.961+0000] {manager.py:740} INFO - There are 0 files in /opt/airflow/dags
[2026-08-29T23:37:04.566+0000] {manager.py:737} INFO - Searching for files in /opt/airflow/dags
[2026-08-29T23:37:04.602+0000] {manager.py:740} INFO - There are 0 files in /opt/airflow/dags
[2026-08-29T23:42:38.696+0000] {manager.py:737} INFO - Searching for files in /opt/airflow/dags
[2026-08-29T23:42:38.756+0000] {manager.py:740} INFO - There are 0 files in /opt/airflow/dags
[2026-08-30T06:07:06.746+0000] {manager.py:737} INFO - Searching for files in /opt/airflow/dags
[2026-08-30T06:07:06.909+0000] {manager.py:740} INFO - There are 0 files in /opt/airflow/dags
[2026-08-30T06:32:01.430+0000] {manager.py:737} INFO - Searching for files in /opt/airflow/dags
[2026-08-30T06:32:01.514+0000] {manager.py:740} INFO - There are 0 files in /opt/airflow/dags
[2026-08-30T06:37:01.639+0000] {manager.py:737} INFO - Searching for files in /opt/airflow/dags
[2026-08-30T06:37:01.748+0000] {manager.py:740} INFO - There are 0 files in /opt/airflow/dags
[2026-08-30T06:42:01.671+0000] {manager.py:737} INFO - Searching for files in /opt/airflow/dags
[2026-08-30T06:42:01.723+0000] {manager.py:740} INFO - There are 0 files in /opt/airflow/dags
[2026-08-30T06:47:02.435+0000] {manager.py:737} INFO - Searching for files in /opt/airflow/dags
[2026-08-30T06:47:02.443+0000] {manager.py:740} INFO - There are 0 files in /opt/airflow/dags
[2026-08-30T06:52:03.229+0000] {manager.py:737} INFO - Searching for files in /opt/airflow/dags
[2026-08-30T06:52:03.238+0000] {manager.py:740} INFO - There are 0 files in /opt/airflow/dags
[2026-08-30T06:57:03.868+0000] {manager.py:737} INFO - Searching for files in /opt/airflow/dags
[2026-08-30T06:57:03.887+0000] {manager.py:740} INFO - There are 0 files in /opt/airflow/dags
[2026-08-30T07:02:04.810+0000] {manager.py:737} INFO - Searching for files in /opt/airflow/dags
[2026-08-30T07:02:04.867+0000] {manager.py:740} INFO - There are 0 files in /opt/airflow/dags
[2026-08-30T07:07:05.560+0000] {manager.py:737} INFO - Searching for files in /opt/airflow/dags
[2026-08-30T07:07:05.588+0000] {manager.py:740} INFO - There are 0 files in /opt/airflow/dags
[2026-08-30T07:12:06.494+0000] {manager.py:737} INFO - Searching for files in /opt/airflow/dags
[2026-08-30T07:12:06.522+0000] {manager.py:740} INFO - There are 0 files in /opt/airflow/dags
[2026-08-30T07:17:07.099+0000] {manager.py:737} INFO - Searching for files in /opt/airflow/dags
[2026-08-30T07:17:07.118+0000] {manager.py:740} INFO - There are 0 files in /opt/airflow/dags
[2026-08-30T07:22:07.818+0000] {manager.py:737} INFO - Searching for files in /opt/airflow/dags
[2026-08-30T07:22:07.834+0000] {manager.py:740} INFO - There are 0 files in /opt/airflow/dags
[2026-08-30T07:27:08.549+0000] {manager.py:737} INFO - Searching for files in /opt/airflow/dags
[2026-08-30T07:27:08.569+0000] {manager.py:740} INFO - There are 0 files in /opt/airflow/dags
[2026-08-30T07:32:09.149+0000] {manager.py:737} INFO - Searching for files in /opt/airflow/dags
[2026-08-30T07:32:09.163+0000] {manager.py:740} INFO - There are 0 files in /opt/airflow/dags
[2026-08-30T07:37:09.848+0000] {manager.py:737} INFO - Searching for files in /opt/airflow/dags
[2026-08-30T07:37:09.854+0000] {manager.py:740} INFO - There are 0 files in /opt/airflow/dags
[2026-08-30T07:53:40.279+0000] {manager.py:737} INFO - Searching for files in /opt/airflow/dags
[2026-08-30T07:53:40.692+0000] {manager.py:740} INFO - There are 0 files in /opt/airflow/dags
[2026-08-30T07:58:41.277+0000] {manager.py:737} INFO - Searching for files in /opt/airflow/dags
[2026-08-30T07:58:41.392+0000] {manager.py:740} INFO - There are 0 files in /opt/airflow/dags
[2026-08-30T08:03:42.087+0000] {manager.py:737} INFO - Searching for files in /opt/airflow/dags
[2026-08-30T08:03:42.112+0000] {manager.py:740} INFO - There are 0 files in /opt/airflow/dags
[2026-08-30T08:08:42.981+0000] {manager.py:737} INFO - Searching for files in /opt/airflow/dags
[2026-08-30T08:08:43.003+0000] {manager.py:740} INFO - There are 0 files in /opt/airflow/dags
[2026-08-30T08:13:43.560+0000] {manager.py:737} INFO - Searching for files in /opt/airflow/dags
[2026-08-30T08:13:43.574+0000] {manager.py:740} INFO - There are 0 files in /opt/airflow/dags
[2026-08-30T08:18:44.172+0000] {manager.py:737} INFO - Searching for files in /opt/airflow/dags
[2026-08-30T08:18:44.269+0000] {manager.py:740} INFO - There are 0 files in /opt/airflow/dags
[2026-08-30T08:23:45.025+0000] {manager.py:737} INFO - Searching for files in /opt/airflow/dags
[2026-08-30T08:23:45.479+0000] {manager.py:740} INFO - There are 0 files in /opt/airflow/dags
[2026-08-30T08:28:45.244+0000] {manager.py:737} INFO - Searching for files in /opt/airflow/dags
[2026-08-30T08:28:45.257+0000] {manager.py:740} INFO - There are 0 files in /opt/airflow/dags
[2026-08-30T08:33:45.952+0000] {manager.py:737} INFO - Searching for files in /opt/airflow/dags
[2026-08-30T08:33:45.963+0000] {manager.py:740} INFO - There are 0 files in /opt/airflow/dags
[2026-08-30T08:38:46.855+0000] {manager.py:737} INFO - Searching for files in /opt/airflow/dags
[2026-08-30T08:38:46.876+0000] {manager.py:740} INFO - There are 0 files in /opt/airflow/dags
[2026-08-30T09:44:24.635+0000] {manager.py:737} INFO - Searching for files in /opt/airflow/dags
[2026-08-30T09:44:24.721+0000] {manager.py:740} INFO - There are 0 files in /opt/airflow/dags
[2026-08-30T10:11:02.971+0000] {manager.py:737} INFO - Searching for files in /opt/airflow/dags
[2026-08-30T10:11:03.083+0000] {manager.py:740} INFO - There are 0 files in /opt/airflow/dags
[2026-08-30T10:16:03.014+0000] {manager.py:737} INFO - Searching for files in /opt/airflow/dags
[2026-08-30T10:16:03.189+0000] {manager.py:740} INFO - There are 0 files in /opt/airflow/dags
[2026-08-30T10:21:03.139+0000] {manager.py:737} INFO - Searching for files in /opt/airflow/dags
[2026-08-30T10:21:03.145+0000] {manager.py:740} INFO - There are 0 files in /opt/airflow/dags
[2026-08-30T13:28:27.644+0000] {manager.py:737} INFO - Searching for files in /opt/airflow/dags
[2026-08-30T13:28:27.711+0000] {manager.py:740} INFO - There are 0 files in /opt/airflow/dags
[2026-08-30T13:43:18.636+0000] {manager.py:737} INFO - Searching for files in /opt/airflow/dags
[2026-08-30T13:43:19.999+0000] {manager.py:740} INFO - There are 0 files in /opt/airflow/dags
[2026-08-30T13:48:18.811+0000] {manager.py:737} INFO - Searching for files in /opt/airflow/dags
[2026-08-30T13:48:18.896+0000] {manager.py:740} INFO - There are 0 files in /opt/airflow/dags
[2026-08-30T13:53:19.662+0000] {manager.py:737} INFO - Searching for files in /opt/airflow/dags
[2026-08-30T13:53:19.669+0000] {manager.py:740} INFO - There are 0 files in /opt/airflow/dags
[2026-08-30T13:58:20.248+0000] {manager.py:737} INFO - Searching for files in /opt/airflow/dags
[2026-08-30T13:58:20.312+0000] {manager.py:740} INFO - There are 0 files in /opt/airflow/dags
[2026-08-30T14:03:21.223+0000] {manager.py:737} INFO - Searching for files in /opt/airflow/dags
[2026-08-30T14:03:21.354+0000] {manager.py:740} INFO - There are 0 files in /opt/airflow/dags
[2026-08-30T14:08:21.296+0000] {manager.py:737} INFO - Searching for files in /opt/airflow/dags
[2026-08-30T14:08:21.361+0000] {manager.py:740} INFO - There are 0 files in /opt/airflow/dags
[2026-08-30T14:13:22.147+0000] {manager.py:737} INFO - Searching for files in /opt/airflow/dags
[2026-08-30T14:13:22.234+0000] {manager.py:740} INFO - There are 0 files in /opt/airflow/dags
[2026-08-30T14:18:22.950+0000] {manager.py:737} INFO - Searching for files in /opt/airflow/dags
[2026-08-30T14:18:22.991+0000] {manager.py:740} INFO - There are 0 files in /opt/airflow/dags
[2026-08-30T14:25:04.531+0000] {manager.py:470} INFO - Processing files using up to 2 processes at a time 
[2026-08-30T14:25:04.533+0000] {manager.py:471} INFO - Process each file at most once every 30 seconds
[2026-08-30T14:25:04.543+0000] {manager.py:472} INFO - Checking for new files in /opt/airflow/dags every 300 seconds
[2026-08-30T14:25:04.545+0000] {manager.py:737} INFO - Searching for files in /opt/airflow/dags
[2026-08-30T14:25:04.571+0000] {manager.py:740} INFO - There are 0 files in /opt/airflow/dags
[2026-08-30T14:30:05.342+0000] {manager.py:737} INFO - Searching for files in /opt/airflow/dags
[2026-08-30T14:30:05.364+0000] {manager.py:740} INFO - There are 0 files in /opt/airflow/dags
[2026-08-30T14:35:06.025+0000] {manager.py:737} INFO - Searching for files in /opt/airflow/dags
[2026-08-30T14:35:06.083+0000] {manager.py:740} INFO - There are 0 files in /opt/airflow/dags
[2026-08-30T14:40:06.750+0000] {manager.py:737} INFO - Searching for files in /opt/airflow/dags
[2026-08-30T14:40:06.804+0000] {manager.py:740} INFO - There are 0 files in /opt/airflow/dags
[2026-08-30T14:45:07.589+0000] {manager.py:737} INFO - Searching for files in /opt/airflow/dags
[2026-08-30T14:45:07.602+0000] {manager.py:740} INFO - There are 0 files in /opt/airflow/dags
[2026-08-30T14:50:08.339+0000] {manager.py:737} INFO - Searching for files in /opt/airflow/dags
[2026-08-30T14:50:08.402+0000] {manager.py:740} INFO - There are 0 files in /opt/airflow/dags
[2026-08-30T15:15:39.961+0000] {manager.py:737} INFO - Searching for files in /opt/airflow/dags
[2026-08-30T15:15:40.190+0000] {manager.py:740} INFO - There are 0 files in /opt/airflow/dags
[2026-08-30T15:20:40.939+0000] {manager.py:737} INFO - Searching for files in /opt/airflow/dags
[2026-08-30T15:20:41.024+0000] {manager.py:740} INFO - There are 0 files in /opt/airflow/dags
[2026-08-30T15:25:41.588+0000] {manager.py:737} INFO - Searching for files in /opt/airflow/dags
[2026-08-30T15:25:41.624+0000] {manager.py:740} INFO - There are 0 files in /opt/airflow/dags
[2026-08-30T15:30:42.264+0000] {manager.py:737} INFO - Searching for files in /opt/airflow/dags
[2026-08-30T15:30:42.357+0000] {manager.py:740} INFO - There are 0 files in /opt/airflow/dags
[2026-08-30T15:35:43.145+0000] {manager.py:737} INFO - Searching for files in /opt/airflow/dags
[2026-08-30T15:35:43.159+0000] {manager.py:740} INFO - There are 0 files in /opt/airflow/dags
[2026-08-30T15:40:43.758+0000] {manager.py:737} INFO - Searching for files in /opt/airflow/dags
[2026-08-30T15:40:43.776+0000] {manager.py:740} INFO - There are 0 files in /opt/airflow/dags
[2026-08-30T15:45:44.461+0000] {manager.py:737} INFO - Searching for files in /opt/airflow/dags
[2026-08-30T15:45:44.488+0000] {manager.py:740} INFO - There are 0 files in /opt/airflow/dags
[2026-08-30T15:50:45.073+0000] {manager.py:737} INFO - Searching for files in /opt/airflow/dags
[2026-08-30T15:50:45.099+0000] {manager.py:740} INFO - There are 0 files in /opt/airflow/dags
[2026-08-30T16:20:46.282+0000] {manager.py:737} INFO - Searching for files in /opt/airflow/dags
[2026-08-30T16:20:46.415+0000] {manager.py:740} INFO - There are 0 files in /opt/airflow/dags
[2026-08-30T16:25:46.384+0000] {manager.py:737} INFO - Searching for files in /opt/airflow/dags
[2026-08-30T16:25:46.424+0000] {manager.py:740} INFO - There are 0 files in /opt/airflow/dags
[2026-08-30T16:30:47.023+0000] {manager.py:737} INFO - Searching for files in /opt/airflow/dags
[2026-08-30T16:30:47.055+0000] {manager.py:740} INFO - There are 0 files in /opt/airflow/dags
[2026-08-30T16:35:47.652+0000] {manager.py:737} INFO - Searching for files in /opt/airflow/dags
[2026-08-30T16:35:47.748+0000] {manager.py:740} INFO - There are 0 files in /opt/airflow/dags
[2026-08-30T16:40:48.203+0000] {manager.py:737} INFO - Searching for files in /opt/airflow/dags
[2026-08-30T16:40:48.280+0000] {manager.py:740} INFO - There are 0 files in /opt/airflow/dags
[2026-08-30T16:45:48.878+0000] {manager.py:737} INFO - Searching for files in /opt/airflow/dags
[2026-08-30T16:45:49.104+0000] {manager.py:740} INFO - There are 0 files in /opt/airflow/dags
[2026-08-30T16:50:49.673+0000] {manager.py:737} INFO - Searching for files in /opt/airflow/dags
[2026-08-30T16:50:49.700+0000] {manager.py:740} INFO - There are 0 files in /opt/airflow/dags
[2026-08-30T16:55:50.160+0000] {manager.py:737} INFO - Searching for files in /opt/airflow/dags
[2026-08-30T16:55:50.198+0000] {manager.py:740} INFO - There are 0 files in /opt/airflow/dags
[2026-08-30T17:00:50.681+0000] {manager.py:737} INFO - Searching for files in /opt/airflow/dags
[2026-08-30T17:00:50.704+0000] {manager.py:740} INFO - There are 0 files in /opt/airflow/dags
[2026-08-30T17:05:51.178+0000] {manager.py:737} INFO - Searching for files in /opt/airflow/dags
[2026-08-30T17:05:51.198+0000] {manager.py:740} INFO - There are 0 files in /opt/airflow/dags
[2026-08-30T17:10:51.810+0000] {manager.py:737} INFO - Searching for files in /opt/airflow/dags
[2026-08-30T17:10:51.832+0000] {manager.py:740} INFO - There are 0 files in /opt/airflow/dags
[2026-08-30T17:15:52.562+0000] {manager.py:737} INFO - Searching for files in /opt/airflow/dags
[2026-08-30T17:15:52.595+0000] {manager.py:740} INFO - There are 0 files in /opt/airflow/dags
[2026-08-30T17:20:53.356+0000] {manager.py:737} INFO - Searching for files in /opt/airflow/dags
[2026-08-30T17:20:53.374+0000] {manager.py:740} INFO - There are 0 files in /opt/airflow/dags
[2026-08-30T17:25:53.962+0000] {manager.py:737} INFO - Searching for files in /opt/airflow/dags
[2026-08-30T17:25:54.036+0000] {manager.py:740} INFO - There are 0 files in /opt/airflow/dags
[2026-08-30T17:30:54.733+0000] {manager.py:737} INFO - Searching for files in /opt/airflow/dags
[2026-08-30T17:30:54.814+0000] {manager.py:740} INFO - There are 0 files in /opt/airflow/dags
[2026-08-30T17:35:55.328+0000] {manager.py:737} INFO - Searching for files in /opt/airflow/dags
[2026-08-30T17:35:55.351+0000] {manager.py:740} INFO - There are 0 files in /opt/airflow/dags
[2026-08-30T17:40:55.847+0000] {manager.py:737} INFO - Searching for files in /opt/airflow/dags
[2026-08-30T17:40:55.924+0000] {manager.py:740} INFO - There are 0 files in /opt/airflow/dags
[2026-08-30T17:45:56.360+0000] {manager.py:737} INFO - Searching for files in /opt/airflow/dags
[2026-08-30T17:45:56.415+0000] {manager.py:740} INFO - There are 0 files in /opt/airflow/dags
[2026-08-30T17:50:57.104+0000] {manager.py:737} INFO - Searching for files in /opt/airflow/dags
[2026-08-30T17:50:57.140+0000] {manager.py:740} INFO - There are 0 files in /opt/airflow/dags
[2026-08-30T17:55:57.747+0000] {manager.py:737} INFO - Searching for files in /opt/airflow/dags
[2026-08-30T17:55:57.790+0000] {manager.py:740} INFO - There are 0 files in /opt/airflow/dags
[2026-08-30T18:00:58.376+0000] {manager.py:737} INFO - Searching for files in /opt/airflow/dags
[2026-08-30T18:00:58.411+0000] {manager.py:740} INFO - There are 0 files in /opt/airflow/dags
[2026-08-30T18:05:58.884+0000] {manager.py:737} INFO - Searching for files in /opt/airflow/dags
[2026-08-30T18:05:58.908+0000] {manager.py:740} INFO - There are 0 files in /opt/airflow/dags
[2026-08-30T18:10:59.474+0000] {manager.py:737} INFO - Searching for files in /opt/airflow/dags
[2026-08-30T18:10:59.544+0000] {manager.py:740} INFO - There are 0 files in /opt/airflow/dags
[2026-08-30T18:16:00.310+0000] {manager.py:737} INFO - Searching for files in /opt/airflow/dags
[2026-08-30T18:16:00.398+0000] {manager.py:740} INFO - There are 0 files in /opt/airflow/dags
[2026-08-30T18:29:10.400+0000] {manager.py:737} INFO - Searching for files in /opt/airflow/dags
[2026-08-30T18:29:10.500+0000] {manager.py:740} INFO - There are 0 files in /opt/airflow/dags
[2026-08-30T18:34:11.302+0000] {manager.py:737} INFO - Searching for files in /opt/airflow/dags
[2026-08-30T18:34:11.342+0000] {manager.py:740} INFO - There are 0 files in /opt/airflow/dags
[2026-08-30T18:39:11.789+0000] {manager.py:737} INFO - Searching for files in /opt/airflow/dags
[2026-08-30T18:39:11.859+0000] {manager.py:740} INFO - There are 0 files in /opt/airflow/dags
[2026-08-30T18:44:12.496+0000] {manager.py:737} INFO - Searching for files in /opt/airflow/dags
[2026-08-30T18:44:12.541+0000] {manager.py:740} INFO - There are 0 files in /opt/airflow/dags
[2026-08-30T18:49:13.056+0000] {manager.py:737} INFO - Searching for files in /opt/airflow/dags
[2026-08-30T18:49:13.092+0000] {manager.py:740} INFO - There are 0 files in /opt/airflow/dags
[2026-08-30T18:54:13.716+0000] {manager.py:737} INFO - Searching for files in /opt/airflow/dags
[2026-08-30T18:54:13.768+0000] {manager.py:740} INFO - There are 0 files in /opt/airflow/dags
[2026-08-30T18:59:14.626+0000] {manager.py:737} INFO - Searching for files in /opt/airflow/dags
[2026-08-30T18:59:14.645+0000] {manager.py:740} INFO - There are 0 files in /opt/airflow/dags
[2026-08-30T19:04:15.584+0000] {manager.py:737} INFO - Searching for files in /opt/airflow/dags
[2026-08-30T19:04:15.634+0000] {manager.py:740} INFO - There are 0 files in /opt/airflow/dags
[2026-08-30T19:09:16.228+0000] {manager.py:737} INFO - Searching for files in /opt/airflow/dags
[2026-08-30T19:09:16.323+0000] {manager.py:740} INFO - There are 0 files in /opt/airflow/dags
[2026-08-30T19:14:17.120+0000] {manager.py:737} INFO - Searching for files in /opt/airflow/dags
[2026-08-30T19:14:17.134+0000] {manager.py:740} INFO - There are 0 files in /opt/airflow/dags
[2026-08-30T19:19:17.934+0000] {manager.py:737} INFO - Searching for files in /opt/airflow/dags
[2026-08-30T19:19:18.025+0000] {manager.py:740} INFO - There are 0 files in /opt/airflow/dags
[2026-08-30T19:55:23.062+0000] {manager.py:737} INFO - Searching for files in /opt/airflow/dags
[2026-08-30T20:24:26.761+0000] {manager.py:740} INFO - There are 0 files in /opt/airflow/dags
[2026-08-30T20:24:27.977+0000] {manager.py:737} INFO - Searching for files in /opt/airflow/dags
[2026-08-30T20:24:28.253+0000] {manager.py:740} INFO - There are 0 files in /opt/airflow/dags
[2026-08-30T23:28:53.753+0000] {manager.py:737} INFO - Searching for files in /opt/airflow/dags
[2026-08-30T23:28:54.812+0000] {manager.py:740} INFO - There are 0 files in /opt/airflow/dags
[2026-09-03T03:49:02.039+0000] {manager.py:470} INFO - Processing files using up to 2 processes at a time 
[2026-09-03T03:49:02.041+0000] {manager.py:471} INFO - Process each file at most once every 30 seconds
[2026-09-03T03:49:02.044+0000] {manager.py:472} INFO - Checking for new files in /opt/airflow/dags every 300 seconds
[2026-09-03T03:49:02.046+0000] {manager.py:737} INFO - Searching for files in /opt/airflow/dags
[2026-09-03T03:49:02.114+0000] {manager.py:740} INFO - There are 4 files in /opt/airflow/dags
[2026-09-03T03:49:02.345+0000] {manager.py:878} INFO - 
================================================================================
DAG File Processing Stats

File Path                                 PID  Runtime      # DAGs    # Errors  Last Runtime    Last Run
--------------------------------------  -----  ---------  --------  ----------  --------------  ----------
/opt/airflow/dags/00_seed_demo_data.py    202  0.09s             0           0
/opt/airflow/dags/flaky_etl_dag.py        199  0.12s             0           0
/opt/airflow/dags/null_spike_dag.py                              0           0
/opt/airflow/dags/schema_drift_dag.py                            0           0
================================================================================
[2026-09-03T03:49:33.023+0000] {manager.py:878} INFO - 
================================================================================
DAG File Processing Stats

File Path                                 PID  Runtime      # DAGs    # Errors  Last Runtime    Last Run
--------------------------------------  -----  ---------  --------  ----------  --------------  -------------------
/opt/airflow/dags/null_spike_dag.py                              1           0  3.28s           2026-09-03T03:49:05
/opt/airflow/dags/flaky_etl_dag.py                               1           0  0.79s           2026-09-03T03:49:03
/opt/airflow/dags/schema_drift_dag.py                            1           0  0.57s           2026-09-03T03:49:03
/opt/airflow/dags/00_seed_demo_data.py    226  0.02s             0           1  0.16s           2026-09-03T03:49:02
================================================================================
[2026-09-03T03:50:03.300+0000] {manager.py:878} INFO - 
================================================================================
DAG File Processing Stats

File Path                                 PID  Runtime      # DAGs    # Errors  Last Runtime    Last Run
--------------------------------------  -----  ---------  --------  ----------  --------------  -------------------
/opt/airflow/dags/null_spike_dag.py                              1           0  0.69s           2026-09-03T03:49:37
/opt/airflow/dags/flaky_etl_dag.py                               1           0  0.26s           2026-09-03T03:49:33
/opt/airflow/dags/00_seed_demo_data.py    253  0.00s             0           1  0.22s           2026-09-03T03:49:33
/opt/airflow/dags/schema_drift_dag.py                            1           0  0.11s           2026-09-03T03:49:34
================================================================================
[2026-09-03T03:50:33.348+0000] {manager.py:878} INFO - 
================================================================================
DAG File Processing Stats

File Path                               PID    Runtime      # DAGs    # Errors  Last Runtime    Last Run
--------------------------------------  -----  ---------  --------  ----------  --------------  -------------------
/opt/airflow/dags/null_spike_dag.py                              1           0  0.41s           2026-09-03T03:50:08
/opt/airflow/dags/schema_drift_dag.py                            1           0  0.17s           2026-09-03T03:50:04
/opt/airflow/dags/flaky_etl_dag.py                               1           0  0.14s           2026-09-03T03:50:03
/opt/airflow/dags/00_seed_demo_data.py                           0           1  0.10s           2026-09-03T03:50:03
================================================================================
[2026-09-03T03:51:03.373+0000] {manager.py:878} INFO - 
================================================================================
DAG File Processing Stats

File Path                               PID    Runtime      # DAGs    # Errors  Last Runtime    Last Run
--------------------------------------  -----  ---------  --------  ----------  --------------  -------------------
/opt/airflow/dags/null_spike_dag.py                              1           0  0.80s           2026-09-03T03:50:39
/opt/airflow/dags/flaky_etl_dag.py                               1           0  0.38s           2026-09-03T03:50:34
/opt/airflow/dags/schema_drift_dag.py                            1           0  0.37s           2026-09-03T03:50:35
/opt/airflow/dags/00_seed_demo_data.py                           0           1  0.28s           2026-09-03T03:50:34
================================================================================
[2026-09-03T03:51:34.041+0000] {manager.py:878} INFO - 
================================================================================
DAG File Processing Stats

File Path                               PID    Runtime      # DAGs    # Errors  Last Runtime    Last Run
--------------------------------------  -----  ---------  --------  ----------  --------------  -------------------
/opt/airflow/dags/null_spike_dag.py                              1           0  0.31s           2026-09-03T03:51:09
/opt/airflow/dags/schema_drift_dag.py                            1           0  0.12s           2026-09-03T03:51:06
/opt/airflow/dags/flaky_etl_dag.py                               1           0  0.11s           2026-09-03T03:51:04
/opt/airflow/dags/00_seed_demo_data.py                           0           1  0.06s           2026-09-03T03:51:04
================================================================================
[2026-09-03T03:52:04.752+0000] {manager.py:878} INFO - 
================================================================================
DAG File Processing Stats

File Path                               PID    Runtime      # DAGs    # Errors  Last Runtime    Last Run
--------------------------------------  -----  ---------  --------  ----------  --------------  -------------------
/opt/airflow/dags/null_spike_dag.py                              1           0  0.31s           2026-09-03T03:51:40
/opt/airflow/dags/schema_drift_dag.py                            1           0  0.13s           2026-09-03T03:51:37
/opt/airflow/dags/flaky_etl_dag.py                               1           0  0.11s           2026-09-03T03:51:35
/opt/airflow/dags/00_seed_demo_data.py                           0           1  0.07s           2026-09-03T03:51:35
================================================================================
[2026-09-03T03:52:34.762+0000] {manager.py:878} INFO - 
================================================================================
DAG File Processing Stats

File Path                               PID    Runtime      # DAGs    # Errors  Last Runtime    Last Run
--------------------------------------  -----  ---------  --------  ----------  --------------  -------------------
/opt/airflow/dags/null_spike_dag.py                              1           0  0.41s           2026-09-03T03:52:11
/opt/airflow/dags/flaky_etl_dag.py                               1           0  0.12s           2026-09-03T03:52:05
/opt/airflow/dags/schema_drift_dag.py                            1           0  0.11s           2026-09-03T03:52:08
/opt/airflow/dags/00_seed_demo_data.py                           0           1  0.09s           2026-09-03T03:52:05
================================================================================
[2026-09-03T03:53:05.010+0000] {manager.py:878} INFO - 
================================================================================
DAG File Processing Stats

File Path                               PID    Runtime      # DAGs    # Errors  Last Runtime    Last Run
--------------------------------------  -----  ---------  --------  ----------  --------------  -------------------
/opt/airflow/dags/null_spike_dag.py                              1           0  0.50s           2026-09-03T03:52:42
/opt/airflow/dags/schema_drift_dag.py                            1           0  0.10s           2026-09-03T03:52:38
/opt/airflow/dags/flaky_etl_dag.py                               1           0  0.10s           2026-09-03T03:52:36
/opt/airflow/dags/00_seed_demo_data.py                           0           1  0.07s           2026-09-03T03:52:36
================================================================================
[2026-09-03T03:53:35.775+0000] {manager.py:878} INFO - 
================================================================================
DAG File Processing Stats

File Path                               PID    Runtime      # DAGs    # Errors  Last Runtime    Last Run
--------------------------------------  -----  ---------  --------  ----------  --------------  -------------------
/opt/airflow/dags/null_spike_dag.py                              1           0  0.33s           2026-09-03T03:53:12
/opt/airflow/dags/schema_drift_dag.py                            1           0  0.19s           2026-09-03T03:53:09
/opt/airflow/dags/flaky_etl_dag.py                               1           0  0.13s           2026-09-03T03:53:07
/opt/airflow/dags/00_seed_demo_data.py                           0           1  0.11s           2026-09-03T03:53:07
================================================================================
[2026-09-03T03:54:02.348+0000] {manager.py:737} INFO - Searching for files in /opt/airflow/dags
[2026-09-03T03:54:02.406+0000] {manager.py:740} INFO - There are 4 files in /opt/airflow/dags
[2026-09-03T03:54:06.483+0000] {manager.py:878} INFO - 
================================================================================
DAG File Processing Stats

File Path                               PID    Runtime      # DAGs    # Errors  Last Runtime    Last Run
--------------------------------------  -----  ---------  --------  ----------  --------------  -------------------
/opt/airflow/dags/null_spike_dag.py                              1           0  0.33s           2026-09-03T03:53:43
/opt/airflow/dags/flaky_etl_dag.py                               1           0  0.14s           2026-09-03T03:53:37
/opt/airflow/dags/schema_drift_dag.py                            1           0  0.11s           2026-09-03T03:53:40
/opt/airflow/dags/00_seed_demo_data.py                           0           1  0.07s           2026-09-03T03:53:37
================================================================================
[2026-09-03T03:54:37.157+0000] {manager.py:878} INFO - 
================================================================================
DAG File Processing Stats

File Path                               PID    Runtime      # DAGs    # Errors  Last Runtime    Last Run
--------------------------------------  -----  ---------  --------  ----------  --------------  -------------------
/opt/airflow/dags/null_spike_dag.py                              1           0  0.35s           2026-09-03T03:54:14
/opt/airflow/dags/flaky_etl_dag.py                               1           0  0.12s           2026-09-03T03:54:08
/opt/airflow/dags/schema_drift_dag.py                            1           0  0.10s           2026-09-03T03:54:10
/opt/airflow/dags/00_seed_demo_data.py                           0           1  0.10s           2026-09-03T03:54:08
================================================================================
[2026-09-03T03:55:07.777+0000] {manager.py:878} INFO - 
================================================================================
DAG File Processing Stats

File Path                               PID    Runtime      # DAGs    # Errors  Last Runtime    Last Run
--------------------------------------  -----  ---------  --------  ----------  --------------  -------------------
/opt/airflow/dags/null_spike_dag.py                              1           0  0.44s           2026-09-03T03:54:44
/opt/airflow/dags/schema_drift_dag.py                            1           0  0.13s           2026-09-03T03:54:41
/opt/airflow/dags/flaky_etl_dag.py                               1           0  0.12s           2026-09-03T03:54:39
/opt/airflow/dags/00_seed_demo_data.py                           0           1  0.08s           2026-09-03T03:54:39
================================================================================
[2026-09-03T03:55:37.816+0000] {manager.py:878} INFO - 
================================================================================
DAG File Processing Stats

File Path                               PID    Runtime      # DAGs    # Errors  Last Runtime    Last Run
--------------------------------------  -----  ---------  --------  ----------  --------------  -------------------
/opt/airflow/dags/null_spike_dag.py                              1           0  0.48s           2026-09-03T03:55:15
/opt/airflow/dags/schema_drift_dag.py                            1           0  0.16s           2026-09-03T03:55:12
/opt/airflow/dags/flaky_etl_dag.py                               1           0  0.12s           2026-09-03T03:55:09
/opt/airflow/dags/00_seed_demo_data.py                           0           1  0.07s           2026-09-03T03:55:09
================================================================================
[2026-09-03T03:56:08.141+0000] {manager.py:878} INFO - 
================================================================================
DAG File Processing Stats

File Path                               PID    Runtime      # DAGs    # Errors  Last Runtime    Last Run
--------------------------------------  -----  ---------  --------  ----------  --------------  -------------------
/opt/airflow/dags/null_spike_dag.py                              1           0  0.44s           2026-09-03T03:55:46
/opt/airflow/dags/flaky_etl_dag.py                               1           0  0.15s           2026-09-03T03:55:40
/opt/airflow/dags/schema_drift_dag.py                            1           0  0.14s           2026-09-03T03:55:42
/opt/airflow/dags/00_seed_demo_data.py                           0           1  0.12s           2026-09-03T03:55:40
================================================================================
[2026-09-03T03:56:38.775+0000] {manager.py:878} INFO - 
================================================================================
DAG File Processing Stats

File Path                               PID    Runtime      # DAGs    # Errors  Last Runtime    Last Run
--------------------------------------  -----  ---------  --------  ----------  --------------  -------------------
/opt/airflow/dags/null_spike_dag.py                              1           0  0.31s           2026-09-03T03:56:16
/opt/airflow/dags/flaky_etl_dag.py                               1           0  0.19s           2026-09-03T03:56:11
/opt/airflow/dags/00_seed_demo_data.py                           0           1  0.14s           2026-09-03T03:56:11
/opt/airflow/dags/schema_drift_dag.py                            1           0  0.12s           2026-09-03T03:56:13
================================================================================
[2026-09-03T03:57:09.388+0000] {manager.py:878} INFO - 
================================================================================
DAG File Processing Stats

File Path                               PID    Runtime      # DAGs    # Errors  Last Runtime    Last Run
--------------------------------------  -----  ---------  --------  ----------  --------------  -------------------
/opt/airflow/dags/null_spike_dag.py                              1           0  0.43s           2026-09-03T03:56:47
/opt/airflow/dags/flaky_etl_dag.py                               1           0  0.11s           2026-09-03T03:56:41
/opt/airflow/dags/schema_drift_dag.py                            1           0  0.10s           2026-09-03T03:56:44
/opt/airflow/dags/00_seed_demo_data.py                           0           1  0.07s           2026-09-03T03:56:41
================================================================================
[2026-09-03T03:57:39.387+0000] {manager.py:878} INFO - 
================================================================================
DAG File Processing Stats

File Path                               PID    Runtime      # DAGs    # Errors  Last Runtime    Last Run
--------------------------------------  -----  ---------  --------  ----------  --------------  -------------------
/opt/airflow/dags/null_spike_dag.py                              1           0  0.44s           2026-09-03T03:57:18
/opt/airflow/dags/flaky_etl_dag.py                               1           0  0.12s           2026-09-03T03:57:12
/opt/airflow/dags/schema_drift_dag.py                            1           0  0.12s           2026-09-03T03:57:14
/opt/airflow/dags/00_seed_demo_data.py                           0           1  0.07s           2026-09-03T03:57:12
================================================================================
[2026-09-03T03:58:09.531+0000] {manager.py:878} INFO - 
================================================================================
DAG File Processing Stats

File Path                               PID    Runtime      # DAGs    # Errors  Last Runtime    Last Run
--------------------------------------  -----  ---------  --------  ----------  --------------  -------------------
/opt/airflow/dags/null_spike_dag.py                              1           0  0.91s           2026-09-03T03:57:49
/opt/airflow/dags/flaky_etl_dag.py                               1           0  0.12s           2026-09-03T03:57:43
/opt/airflow/dags/schema_drift_dag.py                            1           0  0.11s           2026-09-03T03:57:45
/opt/airflow/dags/00_seed_demo_data.py                           0           1  0.07s           2026-09-03T03:57:43
================================================================================
[2026-09-03T03:58:40.176+0000] {manager.py:878} INFO - 
================================================================================
DAG File Processing Stats

File Path                               PID    Runtime      # DAGs    # Errors  Last Runtime    Last Run
--------------------------------------  -----  ---------  --------  ----------  --------------  -------------------
/opt/airflow/dags/null_spike_dag.py                              1           0  0.37s           2026-09-03T03:58:20
/opt/airflow/dags/flaky_etl_dag.py                               1           0  0.13s           2026-09-03T03:58:13
/opt/airflow/dags/schema_drift_dag.py                            1           0  0.10s           2026-09-03T03:58:15
/opt/airflow/dags/00_seed_demo_data.py                           0           1  0.08s           2026-09-03T03:58:13
================================================================================
[2026-09-03T03:59:02.674+0000] {manager.py:737} INFO - Searching for files in /opt/airflow/dags
[2026-09-03T03:59:02.723+0000] {manager.py:740} INFO - There are 4 files in /opt/airflow/dags
[2026-09-03T03:59:10.237+0000] {manager.py:878} INFO - 
================================================================================
DAG File Processing Stats

File Path                               PID    Runtime      # DAGs    # Errors  Last Runtime    Last Run
--------------------------------------  -----  ---------  --------  ----------  --------------  -------------------
/opt/airflow/dags/null_spike_dag.py                              1           0  0.44s           2026-09-03T03:58:50
/opt/airflow/dags/flaky_etl_dag.py                               1           0  0.14s           2026-09-03T03:58:44
/opt/airflow/dags/schema_drift_dag.py                            1           0  0.11s           2026-09-03T03:58:46
/opt/airflow/dags/00_seed_demo_data.py                           0           1  0.08s           2026-09-03T03:58:44
================================================================================
[2026-09-03T03:59:40.505+0000] {manager.py:878} INFO - 
================================================================================
DAG File Processing Stats

File Path                               PID    Runtime      # DAGs    # Errors  Last Runtime    Last Run
--------------------------------------  -----  ---------  --------  ----------  --------------  -------------------
/opt/airflow/dags/null_spike_dag.py                              1           0  0.60s           2026-09-03T03:59:21
/opt/airflow/dags/flaky_etl_dag.py                               1           0  0.11s           2026-09-03T03:59:15
/opt/airflow/dags/schema_drift_dag.py                            1           0  0.11s           2026-09-03T03:59:17
/opt/airflow/dags/00_seed_demo_data.py                           0           1  0.06s           2026-09-03T03:59:15
================================================================================
[2026-09-03T04:00:10.584+0000] {manager.py:878} INFO - 
================================================================================
DAG File Processing Stats

File Path                               PID    Runtime      # DAGs    # Errors  Last Runtime    Last Run
--------------------------------------  -----  ---------  --------  ----------  --------------  -------------------
/opt/airflow/dags/null_spike_dag.py                              1           0  0.57s           2026-09-03T03:59:52
/opt/airflow/dags/schema_drift_dag.py                            1           0  0.14s           2026-09-03T03:59:47
/opt/airflow/dags/flaky_etl_dag.py                               1           0  0.11s           2026-09-03T03:59:45
/opt/airflow/dags/00_seed_demo_data.py                           0           1  0.07s           2026-09-03T03:59:45
================================================================================
[2026-09-03T04:00:41.269+0000] {manager.py:878} INFO - 
================================================================================
DAG File Processing Stats

File Path                               PID    Runtime      # DAGs    # Errors  Last Runtime    Last Run
--------------------------------------  -----  ---------  --------  ----------  --------------  -------------------
/opt/airflow/dags/null_spike_dag.py                              1           0  0.35s           2026-09-03T04:00:23
/opt/airflow/dags/schema_drift_dag.py                            1           0  0.18s           2026-09-03T04:00:17
/opt/airflow/dags/flaky_etl_dag.py                               1           0  0.15s           2026-09-03T04:00:15
/opt/airflow/dags/00_seed_demo_data.py                           0           1  0.10s           2026-09-03T04:00:15
================================================================================
[2026-09-03T04:01:11.456+0000] {manager.py:878} INFO - 
================================================================================
DAG File Processing Stats

File Path                               PID    Runtime      # DAGs    # Errors  Last Runtime    Last Run
--------------------------------------  -----  ---------  --------  ----------  --------------  -------------------
/opt/airflow/dags/null_spike_dag.py                              1           0  0.61s           2026-09-03T04:00:54
/opt/airflow/dags/schema_drift_dag.py                            1           0  0.14s           2026-09-03T04:00:48
/opt/airflow/dags/flaky_etl_dag.py                               1           0  0.13s           2026-09-03T04:00:46
/opt/airflow/dags/00_seed_demo_data.py                           0           1  0.08s           2026-09-03T04:00:46
================================================================================
[2026-09-03T04:01:42.125+0000] {manager.py:878} INFO - 
================================================================================
DAG File Processing Stats

File Path                               PID    Runtime      # DAGs    # Errors  Last Runtime    Last Run
--------------------------------------  -----  ---------  --------  ----------  --------------  -------------------
/opt/airflow/dags/null_spike_dag.py                              1           0  0.42s           2026-09-03T04:01:25
/opt/airflow/dags/schema_drift_dag.py                            1           0  0.11s           2026-09-03T04:01:18
/opt/airflow/dags/flaky_etl_dag.py                               1           0  0.11s           2026-09-03T04:01:16
/opt/airflow/dags/00_seed_demo_data.py                           0           1  0.06s           2026-09-03T04:01:16
================================================================================
[2026-09-03T04:02:12.173+0000] {manager.py:878} INFO - 
================================================================================
DAG File Processing Stats

File Path                               PID    Runtime      # DAGs    # Errors  Last Runtime    Last Run
--------------------------------------  -----  ---------  --------  ----------  --------------  -------------------
/opt/airflow/dags/null_spike_dag.py                              1           0  0.42s           2026-09-03T04:01:55
/opt/airflow/dags/flaky_etl_dag.py                               1           0  0.12s           2026-09-03T04:01:47
/opt/airflow/dags/schema_drift_dag.py                            1           0  0.11s           2026-09-03T04:01:49
/opt/airflow/dags/00_seed_demo_data.py                           0           1  0.09s           2026-09-03T04:01:47
================================================================================
[2026-09-03T04:02:42.445+0000] {manager.py:878} INFO - 
================================================================================
DAG File Processing Stats

File Path                               PID    Runtime      # DAGs    # Errors  Last Runtime    Last Run
--------------------------------------  -----  ---------  --------  ----------  --------------  -------------------
/opt/airflow/dags/null_spike_dag.py                              1           0  0.43s           2026-09-03T04:02:26
/opt/airflow/dags/flaky_etl_dag.py                               1           0  0.11s           2026-09-03T04:02:17
/opt/airflow/dags/schema_drift_dag.py                            1           0  0.10s           2026-09-03T04:02:20
/opt/airflow/dags/00_seed_demo_data.py                           0           1  0.07s           2026-09-03T04:02:17
================================================================================
[2026-09-03T04:03:12.502+0000] {manager.py:878} INFO - 
================================================================================
DAG File Processing Stats

File Path                               PID    Runtime      # DAGs    # Errors  Last Runtime    Last Run
--------------------------------------  -----  ---------  --------  ----------  --------------  -------------------
/opt/airflow/dags/null_spike_dag.py                              1           0  0.48s           2026-09-03T04:02:57
/opt/airflow/dags/flaky_etl_dag.py                               1           0  0.11s           2026-09-03T04:02:48
/opt/airflow/dags/schema_drift_dag.py                            1           0  0.11s           2026-09-03T04:02:50
/opt/airflow/dags/00_seed_demo_data.py                           0           1  0.07s           2026-09-03T04:02:48
================================================================================
[2026-09-03T04:03:42.762+0000] {manager.py:878} INFO - 
================================================================================
DAG File Processing Stats

File Path                               PID    Runtime      # DAGs    # Errors  Last Runtime    Last Run
--------------------------------------  -----  ---------  --------  ----------  --------------  -------------------
/opt/airflow/dags/null_spike_dag.py                              1           0  0.46s           2026-09-03T04:03:27
/opt/airflow/dags/flaky_etl_dag.py                               1           0  0.11s           2026-09-03T04:03:19
/opt/airflow/dags/schema_drift_dag.py                            1           0  0.10s           2026-09-03T04:03:21
/opt/airflow/dags/00_seed_demo_data.py                           0           1  0.07s           2026-09-03T04:03:19
================================================================================
[2026-09-03T04:04:02.682+0000] {manager.py:737} INFO - Searching for files in /opt/airflow/dags
[2026-09-03T04:04:02.724+0000] {manager.py:740} INFO - There are 4 files in /opt/airflow/dags
[2026-09-03T04:04:12.842+0000] {manager.py:878} INFO - 
================================================================================
DAG File Processing Stats

File Path                               PID    Runtime      # DAGs    # Errors  Last Runtime    Last Run
--------------------------------------  -----  ---------  --------  ----------  --------------  -------------------
/opt/airflow/dags/null_spike_dag.py                              1           0  0.47s           2026-09-03T04:03:58
/opt/airflow/dags/flaky_etl_dag.py                               1           0  0.15s           2026-09-03T04:03:50
/opt/airflow/dags/schema_drift_dag.py                            1           0  0.14s           2026-09-03T04:03:52
/opt/airflow/dags/00_seed_demo_data.py                           0           1  0.06s           2026-09-03T04:03:49
================================================================================
[2026-09-03T04:04:43.172+0000] {manager.py:878} INFO - 
================================================================================
DAG File Processing Stats

File Path                               PID    Runtime      # DAGs    # Errors  Last Runtime    Last Run
--------------------------------------  -----  ---------  --------  ----------  --------------  -------------------
/opt/airflow/dags/null_spike_dag.py                              1           0  0.47s           2026-09-03T04:04:29
/opt/airflow/dags/schema_drift_dag.py                            1           0  0.13s           2026-09-03T04:04:22
/opt/airflow/dags/flaky_etl_dag.py                               1           0  0.11s           2026-09-03T04:04:20
/opt/airflow/dags/00_seed_demo_data.py                           0           1  0.07s           2026-09-03T04:04:20
================================================================================
[2026-09-03T04:05:13.728+0000] {manager.py:878} INFO - 
================================================================================
DAG File Processing Stats

File Path                               PID    Runtime      # DAGs    # Errors  Last Runtime    Last Run
--------------------------------------  -----  ---------  --------  ----------  --------------  -------------------
/opt/airflow/dags/null_spike_dag.py                              1           0  0.45s           2026-09-03T04:04:59
/opt/airflow/dags/flaky_etl_dag.py                               1           0  0.15s           2026-09-03T04:04:51
/opt/airflow/dags/00_seed_demo_data.py                           0           1  0.12s           2026-09-03T04:04:51
/opt/airflow/dags/schema_drift_dag.py                            1           0  0.10s           2026-09-03T04:04:53
================================================================================
[2026-09-03T04:05:43.737+0000] {manager.py:878} INFO - 
================================================================================
DAG File Processing Stats

File Path                               PID    Runtime      # DAGs    # Errors  Last Runtime    Last Run
--------------------------------------  -----  ---------  --------  ----------  --------------  -------------------
/opt/airflow/dags/null_spike_dag.py                              1           0  0.46s           2026-09-03T04:05:30
/opt/airflow/dags/schema_drift_dag.py                            1           0  0.14s           2026-09-03T04:05:24
/opt/airflow/dags/flaky_etl_dag.py                               1           0  0.12s           2026-09-03T04:05:21
/opt/airflow/dags/00_seed_demo_data.py                           0           1  0.07s           2026-09-03T04:05:21
================================================================================
[2026-09-03T04:06:14.170+0000] {manager.py:878} INFO - 
================================================================================
DAG File Processing Stats

File Path                               PID    Runtime      # DAGs    # Errors  Last Runtime    Last Run
--------------------------------------  -----  ---------  --------  ----------  --------------  -------------------
/opt/airflow/dags/null_spike_dag.py                              1           0  0.43s           2026-09-03T04:06:01
/opt/airflow/dags/flaky_etl_dag.py                               1           0  0.16s           2026-09-03T04:05:52
/opt/airflow/dags/00_seed_demo_data.py                           0           1  0.12s           2026-09-03T04:05:52
/opt/airflow/dags/schema_drift_dag.py                            1           0  0.11s           2026-09-03T04:05:54
================================================================================
[2026-09-03T04:06:44.420+0000] {manager.py:878} INFO - 
================================================================================
DAG File Processing Stats

File Path                               PID    Runtime      # DAGs    # Errors  Last Runtime    Last Run
--------------------------------------  -----  ---------  --------  ----------  --------------  -------------------
/opt/airflow/dags/null_spike_dag.py                              1           0  0.57s           2026-09-03T04:06:32
/opt/airflow/dags/flaky_etl_dag.py                               1           0  0.14s           2026-09-03T04:06:23
/opt/airflow/dags/00_seed_demo_data.py                           0           1  0.12s           2026-09-03T04:06:23
/opt/airflow/dags/schema_drift_dag.py                            1           0  0.11s           2026-09-03T04:06:25
================================================================================
[2026-09-03T04:07:14.448+0000] {manager.py:878} INFO - 
================================================================================
DAG File Processing Stats

File Path                               PID    Runtime      # DAGs    # Errors  Last Runtime    Last Run
--------------------------------------  -----  ---------  --------  ----------  --------------  -------------------
/opt/airflow/dags/null_spike_dag.py                              1           0  0.42s           2026-09-03T04:07:03
/opt/airflow/dags/flaky_etl_dag.py                               1           0  0.13s           2026-09-03T04:06:53
/opt/airflow/dags/00_seed_demo_data.py                           0           1  0.11s           2026-09-03T04:06:53
/opt/airflow/dags/schema_drift_dag.py                            1           0  0.11s           2026-09-03T04:06:55
================================================================================
[2026-09-03T04:07:44.754+0000] {manager.py:878} INFO - 
================================================================================
DAG File Processing Stats

File Path                               PID    Runtime      # DAGs    # Errors  Last Runtime    Last Run
--------------------------------------  -----  ---------  --------  ----------  --------------  -------------------
/opt/airflow/dags/null_spike_dag.py                              1           0  0.48s           2026-09-03T04:07:33
/opt/airflow/dags/flaky_etl_dag.py                               1           0  0.12s           2026-09-03T04:07:24
/opt/airflow/dags/schema_drift_dag.py                            1           0  0.10s           2026-09-03T04:07:26
/opt/airflow/dags/00_seed_demo_data.py                           0           1  0.07s           2026-09-03T04:07:24
================================================================================
[2026-09-03T04:08:14.919+0000] {manager.py:878} INFO - 
================================================================================
DAG File Processing Stats

File Path                               PID    Runtime      # DAGs    # Errors  Last Runtime    Last Run
--------------------------------------  -----  ---------  --------  ----------  --------------  -------------------
/opt/airflow/dags/null_spike_dag.py                              1           0  0.53s           2026-09-03T04:08:04
/opt/airflow/dags/schema_drift_dag.py                            1           0  0.14s           2026-09-03T04:07:57
/opt/airflow/dags/flaky_etl_dag.py                               1           0  0.11s           2026-09-03T04:07:55
/opt/airflow/dags/00_seed_demo_data.py                           0           1  0.09s           2026-09-03T04:07:55
================================================================================
[2026-09-03T04:08:45.620+0000] {manager.py:878} INFO - 
================================================================================
DAG File Processing Stats

File Path                               PID    Runtime      # DAGs    # Errors  Last Runtime    Last Run
--------------------------------------  -----  ---------  --------  ----------  --------------  -------------------
/opt/airflow/dags/null_spike_dag.py                              1           0  0.41s           2026-09-03T04:08:35
/opt/airflow/dags/flaky_etl_dag.py                               1           0  0.11s           2026-09-03T04:08:25
/opt/airflow/dags/schema_drift_dag.py                            1           0  0.11s           2026-09-03T04:08:27
/opt/airflow/dags/00_seed_demo_data.py                           0           1  0.07s           2026-09-03T04:08:25
================================================================================
[2026-09-03T04:09:02.990+0000] {manager.py:737} INFO - Searching for files in /opt/airflow/dags
[2026-09-03T04:09:03.045+0000] {manager.py:740} INFO - There are 4 files in /opt/airflow/dags
[2026-09-03T04:09:15.662+0000] {manager.py:878} INFO - 
================================================================================
DAG File Processing Stats

File Path                               PID    Runtime      # DAGs    # Errors  Last Runtime    Last Run
--------------------------------------  -----  ---------  --------  ----------  --------------  -------------------
/opt/airflow/dags/null_spike_dag.py                              1           0  0.41s           2026-09-03T04:09:06
/opt/airflow/dags/flaky_etl_dag.py                               1           0  0.11s           2026-09-03T04:08:55
/opt/airflow/dags/schema_drift_dag.py                            1           0  0.10s           2026-09-03T04:08:58
/opt/airflow/dags/00_seed_demo_data.py                           0           1  0.07s           2026-09-03T04:08:55
================================================================================
[2026-09-03T04:09:45.963+0000] {manager.py:878} INFO - 
================================================================================
DAG File Processing Stats

File Path                               PID    Runtime      # DAGs    # Errors  Last Runtime    Last Run
--------------------------------------  -----  ---------  --------  ----------  --------------  -------------------
/opt/airflow/dags/null_spike_dag.py                              1           0  0.43s           2026-09-03T04:09:37
/opt/airflow/dags/00_seed_demo_data.py                           0           1  0.11s           2026-09-03T04:09:26
/opt/airflow/dags/schema_drift_dag.py                            1           0  0.11s           2026-09-03T04:09:28
/opt/airflow/dags/flaky_etl_dag.py                               1           0  0.10s           2026-09-03T04:09:26
================================================================================
[2026-09-03T04:10:16.039+0000] {manager.py:878} INFO - 
================================================================================
DAG File Processing Stats

File Path                               PID    Runtime      # DAGs    # Errors  Last Runtime    Last Run
--------------------------------------  -----  ---------  --------  ----------  --------------  -------------------
/opt/airflow/dags/null_spike_dag.py                              1           0  0.47s           2026-09-03T04:10:07
/opt/airflow/dags/schema_drift_dag.py                            1           0  0.11s           2026-09-03T04:09:59
/opt/airflow/dags/flaky_etl_dag.py                               1           0  0.11s           2026-09-03T04:09:57
/opt/airflow/dags/00_seed_demo_data.py                           0           1  0.07s           2026-09-03T04:09:57
================================================================================
[2026-09-03T04:10:46.366+0000] {manager.py:878} INFO - 
================================================================================
DAG File Processing Stats

File Path                               PID    Runtime      # DAGs    # Errors  Last Runtime    Last Run
--------------------------------------  -----  ---------  --------  ----------  --------------  -------------------
/opt/airflow/dags/null_spike_dag.py                              1           0  0.44s           2026-09-03T04:10:38
/opt/airflow/dags/schema_drift_dag.py                            1           0  0.15s           2026-09-03T04:10:30
/opt/airflow/dags/flaky_etl_dag.py                               1           0  0.13s           2026-09-03T04:10:27
/opt/airflow/dags/00_seed_demo_data.py                           0           1  0.06s           2026-09-03T04:10:27
================================================================================
[2026-09-03T04:14:15.654+0000] {manager.py:737} INFO - Searching for files in /opt/airflow/dags
[2026-09-03T04:14:15.889+0000] {manager.py:740} INFO - There are 4 files in /opt/airflow/dags
[2026-09-03T04:14:21.268+0000] {manager.py:878} INFO - 
================================================================================
DAG File Processing Stats

File Path                               PID    Runtime      # DAGs    # Errors  Last Runtime    Last Run
--------------------------------------  -----  ---------  --------  ----------  --------------  -------------------
/opt/airflow/dags/null_spike_dag.py                              1           0  1.23s           2026-09-03T04:14:17
/opt/airflow/dags/flaky_etl_dag.py                               1           0  1.09s           2026-09-03T04:14:17
/opt/airflow/dags/00_seed_demo_data.py                           0           1  0.57s           2026-09-03T04:14:16
/opt/airflow/dags/schema_drift_dag.py                            1           0  0.19s           2026-09-03T04:14:17
================================================================================
[2026-09-03T04:14:51.526+0000] {manager.py:878} INFO - 
================================================================================
DAG File Processing Stats

File Path                               PID    Runtime      # DAGs    # Errors  Last Runtime    Last Run
--------------------------------------  -----  ---------  --------  ----------  --------------  -------------------
/opt/airflow/dags/null_spike_dag.py                              1           0  0.45s           2026-09-03T04:14:48
/opt/airflow/dags/flaky_etl_dag.py                               1           0  0.13s           2026-09-03T04:14:47
/opt/airflow/dags/schema_drift_dag.py                            1           0  0.11s           2026-09-03T04:14:47
/opt/airflow/dags/00_seed_demo_data.py                           0           1  0.08s           2026-09-03T04:14:47
================================================================================
[2026-09-03T04:15:22.078+0000] {manager.py:878} INFO - 
================================================================================
DAG File Processing Stats

File Path                               PID    Runtime      # DAGs    # Errors  Last Runtime    Last Run
--------------------------------------  -----  ---------  --------  ----------  --------------  -------------------
/opt/airflow/dags/null_spike_dag.py                              1           0  0.48s           2026-09-03T04:15:19
/opt/airflow/dags/flaky_etl_dag.py                               1           0  0.17s           2026-09-03T04:15:17
/opt/airflow/dags/schema_drift_dag.py                            1           0  0.14s           2026-09-03T04:15:18
/opt/airflow/dags/00_seed_demo_data.py                           0           1  0.11s           2026-09-03T04:15:17
================================================================================
[2026-09-03T04:15:52.640+0000] {manager.py:878} INFO - 
================================================================================
DAG File Processing Stats

File Path                               PID    Runtime      # DAGs    # Errors  Last Runtime    Last Run
--------------------------------------  -----  ---------  --------  ----------  --------------  -------------------
/opt/airflow/dags/null_spike_dag.py                              1           0  0.46s           2026-09-03T04:15:49
/opt/airflow/dags/schema_drift_dag.py                            1           0  0.13s           2026-09-03T04:15:48
/opt/airflow/dags/flaky_etl_dag.py                               1           0  0.12s           2026-09-03T04:15:48
/opt/airflow/dags/00_seed_demo_data.py                           0           1  0.07s           2026-09-03T04:15:48
================================================================================
[2026-09-03T04:16:22.737+0000] {manager.py:878} INFO - 
================================================================================
DAG File Processing Stats

File Path                               PID    Runtime      # DAGs    # Errors  Last Runtime    Last Run
--------------------------------------  -----  ---------  --------  ----------  --------------  -------------------
/opt/airflow/dags/null_spike_dag.py                              1           0  0.59s           2026-09-03T04:16:20
/opt/airflow/dags/schema_drift_dag.py                            1           0  0.14s           2026-09-03T04:16:19
/opt/airflow/dags/flaky_etl_dag.py                               1           0  0.14s           2026-09-03T04:16:19
/opt/airflow/dags/00_seed_demo_data.py                           0           1  0.08s           2026-09-03T04:16:19
================================================================================
[2026-09-03T04:16:52.792+0000] {manager.py:878} INFO - 
================================================================================
DAG File Processing Stats

File Path                               PID    Runtime      # DAGs    # Errors  Last Runtime    Last Run
--------------------------------------  -----  ---------  --------  ----------  --------------  -------------------
/opt/airflow/dags/null_spike_dag.py                              1           0  0.44s           2026-09-03T04:16:51
/opt/airflow/dags/flaky_etl_dag.py                               1           0  0.12s           2026-09-03T04:16:49
/opt/airflow/dags/schema_drift_dag.py                            1           0  0.11s           2026-09-03T04:16:49
/opt/airflow/dags/00_seed_demo_data.py                           0           1  0.07s           2026-09-03T04:16:49
================================================================================
[2026-09-03T04:17:23.019+0000] {manager.py:878} INFO - 
================================================================================
DAG File Processing Stats

File Path                               PID    Runtime      # DAGs    # Errors  Last Runtime    Last Run
--------------------------------------  -----  ---------  --------  ----------  --------------  -------------------
/opt/airflow/dags/null_spike_dag.py                              1           0  0.58s           2026-09-03T04:17:22
/opt/airflow/dags/flaky_etl_dag.py                               1           0  0.12s           2026-09-03T04:17:19
/opt/airflow/dags/schema_drift_dag.py                            1           0  0.11s           2026-09-03T04:17:19
/opt/airflow/dags/00_seed_demo_data.py                           0           1  0.08s           2026-09-03T04:17:19
================================================================================
[2026-09-03T04:17:53.034+0000] {manager.py:878} INFO - 
================================================================================
DAG File Processing Stats

File Path                               PID    Runtime      # DAGs    # Errors  Last Runtime    Last Run
--------------------------------------  -----  ---------  --------  ----------  --------------  -------------------
/opt/airflow/dags/null_spike_dag.py                              1           0  0.47s           2026-09-03T04:17:53
/opt/airflow/dags/schema_drift_dag.py                            1           0  0.17s           2026-09-03T04:17:50
/opt/airflow/dags/flaky_etl_dag.py                               1           0  0.12s           2026-09-03T04:17:50
/opt/airflow/dags/00_seed_demo_data.py                           0           1  0.07s           2026-09-03T04:17:50
================================================================================
[2026-09-03T04:18:23.181+0000] {manager.py:878} INFO - 
================================================================================
DAG File Processing Stats

File Path                                 PID  Runtime      # DAGs    # Errors  Last Runtime    Last Run
--------------------------------------  -----  ---------  --------  ----------  --------------  -------------------
/opt/airflow/dags/null_spike_dag.py      1620  0.00s             1           0  0.47s           2026-09-03T04:17:53
/opt/airflow/dags/flaky_etl_dag.py                               1           0  0.11s           2026-09-03T04:18:21
/opt/airflow/dags/schema_drift_dag.py                            1           0  0.11s           2026-09-03T04:18:21
/opt/airflow/dags/00_seed_demo_data.py                           0           1  0.07s           2026-09-03T04:18:21
================================================================================
[2026-09-03T04:18:53.841+0000] {manager.py:878} INFO - 
================================================================================
DAG File Processing Stats

File Path                                 PID  Runtime      # DAGs    # Errors  Last Runtime    Last Run
--------------------------------------  -----  ---------  --------  ----------  --------------  -------------------
/opt/airflow/dags/null_spike_dag.py      1647  0.00s             1           0  0.42s           2026-09-03T04:18:23
/opt/airflow/dags/00_seed_demo_data.py                           0           1  0.13s           2026-09-03T04:18:51
/opt/airflow/dags/flaky_etl_dag.py                               1           0  0.12s           2026-09-03T04:18:51
/opt/airflow/dags/schema_drift_dag.py                            1           0  0.11s           2026-09-03T04:18:51
================================================================================
[2026-09-03T04:19:16.195+0000] {manager.py:737} INFO - Searching for files in /opt/airflow/dags
[2026-09-03T04:19:16.237+0000] {manager.py:740} INFO - There are 4 files in /opt/airflow/dags
[2026-09-03T04:19:24.521+0000] {manager.py:878} INFO - 
================================================================================
DAG File Processing Stats

File Path                                 PID  Runtime      # DAGs    # Errors  Last Runtime    Last Run
--------------------------------------  -----  ---------  --------  ----------  --------------  -------------------
/opt/airflow/dags/null_spike_dag.py      1688  0.01s             1           0  0.50s           2026-09-03T04:18:54
/opt/airflow/dags/flaky_etl_dag.py                               1           0  0.12s           2026-09-03T04:19:22
/opt/airflow/dags/schema_drift_dag.py                            1           0  0.12s           2026-09-03T04:19:22
/opt/airflow/dags/00_seed_demo_data.py                           0           1  0.07s           2026-09-03T04:19:22
================================================================================
[2026-09-03T04:19:54.695+0000] {manager.py:878} INFO - 
================================================================================
DAG File Processing Stats

File Path                               PID    Runtime      # DAGs    # Errors  Last Runtime    Last Run
--------------------------------------  -----  ---------  --------  ----------  --------------  -------------------
/opt/airflow/dags/null_spike_dag.py                              1           0  0.54s           2026-09-03T04:19:25
/opt/airflow/dags/00_seed_demo_data.py                           1           0  0.29s           2026-09-03T04:19:51
/opt/airflow/dags/flaky_etl_dag.py                               1           0  0.14s           2026-09-03T04:19:52
/opt/airflow/dags/schema_drift_dag.py                            1           0  0.13s           2026-09-03T04:19:52
================================================================================
[2026-09-03T04:20:25.330+0000] {manager.py:878} INFO - 
================================================================================
DAG File Processing Stats

File Path                               PID    Runtime      # DAGs    # Errors  Last Runtime    Last Run
--------------------------------------  -----  ---------  --------  ----------  --------------  -------------------
/opt/airflow/dags/null_spike_dag.py                              1           0  0.42s           2026-09-03T04:19:56
/opt/airflow/dags/schema_drift_dag.py                            1           0  0.13s           2026-09-03T04:20:23
/opt/airflow/dags/flaky_etl_dag.py                               1           0  0.12s           2026-09-03T04:20:23
/opt/airflow/dags/00_seed_demo_data.py                           1           0  0.11s           2026-09-03T04:20:22
================================================================================
[2026-09-03T04:20:55.463+0000] {manager.py:878} INFO - 
================================================================================
DAG File Processing Stats

File Path                               PID    Runtime      # DAGs    # Errors  Last Runtime    Last Run
--------------------------------------  -----  ---------  --------  ----------  --------------  -------------------
/opt/airflow/dags/null_spike_dag.py                              1           0  0.60s           2026-09-03T04:20:26
/opt/airflow/dags/flaky_etl_dag.py                               1           0  0.14s           2026-09-03T04:20:53
/opt/airflow/dags/schema_drift_dag.py                            1           0  0.12s           2026-09-03T04:20:53
/opt/airflow/dags/00_seed_demo_data.py                           1           0  0.12s           2026-09-03T04:20:52
================================================================================
[2026-09-03T04:21:23.667+0000] {manager.py:1016} ERROR - Processor for /opt/airflow/dags/00_seed_demo_data.py exited with return code 1.
[2026-09-03T04:21:25.723+0000] {manager.py:878} INFO - 
================================================================================
DAG File Processing Stats

File Path                               PID    Runtime      # DAGs    # Errors  Last Runtime    Last Run
--------------------------------------  -----  ---------  --------  ----------  --------------  -------------------
/opt/airflow/dags/00_seed_demo_data.py                           0          -1  0.69s           2026-09-03T04:21:23
/opt/airflow/dags/null_spike_dag.py                              1           0  0.23s           2026-09-03T04:21:23
/opt/airflow/dags/flaky_etl_dag.py                               1           0  0.16s           2026-09-03T04:21:23
/opt/airflow/dags/schema_drift_dag.py                            1           0  0.16s           2026-09-03T04:21:23
================================================================================
[2026-09-03T04:21:56.412+0000] {manager.py:878} INFO - 
================================================================================
DAG File Processing Stats

File Path                               PID    Runtime      # DAGs    # Errors  Last Runtime    Last Run
--------------------------------------  -----  ---------  --------  ----------  --------------  -------------------
/opt/airflow/dags/00_seed_demo_data.py                           1           0  0.23s           2026-09-03T04:21:54
/opt/airflow/dags/flaky_etl_dag.py                               1           0  0.13s           2026-09-03T04:21:54
/opt/airflow/dags/schema_drift_dag.py                            1           0  0.12s           2026-09-03T04:21:54
/opt/airflow/dags/null_spike_dag.py                              1           0  0.12s           2026-09-03T04:21:45
================================================================================
[2026-09-03T04:22:27.047+0000] {manager.py:878} INFO - 
================================================================================
DAG File Processing Stats

File Path                               PID    Runtime      # DAGs    # Errors  Last Runtime    Last Run
--------------------------------------  -----  ---------  --------  ----------  --------------  -------------------
/opt/airflow/dags/null_spike_dag.py                              1           0  0.16s           2026-09-03T04:22:08
/opt/airflow/dags/schema_drift_dag.py                            1           0  0.12s           2026-09-03T04:22:25
/opt/airflow/dags/flaky_etl_dag.py                               1           0  0.12s           2026-09-03T04:22:25
/opt/airflow/dags/00_seed_demo_data.py                           1           0  0.11s           2026-09-03T04:21:57
================================================================================
[2026-09-03T04:22:57.668+0000] {manager.py:878} INFO - 
================================================================================
DAG File Processing Stats

File Path                               PID    Runtime      # DAGs    # Errors  Last Runtime    Last Run
--------------------------------------  -----  ---------  --------  ----------  --------------  -------------------
/opt/airflow/dags/null_spike_dag.py                              1           0  0.20s           2026-09-03T04:22:39
/opt/airflow/dags/schema_drift_dag.py                            1           0  0.11s           2026-09-03T04:22:55
/opt/airflow/dags/flaky_etl_dag.py                               1           0  0.11s           2026-09-03T04:22:55
/opt/airflow/dags/00_seed_demo_data.py                           1           0  0.11s           2026-09-03T04:22:28
================================================================================
[2026-09-03T04:23:28.199+0000] {manager.py:878} INFO - 
================================================================================
DAG File Processing Stats

File Path                               PID    Runtime      # DAGs    # Errors  Last Runtime    Last Run
--------------------------------------  -----  ---------  --------  ----------  --------------  -------------------
/opt/airflow/dags/flaky_etl_dag.py                               1           0  0.14s           2026-09-03T04:23:26
/opt/airflow/dags/schema_drift_dag.py                            1           0  0.14s           2026-09-03T04:23:26
/opt/airflow/dags/null_spike_dag.py                              1           0  0.11s           2026-09-03T04:23:10
/opt/airflow/dags/00_seed_demo_data.py                           1           0  0.11s           2026-09-03T04:22:58
================================================================================
[2026-09-03T04:23:58.714+0000] {manager.py:878} INFO - 
================================================================================
DAG File Processing Stats

File Path                               PID    Runtime      # DAGs    # Errors  Last Runtime    Last Run
--------------------------------------  -----  ---------  --------  ----------  --------------  -------------------
/opt/airflow/dags/flaky_etl_dag.py                               1           0  0.12s           2026-09-03T04:23:56
/opt/airflow/dags/schema_drift_dag.py                            1           0  0.12s           2026-09-03T04:23:56
/opt/airflow/dags/null_spike_dag.py                              1           0  0.11s           2026-09-03T04:23:40
/opt/airflow/dags/00_seed_demo_data.py                           0           1  0.10s           2026-09-03T04:23:53
================================================================================
[2026-09-03T04:24:16.308+0000] {manager.py:737} INFO - Searching for files in /opt/airflow/dags
[2026-09-03T04:24:16.348+0000] {manager.py:740} INFO - There are 4 files in /opt/airflow/dags
[2026-09-03T04:24:29.635+0000] {manager.py:878} INFO - 
================================================================================
DAG File Processing Stats

File Path                               PID    Runtime      # DAGs    # Errors  Last Runtime    Last Run
--------------------------------------  -----  ---------  --------  ----------  --------------  -------------------
/opt/airflow/dags/null_spike_dag.py                              1           0  0.21s           2026-09-03T04:24:11
/opt/airflow/dags/00_seed_demo_data.py                           1           0  0.14s           2026-09-03T04:24:13
/opt/airflow/dags/flaky_etl_dag.py                               1           0  0.12s           2026-09-03T04:24:27
/opt/airflow/dags/schema_drift_dag.py                            1           0  0.12s           2026-09-03T04:24:27
================================================================================
[2026-09-03T04:25:00.134+0000] {manager.py:878} INFO - 
================================================================================
DAG File Processing Stats

File Path                               PID    Runtime      # DAGs    # Errors  Last Runtime    Last Run
--------------------------------------  -----  ---------  --------  ----------  --------------  -------------------
/opt/airflow/dags/null_spike_dag.py                              1           0  0.16s           2026-09-03T04:24:41
/opt/airflow/dags/schema_drift_dag.py                            1           0  0.14s           2026-09-03T04:24:58
/opt/airflow/dags/flaky_etl_dag.py                               1           0  0.14s           2026-09-03T04:24:58
/opt/airflow/dags/00_seed_demo_data.py                           1           0  0.11s           2026-09-03T04:24:43
================================================================================
[2026-09-03T04:25:30.716+0000] {manager.py:878} INFO - 
================================================================================
DAG File Processing Stats

File Path                               PID    Runtime      # DAGs    # Errors  Last Runtime    Last Run
--------------------------------------  -----  ---------  --------  ----------  --------------  -------------------
/opt/airflow/dags/flaky_etl_dag.py                               1           0  0.20s           2026-09-03T04:25:28
/opt/airflow/dags/schema_drift_dag.py                            1           0  0.19s           2026-09-03T04:25:28
/opt/airflow/dags/null_spike_dag.py                              1           0  0.14s           2026-09-03T04:25:12
/opt/airflow/dags/00_seed_demo_data.py                           1           0  0.11s           2026-09-03T04:25:14
================================================================================
[2026-09-03T04:26:01.209+0000] {manager.py:878} INFO - 
================================================================================
DAG File Processing Stats

File Path                               PID    Runtime      # DAGs    # Errors  Last Runtime    Last Run
--------------------------------------  -----  ---------  --------  ----------  --------------  -------------------
/opt/airflow/dags/00_seed_demo_data.py                           1           0  0.22s           2026-09-03T04:25:45
/opt/airflow/dags/null_spike_dag.py                              1           0  0.16s           2026-09-03T04:25:43
/opt/airflow/dags/flaky_etl_dag.py                               1           0  0.12s           2026-09-03T04:25:59
/opt/airflow/dags/schema_drift_dag.py                            1           0  0.12s           2026-09-03T04:25:59
================================================================================
[2026-09-03T04:26:31.682+0000] {manager.py:878} INFO - 
================================================================================
DAG File Processing Stats

File Path                               PID    Runtime      # DAGs    # Errors  Last Runtime    Last Run
--------------------------------------  -----  ---------  --------  ----------  --------------  -------------------
/opt/airflow/dags/00_seed_demo_data.py                           1           0  0.15s           2026-09-03T04:26:15
/opt/airflow/dags/schema_drift_dag.py                            1           0  0.13s           2026-09-03T04:26:29
/opt/airflow/dags/flaky_etl_dag.py                               1           0  0.13s           2026-09-03T04:26:29
/opt/airflow/dags/null_spike_dag.py                              1           0  0.12s           2026-09-03T04:26:13
================================================================================
[2026-09-03T04:27:02.188+0000] {manager.py:878} INFO - 
================================================================================
DAG File Processing Stats

File Path                               PID    Runtime      # DAGs    # Errors  Last Runtime    Last Run
--------------------------------------  -----  ---------  --------  ----------  --------------  -------------------
/opt/airflow/dags/schema_drift_dag.py                            1           0  0.14s           2026-09-03T04:27:00
/opt/airflow/dags/00_seed_demo_data.py                           1           0  0.14s           2026-09-03T04:26:46
/opt/airflow/dags/flaky_etl_dag.py                               1           0  0.14s           2026-09-03T04:27:00
/opt/airflow/dags/null_spike_dag.py                              1           0  0.11s           2026-09-03T04:26:43
================================================================================
[2026-09-03T04:27:32.644+0000] {manager.py:878} INFO - 
================================================================================
DAG File Processing Stats

File Path                               PID    Runtime      # DAGs    # Errors  Last Runtime    Last Run
--------------------------------------  -----  ---------  --------  ----------  --------------  -------------------
/opt/airflow/dags/00_seed_demo_data.py                           1           0  0.15s           2026-09-03T04:27:16
/opt/airflow/dags/flaky_etl_dag.py                               1           0  0.13s           2026-09-03T04:27:30
/opt/airflow/dags/schema_drift_dag.py                            1           0  0.12s           2026-09-03T04:27:30
/opt/airflow/dags/null_spike_dag.py                              1           0  0.12s           2026-09-03T04:27:14
================================================================================
[2026-09-03T04:28:03.347+0000] {manager.py:878} INFO - 
================================================================================
DAG File Processing Stats

File Path                               PID    Runtime      # DAGs    # Errors  Last Runtime    Last Run
--------------------------------------  -----  ---------  --------  ----------  --------------  -------------------
/opt/airflow/dags/flaky_etl_dag.py                               1           0  0.18s           2026-09-03T04:28:01
/opt/airflow/dags/schema_drift_dag.py                            1           0  0.18s           2026-09-03T04:28:01
/opt/airflow/dags/null_spike_dag.py                              1           0  0.16s           2026-09-03T04:27:44
/opt/airflow/dags/00_seed_demo_data.py                           1           0  0.12s           2026-09-03T04:27:47
================================================================================
[2026-09-03T04:28:33.900+0000] {manager.py:878} INFO - 
================================================================================
DAG File Processing Stats

File Path                               PID    Runtime      # DAGs    # Errors  Last Runtime    Last Run
--------------------------------------  -----  ---------  --------  ----------  --------------  -------------------
/opt/airflow/dags/null_spike_dag.py                              1           0  0.15s           2026-09-03T04:28:15
/opt/airflow/dags/schema_drift_dag.py                            1           0  0.14s           2026-09-03T04:28:31
/opt/airflow/dags/flaky_etl_dag.py                               1           0  0.13s           2026-09-03T04:28:31
/opt/airflow/dags/00_seed_demo_data.py                           1           0  0.11s           2026-09-03T04:28:17
================================================================================
[2026-09-03T04:29:04.390+0000] {manager.py:878} INFO - 
================================================================================
DAG File Processing Stats

File Path                               PID    Runtime      # DAGs    # Errors  Last Runtime    Last Run
--------------------------------------  -----  ---------  --------  ----------  --------------  -------------------
/opt/airflow/dags/flaky_etl_dag.py                               1           0  0.15s           2026-09-03T04:29:02
/opt/airflow/dags/schema_drift_dag.py                            1           0  0.15s           2026-09-03T04:29:02
/opt/airflow/dags/null_spike_dag.py                              1           0  0.12s           2026-09-03T04:28:46
/opt/airflow/dags/00_seed_demo_data.py                           1           0  0.11s           2026-09-03T04:28:48
================================================================================
[2026-09-03T04:29:16.553+0000] {manager.py:737} INFO - Searching for files in /opt/airflow/dags
[2026-09-03T04:29:16.605+0000] {manager.py:740} INFO - There are 4 files in /opt/airflow/dags
[2026-09-03T04:29:34.978+0000] {manager.py:878} INFO - 
================================================================================
DAG File Processing Stats

File Path                               PID    Runtime      # DAGs    # Errors  Last Runtime    Last Run
--------------------------------------  -----  ---------  --------  ----------  --------------  -------------------
/opt/airflow/dags/flaky_etl_dag.py                               1           0  0.17s           2026-09-03T04:29:33
/opt/airflow/dags/schema_drift_dag.py                            1           0  0.17s           2026-09-03T04:29:33
/opt/airflow/dags/00_seed_demo_data.py                           1           0  0.14s           2026-09-03T04:29:18
/opt/airflow/dags/null_spike_dag.py                              1           0  0.11s           2026-09-03T04:29:16
================================================================================
[2026-09-03T04:30:05.532+0000] {manager.py:878} INFO - 
================================================================================
DAG File Processing Stats

File Path                               PID    Runtime      # DAGs    # Errors  Last Runtime    Last Run
--------------------------------------  -----  ---------  --------  ----------  --------------  -------------------
/opt/airflow/dags/flaky_etl_dag.py                               1           0  0.19s           2026-09-03T04:30:03
/opt/airflow/dags/schema_drift_dag.py                            1           0  0.18s           2026-09-03T04:30:03
/opt/airflow/dags/null_spike_dag.py                              1           0  0.11s           2026-09-03T04:29:47
/opt/airflow/dags/00_seed_demo_data.py                           1           0  0.11s           2026-09-03T04:29:49
================================================================================
[2026-09-03T04:30:36.001+0000] {manager.py:878} INFO - 
================================================================================
DAG File Processing Stats

File Path                               PID    Runtime      # DAGs    # Errors  Last Runtime    Last Run
--------------------------------------  -----  ---------  --------  ----------  --------------  -------------------
/opt/airflow/dags/null_spike_dag.py                              1           0  0.18s           2026-09-03T04:30:17
/opt/airflow/dags/flaky_etl_dag.py                               1           0  0.14s           2026-09-03T04:30:34
/opt/airflow/dags/schema_drift_dag.py                            1           0  0.14s           2026-09-03T04:30:34
/opt/airflow/dags/00_seed_demo_data.py                           1           0  0.12s           2026-09-03T04:30:19
================================================================================
[2026-09-03T04:31:06.634+0000] {manager.py:878} INFO - 
================================================================================
DAG File Processing Stats

File Path                               PID    Runtime      # DAGs    # Errors  Last Runtime    Last Run
--------------------------------------  -----  ---------  --------  ----------  --------------  -------------------
/opt/airflow/dags/schema_drift_dag.py                            1           0  0.17s           2026-09-03T04:31:04
/opt/airflow/dags/flaky_etl_dag.py                               1           0  0.13s           2026-09-03T04:31:04
/opt/airflow/dags/00_seed_demo_data.py                           1           0  0.13s           2026-09-03T04:30:50
/opt/airflow/dags/null_spike_dag.py                              1           0  0.12s           2026-09-03T04:30:48
================================================================================
[2026-09-03T04:31:37.161+0000] {manager.py:878} INFO - 
================================================================================
DAG File Processing Stats

File Path                               PID    Runtime      # DAGs    # Errors  Last Runtime    Last Run
--------------------------------------  -----  ---------  --------  ----------  --------------  -------------------
/opt/airflow/dags/00_seed_demo_data.py                           1           0  0.13s           2026-09-03T04:31:20
/opt/airflow/dags/flaky_etl_dag.py                               1           0  0.12s           2026-09-03T04:31:35
/opt/airflow/dags/null_spike_dag.py                              1           0  0.12s           2026-09-03T04:31:18
/opt/airflow/dags/schema_drift_dag.py                            1           0  0.12s           2026-09-03T04:31:35
================================================================================
[2026-09-03T04:32:07.836+0000] {manager.py:878} INFO - 
================================================================================
DAG File Processing Stats

File Path                               PID    Runtime      # DAGs    # Errors  Last Runtime    Last Run
--------------------------------------  -----  ---------  --------  ----------  --------------  -------------------
/opt/airflow/dags/00_seed_demo_data.py                           1           0  0.14s           2026-09-03T04:31:51
/opt/airflow/dags/null_spike_dag.py                              1           0  0.13s           2026-09-03T04:31:49
/opt/airflow/dags/schema_drift_dag.py                            1           0  0.11s           2026-09-03T04:32:05
/opt/airflow/dags/flaky_etl_dag.py                               1           0  0.11s           2026-09-03T04:32:05
================================================================================
[2026-09-03T04:32:38.293+0000] {manager.py:878} INFO - 
================================================================================
DAG File Processing Stats

File Path                               PID    Runtime      # DAGs    # Errors  Last Runtime    Last Run
--------------------------------------  -----  ---------  --------  ----------  --------------  -------------------
/opt/airflow/dags/flaky_etl_dag.py                               1           0  0.17s           2026-09-03T04:32:36
/opt/airflow/dags/schema_drift_dag.py                            1           0  0.16s           2026-09-03T04:32:36
/opt/airflow/dags/null_spike_dag.py                              1           0  0.11s           2026-09-03T04:32:20
/opt/airflow/dags/00_seed_demo_data.py                           1           0  0.10s           2026-09-03T04:32:22
================================================================================
[2026-09-03T04:33:08.840+0000] {manager.py:878} INFO - 
================================================================================
DAG File Processing Stats

File Path                               PID    Runtime      # DAGs    # Errors  Last Runtime    Last Run
--------------------------------------  -----  ---------  --------  ----------  --------------  -------------------
/opt/airflow/dags/flaky_etl_dag.py                               1           0  0.14s           2026-09-03T04:33:06
/opt/airflow/dags/schema_drift_dag.py                            1           0  0.12s           2026-09-03T04:33:06
/opt/airflow/dags/00_seed_demo_data.py                           1           0  0.11s           2026-09-03T04:32:52
/opt/airflow/dags/null_spike_dag.py                              1           0  0.11s           2026-09-03T04:32:50
================================================================================
[2026-09-03T04:33:39.527+0000] {manager.py:878} INFO - 
================================================================================
DAG File Processing Stats

File Path                               PID    Runtime      # DAGs    # Errors  Last Runtime    Last Run
--------------------------------------  -----  ---------  --------  ----------  --------------  -------------------
/opt/airflow/dags/00_seed_demo_data.py                           1           0  0.22s           2026-09-03T04:33:23
/opt/airflow/dags/flaky_etl_dag.py                               1           0  0.15s           2026-09-03T04:33:37
/opt/airflow/dags/schema_drift_dag.py                            1           0  0.12s           2026-09-03T04:33:37
/opt/airflow/dags/null_spike_dag.py                              1           0  0.12s           2026-09-03T04:33:21
================================================================================
[2026-09-03T04:34:10.109+0000] {manager.py:878} INFO - 
================================================================================
DAG File Processing Stats

File Path                               PID    Runtime      # DAGs    # Errors  Last Runtime    Last Run
--------------------------------------  -----  ---------  --------  ----------  --------------  -------------------
/opt/airflow/dags/00_seed_demo_data.py                           1           0  0.15s           2026-09-03T04:33:53
/opt/airflow/dags/flaky_etl_dag.py                               1           0  0.13s           2026-09-03T04:34:08
/opt/airflow/dags/null_spike_dag.py                              1           0  0.12s           2026-09-03T04:33:51
/opt/airflow/dags/schema_drift_dag.py                            1           0  0.11s           2026-09-03T04:34:08
================================================================================
[2026-09-03T04:34:17.170+0000] {manager.py:737} INFO - Searching for files in /opt/airflow/dags
[2026-09-03T04:34:17.215+0000] {manager.py:740} INFO - There are 4 files in /opt/airflow/dags
[2026-09-03T04:34:40.757+0000] {manager.py:878} INFO - 
================================================================================
DAG File Processing Stats

File Path                               PID    Runtime      # DAGs    # Errors  Last Runtime    Last Run
--------------------------------------  -----  ---------  --------  ----------  --------------  -------------------
/opt/airflow/dags/flaky_etl_dag.py                               1           0  0.14s           2026-09-03T04:34:38
/opt/airflow/dags/schema_drift_dag.py                            1           0  0.14s           2026-09-03T04:34:38
/opt/airflow/dags/00_seed_demo_data.py                           1           0  0.12s           2026-09-03T04:34:24
/opt/airflow/dags/null_spike_dag.py                              1           0  0.11s           2026-09-03T04:34:22
================================================================================
[2026-09-03T04:35:11.314+0000] {manager.py:878} INFO - 
================================================================================
DAG File Processing Stats

File Path                               PID    Runtime      # DAGs    # Errors  Last Runtime    Last Run
--------------------------------------  -----  ---------  --------  ----------  --------------  -------------------
/opt/airflow/dags/00_seed_demo_data.py                           1           0  0.18s           2026-09-03T04:34:55
/opt/airflow/dags/schema_drift_dag.py                            1           0  0.17s           2026-09-03T04:35:09
/opt/airflow/dags/flaky_etl_dag.py                               1           0  0.16s           2026-09-03T04:35:09
/opt/airflow/dags/null_spike_dag.py                              1           0  0.11s           2026-09-03T04:34:53
================================================================================
[2026-09-03T04:35:41.887+0000] {manager.py:878} INFO - 
================================================================================
DAG File Processing Stats

File Path                               PID    Runtime      # DAGs    # Errors  Last Runtime    Last Run
--------------------------------------  -----  ---------  --------  ----------  --------------  -------------------
/opt/airflow/dags/flaky_etl_dag.py                               1           0  0.15s           2026-09-03T04:35:39
/opt/airflow/dags/schema_drift_dag.py                            1           0  0.15s           2026-09-03T04:35:39
/opt/airflow/dags/null_spike_dag.py                              1           0  0.14s           2026-09-03T04:35:23
/opt/airflow/dags/00_seed_demo_data.py                           1           0  0.11s           2026-09-03T04:35:25
================================================================================
[2026-09-03T04:36:12.526+0000] {manager.py:878} INFO - 
================================================================================
DAG File Processing Stats

File Path                               PID    Runtime      # DAGs    # Errors  Last Runtime    Last Run
--------------------------------------  -----  ---------  --------  ----------  --------------  -------------------
/opt/airflow/dags/schema_drift_dag.py                            1           0  0.15s           2026-09-03T04:36:10
/opt/airflow/dags/flaky_etl_dag.py                               1           0  0.15s           2026-09-03T04:36:10
/opt/airflow/dags/null_spike_dag.py                              1           0  0.13s           2026-09-03T04:35:54
/opt/airflow/dags/00_seed_demo_data.py                           1           0  0.11s           2026-09-03T04:35:56
================================================================================
[2026-09-03T04:36:43.006+0000] {manager.py:878} INFO - 
================================================================================
DAG File Processing Stats

File Path                               PID    Runtime      # DAGs    # Errors  Last Runtime    Last Run
--------------------------------------  -----  ---------  --------  ----------  --------------  -------------------
/opt/airflow/dags/schema_drift_dag.py                            1           0  0.17s           2026-09-03T04:36:41
/opt/airflow/dags/flaky_etl_dag.py                               1           0  0.17s           2026-09-03T04:36:41
/opt/airflow/dags/null_spike_dag.py                              1           0  0.14s           2026-09-03T04:36:24
/opt/airflow/dags/00_seed_demo_data.py                           1           0  0.11s           2026-09-03T04:36:26
================================================================================
[2026-09-03T04:37:13.670+0000] {manager.py:878} INFO - 
================================================================================
DAG File Processing Stats

File Path                               PID    Runtime      # DAGs    # Errors  Last Runtime    Last Run
--------------------------------------  -----  ---------  --------  ----------  --------------  -------------------
/opt/airflow/dags/flaky_etl_dag.py                               1           0  0.15s           2026-09-03T04:37:11
/opt/airflow/dags/00_seed_demo_data.py                           1           0  0.15s           2026-09-03T04:36:57
/opt/airflow/dags/schema_drift_dag.py                            1           0  0.13s           2026-09-03T04:37:11
/opt/airflow/dags/null_spike_dag.py                              1           0  0.11s           2026-09-03T04:36:55
================================================================================
[2026-09-03T04:37:44.342+0000] {manager.py:878} INFO - 
================================================================================
DAG File Processing Stats

File Path                               PID    Runtime      # DAGs    # Errors  Last Runtime    Last Run
--------------------------------------  -----  ---------  --------  ----------  --------------  -------------------
/opt/airflow/dags/00_seed_demo_data.py                           1           0  0.17s           2026-09-03T04:37:28
/opt/airflow/dags/null_spike_dag.py                              1           0  0.13s           2026-09-03T04:37:25
/opt/airflow/dags/flaky_etl_dag.py                               1           0  0.12s           2026-09-03T04:37:42
/opt/airflow/dags/schema_drift_dag.py                            1           0  0.12s           2026-09-03T04:37:42
================================================================================
[2026-09-03T04:38:14.909+0000] {manager.py:878} INFO - 
================================================================================
DAG File Processing Stats

File Path                               PID    Runtime      # DAGs    # Errors  Last Runtime    Last Run
--------------------------------------  -----  ---------  --------  ----------  --------------  -------------------
/opt/airflow/dags/00_seed_demo_data.py                           1           0  0.13s           2026-09-03T04:37:58
/opt/airflow/dags/schema_drift_dag.py                            1           0  0.12s           2026-09-03T04:38:12
/opt/airflow/dags/flaky_etl_dag.py                               1           0  0.12s           2026-09-03T04:38:12
/opt/airflow/dags/null_spike_dag.py                              1           0  0.10s           2026-09-03T04:37:56
================================================================================
[2026-09-03T04:38:45.594+0000] {manager.py:878} INFO - 
================================================================================
DAG File Processing Stats

File Path                               PID    Runtime      # DAGs    # Errors  Last Runtime    Last Run
--------------------------------------  -----  ---------  --------  ----------  --------------  -------------------
/opt/airflow/dags/null_spike_dag.py                              1           0  0.16s           2026-09-03T04:38:27
/opt/airflow/dags/schema_drift_dag.py                            1           0  0.13s           2026-09-03T04:38:43
/opt/airflow/dags/flaky_etl_dag.py                               1           0  0.13s           2026-09-03T04:38:43
/opt/airflow/dags/00_seed_demo_data.py                           1           0  0.13s           2026-09-03T04:38:29
================================================================================
[2026-09-03T04:39:16.322+0000] {manager.py:878} INFO - 
================================================================================
DAG File Processing Stats

File Path                               PID    Runtime      # DAGs    # Errors  Last Runtime    Last Run
--------------------------------------  -----  ---------  --------  ----------  --------------  -------------------
/opt/airflow/dags/flaky_etl_dag.py                               1           0  0.13s           2026-09-03T04:39:14
/opt/airflow/dags/schema_drift_dag.py                            1           0  0.13s           2026-09-03T04:39:14
/opt/airflow/dags/null_spike_dag.py                              1           0  0.11s           2026-09-03T04:38:57
/opt/airflow/dags/00_seed_demo_data.py                           1           0  0.11s           2026-09-03T04:38:59
================================================================================
[2026-09-03T04:39:17.329+0000] {manager.py:737} INFO - Searching for files in /opt/airflow/dags
[2026-09-03T04:39:17.375+0000] {manager.py:740} INFO - There are 4 files in /opt/airflow/dags
[2026-09-03T04:39:46.932+0000] {manager.py:878} INFO - 
================================================================================
DAG File Processing Stats

File Path                               PID    Runtime      # DAGs    # Errors  Last Runtime    Last Run
--------------------------------------  -----  ---------  --------  ----------  --------------  -------------------
/opt/airflow/dags/flaky_etl_dag.py                               1           0  0.21s           2026-09-03T04:39:45
/opt/airflow/dags/schema_drift_dag.py                            1           0  0.20s           2026-09-03T04:39:45
/opt/airflow/dags/00_seed_demo_data.py                           1           0  0.14s           2026-09-03T04:39:30
/opt/airflow/dags/null_spike_dag.py                              1           0  0.13s           2026-09-03T04:39:28
================================================================================
[2026-09-03T04:40:17.441+0000] {manager.py:878} INFO - 
================================================================================
DAG File Processing Stats

File Path                               PID    Runtime      # DAGs    # Errors  Last Runtime    Last Run
--------------------------------------  -----  ---------  --------  ----------  --------------  -------------------
/opt/airflow/dags/flaky_etl_dag.py                               1           0  0.14s           2026-09-03T04:40:15
/opt/airflow/dags/schema_drift_dag.py                            1           0  0.12s           2026-09-03T04:40:15
/opt/airflow/dags/00_seed_demo_data.py                           1           0  0.12s           2026-09-03T04:40:01
/opt/airflow/dags/null_spike_dag.py                              1           0  0.11s           2026-09-03T04:39:59
================================================================================
[2026-09-03T04:40:48.171+0000] {manager.py:878} INFO - 
================================================================================
DAG File Processing Stats

File Path                               PID    Runtime      # DAGs    # Errors  Last Runtime    Last Run
--------------------------------------  -----  ---------  --------  ----------  --------------  -------------------
/opt/airflow/dags/flaky_etl_dag.py                               1           0  0.21s           2026-09-03T04:40:46
/opt/airflow/dags/schema_drift_dag.py                            1           0  0.19s           2026-09-03T04:40:46
/opt/airflow/dags/null_spike_dag.py                              1           0  0.15s           2026-09-03T04:40:29
/opt/airflow/dags/00_seed_demo_data.py                           1           0  0.11s           2026-09-03T04:40:31
================================================================================
[2026-09-03T04:41:18.766+0000] {manager.py:878} INFO - 
================================================================================
DAG File Processing Stats

File Path                               PID    Runtime      # DAGs    # Errors  Last Runtime    Last Run
--------------------------------------  -----  ---------  --------  ----------  --------------  -------------------
/opt/airflow/dags/00_seed_demo_data.py                           1           0  0.19s           2026-09-03T04:41:02
/opt/airflow/dags/schema_drift_dag.py                            1           0  0.12s           2026-09-03T04:41:16
/opt/airflow/dags/flaky_etl_dag.py                               1           0  0.12s           2026-09-03T04:41:16
/opt/airflow/dags/null_spike_dag.py                              1           0  0.11s           2026-09-03T04:41:00
================================================================================
[2026-09-03T04:41:49.277+0000] {manager.py:878} INFO - 
================================================================================
DAG File Processing Stats

File Path                               PID    Runtime      # DAGs    # Errors  Last Runtime    Last Run
--------------------------------------  -----  ---------  --------  ----------  --------------  -------------------
/opt/airflow/dags/schema_drift_dag.py                            1           0  0.17s           2026-09-03T04:41:47
/opt/airflow/dags/flaky_etl_dag.py                               1           0  0.16s           2026-09-03T04:41:47
/opt/airflow/dags/null_spike_dag.py                              1           0  0.14s           2026-09-03T04:41:31
/opt/airflow/dags/00_seed_demo_data.py                           1           0  0.11s           2026-09-03T04:41:33
================================================================================
[2026-09-03T04:42:19.813+0000] {manager.py:878} INFO - 
================================================================================
DAG File Processing Stats

File Path                               PID    Runtime      # DAGs    # Errors  Last Runtime    Last Run
--------------------------------------  -----  ---------  --------  ----------  --------------  -------------------
/opt/airflow/dags/flaky_etl_dag.py                               1           0  0.17s           2026-09-03T04:42:17
/opt/airflow/dags/schema_drift_dag.py                            1           0  0.17s           2026-09-03T04:42:17
/opt/airflow/dags/00_seed_demo_data.py                           1           0  0.16s           2026-09-03T04:42:03
/opt/airflow/dags/null_spike_dag.py                              1           0  0.16s           2026-09-03T04:42:01
================================================================================
[2026-09-03T04:42:50.462+0000] {manager.py:878} INFO - 
================================================================================
DAG File Processing Stats

File Path                               PID    Runtime      # DAGs    # Errors  Last Runtime    Last Run
--------------------------------------  -----  ---------  --------  ----------  --------------  -------------------
/opt/airflow/dags/null_spike_dag.py                              1           0  0.24s           2026-09-03T04:42:32
/opt/airflow/dags/00_seed_demo_data.py                           1           0  0.19s           2026-09-03T04:42:34
/opt/airflow/dags/schema_drift_dag.py                            1           0  0.15s           2026-09-03T04:42:48
/opt/airflow/dags/flaky_etl_dag.py                               1           0  0.15s           2026-09-03T04:42:48
================================================================================
[2026-09-03T04:43:20.973+0000] {manager.py:878} INFO - 
================================================================================
DAG File Processing Stats

File Path                               PID    Runtime      # DAGs    # Errors  Last Runtime    Last Run
--------------------------------------  -----  ---------  --------  ----------  --------------  -------------------
/opt/airflow/dags/flaky_etl_dag.py                               1           0  0.13s           2026-09-03T04:43:19
/opt/airflow/dags/null_spike_dag.py                              1           0  0.12s           2026-09-03T04:43:02
/opt/airflow/dags/00_seed_demo_data.py                           1           0  0.11s           2026-09-03T04:43:04
/opt/airflow/dags/schema_drift_dag.py                            1           0  0.11s           2026-09-03T04:43:19
================================================================================
[2026-09-03T04:43:51.586+0000] {manager.py:878} INFO - 
================================================================================
DAG File Processing Stats

File Path                               PID    Runtime      # DAGs    # Errors  Last Runtime    Last Run
--------------------------------------  -----  ---------  --------  ----------  --------------  -------------------
/opt/airflow/dags/00_seed_demo_data.py                           1           0  0.15s           2026-09-03T04:43:35
/opt/airflow/dags/schema_drift_dag.py                            1           0  0.13s           2026-09-03T04:43:49
/opt/airflow/dags/flaky_etl_dag.py                               1           0  0.13s           2026-09-03T04:43:49
/opt/airflow/dags/null_spike_dag.py                              1           0  0.13s           2026-09-03T04:43:33
================================================================================
[2026-09-03T04:44:18.040+0000] {manager.py:737} INFO - Searching for files in /opt/airflow/dags
[2026-09-03T04:44:18.087+0000] {manager.py:740} INFO - There are 4 files in /opt/airflow/dags
[2026-09-03T04:44:22.172+0000] {manager.py:878} INFO - 
================================================================================
DAG File Processing Stats

File Path                               PID    Runtime      # DAGs    # Errors  Last Runtime    Last Run
--------------------------------------  -----  ---------  --------  ----------  --------------  -------------------
/opt/airflow/dags/flaky_etl_dag.py                               1           0  0.13s           2026-09-03T04:44:20
/opt/airflow/dags/schema_drift_dag.py                            1           0  0.13s           2026-09-03T04:44:20
/opt/airflow/dags/null_spike_dag.py                              1           0  0.12s           2026-09-03T04:44:03
/opt/airflow/dags/00_seed_demo_data.py                           1           0  0.12s           2026-09-03T04:44:05
================================================================================
[2026-09-03T04:44:52.808+0000] {manager.py:878} INFO - 
================================================================================
DAG File Processing Stats

File Path                               PID    Runtime      # DAGs    # Errors  Last Runtime    Last Run
--------------------------------------  -----  ---------  --------  ----------  --------------  -------------------
/opt/airflow/dags/null_spike_dag.py                              1           0  0.14s           2026-09-03T04:44:34
/opt/airflow/dags/flaky_etl_dag.py                               1           0  0.14s           2026-09-03T04:44:50
/opt/airflow/dags/schema_drift_dag.py                            1           0  0.14s           2026-09-03T04:44:50
/opt/airflow/dags/00_seed_demo_data.py                           1           0  0.12s           2026-09-03T04:44:36
================================================================================
[2026-09-03T04:45:23.404+0000] {manager.py:878} INFO - 
================================================================================
DAG File Processing Stats

File Path                               PID    Runtime      # DAGs    # Errors  Last Runtime    Last Run
--------------------------------------  -----  ---------  --------  ----------  --------------  -------------------
/opt/airflow/dags/flaky_etl_dag.py                               1           0  0.19s           2026-09-03T04:45:21
/opt/airflow/dags/schema_drift_dag.py                            1           0  0.18s           2026-09-03T04:45:21
/opt/airflow/dags/00_seed_demo_data.py                           1           0  0.14s           2026-09-03T04:45:07
/opt/airflow/dags/null_spike_dag.py                              1           0  0.12s           2026-09-03T04:45:05
================================================================================
[2026-09-03T04:45:54.065+0000] {manager.py:878} INFO - 
================================================================================
DAG File Processing Stats

File Path                               PID    Runtime      # DAGs    # Errors  Last Runtime    Last Run
--------------------------------------  -----  ---------  --------  ----------  --------------  -------------------
/opt/airflow/dags/null_spike_dag.py                              1           0  0.40s           2026-09-03T04:45:36
/opt/airflow/dags/schema_drift_dag.py                            1           0  0.18s           2026-09-03T04:45:52
/opt/airflow/dags/flaky_etl_dag.py                               1           0  0.17s           2026-09-03T04:45:52
/opt/airflow/dags/00_seed_demo_data.py                           1           0  0.12s           2026-09-03T04:45:37
================================================================================
[2026-09-03T04:46:24.663+0000] {manager.py:878} INFO - 
================================================================================
DAG File Processing Stats

File Path                               PID    Runtime      # DAGs    # Errors  Last Runtime    Last Run
--------------------------------------  -----  ---------  --------  ----------  --------------  -------------------
/opt/airflow/dags/schema_drift_dag.py                            1           0  0.16s           2026-09-03T04:46:22
/opt/airflow/dags/flaky_etl_dag.py                               1           0  0.16s           2026-09-03T04:46:22
/opt/airflow/dags/00_seed_demo_data.py                           1           0  0.13s           2026-09-03T04:46:08
/opt/airflow/dags/null_spike_dag.py                              1           0  0.12s           2026-09-03T04:46:06
================================================================================
[2026-09-03T04:46:55.256+0000] {manager.py:878} INFO - 
================================================================================
DAG File Processing Stats

File Path                               PID    Runtime      # DAGs    # Errors  Last Runtime    Last Run
--------------------------------------  -----  ---------  --------  ----------  --------------  -------------------
/opt/airflow/dags/null_spike_dag.py                              1           0  0.19s           2026-09-03T04:46:36
/opt/airflow/dags/flaky_etl_dag.py                               1           0  0.17s           2026-09-03T04:46:53
/opt/airflow/dags/schema_drift_dag.py                            1           0  0.15s           2026-09-03T04:46:53
/opt/airflow/dags/00_seed_demo_data.py                           1           0  0.12s           2026-09-03T04:46:39
================================================================================
[2026-09-03T04:47:25.839+0000] {manager.py:878} INFO - 
================================================================================
DAG File Processing Stats

File Path                               PID    Runtime      # DAGs    # Errors  Last Runtime    Last Run
--------------------------------------  -----  ---------  --------  ----------  --------------  -------------------
/opt/airflow/dags/flaky_etl_dag.py                               1           0  0.14s           2026-09-03T04:47:23
/opt/airflow/dags/schema_drift_dag.py                            1           0  0.12s           2026-09-03T04:47:23
/opt/airflow/dags/null_spike_dag.py                              1           0  0.12s           2026-09-03T04:47:07
/opt/airflow/dags/00_seed_demo_data.py                           1           0  0.11s           2026-09-03T04:47:09
================================================================================
[2026-09-03T04:47:56.535+0000] {manager.py:878} INFO - 
================================================================================
DAG File Processing Stats

File Path                               PID    Runtime      # DAGs    # Errors  Last Runtime    Last Run
--------------------------------------  -----  ---------  --------  ----------  --------------  -------------------
/opt/airflow/dags/schema_drift_dag.py                            1           0  0.17s           2026-09-03T04:47:54
/opt/airflow/dags/flaky_etl_dag.py                               1           0  0.17s           2026-09-03T04:47:54
/opt/airflow/dags/null_spike_dag.py                              1           0  0.15s           2026-09-03T04:47:38
/opt/airflow/dags/00_seed_demo_data.py                           1           0  0.14s           2026-09-03T04:47:40
================================================================================
[2026-09-03T04:48:27.235+0000] {manager.py:878} INFO - 
================================================================================
DAG File Processing Stats

File Path                               PID    Runtime      # DAGs    # Errors  Last Runtime    Last Run
--------------------------------------  -----  ---------  --------  ----------  --------------  -------------------
/opt/airflow/dags/00_seed_demo_data.py                           1           0  0.29s           2026-09-03T04:48:11
/opt/airflow/dags/schema_drift_dag.py                            1           0  0.16s           2026-09-03T04:48:25
/opt/airflow/dags/flaky_etl_dag.py                               1           0  0.15s           2026-09-03T04:48:25
/opt/airflow/dags/null_spike_dag.py                              1           0  0.13s           2026-09-03T04:48:08
================================================================================
[2026-09-03T04:48:57.871+0000] {manager.py:878} INFO - 
================================================================================
DAG File Processing Stats

File Path                               PID    Runtime      # DAGs    # Errors  Last Runtime    Last Run
--------------------------------------  -----  ---------  --------  ----------  --------------  -------------------
/opt/airflow/dags/null_spike_dag.py                              1           0  0.21s           2026-09-03T04:48:39
/opt/airflow/dags/flaky_etl_dag.py                               1           0  0.17s           2026-09-03T04:48:55
/opt/airflow/dags/schema_drift_dag.py                            1           0  0.17s           2026-09-03T04:48:55
/opt/airflow/dags/00_seed_demo_data.py                           1           0  0.13s           2026-09-03T04:48:41
================================================================================
[2026-09-03T04:49:18.237+0000] {manager.py:737} INFO - Searching for files in /opt/airflow/dags
[2026-09-03T04:49:18.284+0000] {manager.py:740} INFO - There are 4 files in /opt/airflow/dags
[2026-09-03T04:49:28.417+0000] {manager.py:878} INFO - 
================================================================================
DAG File Processing Stats

File Path                               PID    Runtime      # DAGs    # Errors  Last Runtime    Last Run
--------------------------------------  -----  ---------  --------  ----------  --------------  -------------------
/opt/airflow/dags/null_spike_dag.py                              1           0  0.14s           2026-09-03T04:49:10
/opt/airflow/dags/flaky_etl_dag.py                               1           0  0.13s           2026-09-03T04:49:26
/opt/airflow/dags/schema_drift_dag.py                            1           0  0.13s           2026-09-03T04:49:26
/opt/airflow/dags/00_seed_demo_data.py                           1           0  0.12s           2026-09-03T04:49:12
================================================================================
[2026-09-03T04:49:59.057+0000] {manager.py:878} INFO - 
================================================================================
DAG File Processing Stats

File Path                               PID    Runtime      # DAGs    # Errors  Last Runtime    Last Run
--------------------------------------  -----  ---------  --------  ----------  --------------  -------------------
/opt/airflow/dags/flaky_etl_dag.py                               1           0  0.18s           2026-09-03T04:49:57
/opt/airflow/dags/schema_drift_dag.py                            1           0  0.18s           2026-09-03T04:49:57
/opt/airflow/dags/null_spike_dag.py                              1           0  0.14s           2026-09-03T04:49:40
/opt/airflow/dags/00_seed_demo_data.py                           1           0  0.14s           2026-09-03T04:49:42
================================================================================
[2026-09-03T04:50:29.535+0000] {manager.py:878} INFO - 
================================================================================
DAG File Processing Stats

File Path                               PID    Runtime      # DAGs    # Errors  Last Runtime    Last Run
--------------------------------------  -----  ---------  --------  ----------  --------------  -------------------
/opt/airflow/dags/schema_drift_dag.py                            1           0  0.20s           2026-09-03T04:50:27
/opt/airflow/dags/flaky_etl_dag.py                               1           0  0.16s           2026-09-03T04:50:27
/opt/airflow/dags/null_spike_dag.py                              1           0  0.12s           2026-09-03T04:50:11
/opt/airflow/dags/00_seed_demo_data.py                           1           0  0.11s           2026-09-03T04:50:13
================================================================================
[2026-09-03T04:51:00.269+0000] {manager.py:878} INFO - 
================================================================================
DAG File Processing Stats

File Path                               PID    Runtime      # DAGs    # Errors  Last Runtime    Last Run
--------------------------------------  -----  ---------  --------  ----------  --------------  -------------------
/opt/airflow/dags/schema_drift_dag.py                            1           0  0.23s           2026-09-03T04:50:58
/opt/airflow/dags/flaky_etl_dag.py                               1           0  0.22s           2026-09-03T04:50:58
/opt/airflow/dags/null_spike_dag.py                              1           0  0.17s           2026-09-03T04:50:41
/opt/airflow/dags/00_seed_demo_data.py                           1           0  0.12s           2026-09-03T04:50:43
================================================================================
[2026-09-03T04:51:30.679+0000] {manager.py:878} INFO - 
================================================================================
DAG File Processing Stats

File Path                               PID    Runtime      # DAGs    # Errors  Last Runtime    Last Run
--------------------------------------  -----  ---------  --------  ----------  --------------  -------------------
/opt/airflow/dags/null_spike_dag.py                              1           0  0.23s           2026-09-03T04:51:12
/opt/airflow/dags/00_seed_demo_data.py                           1           0  0.16s           2026-09-03T04:51:14
/opt/airflow/dags/flaky_etl_dag.py                               1           0  0.15s           2026-09-03T04:51:28
/opt/airflow/dags/schema_drift_dag.py                            1           0  0.14s           2026-09-03T04:51:28
================================================================================
[2026-09-03T04:52:00.735+0000] {manager.py:878} INFO - 
================================================================================
DAG File Processing Stats

File Path                               PID    Runtime      # DAGs    # Errors  Last Runtime    Last Run
--------------------------------------  -----  ---------  --------  ----------  --------------  -------------------
/opt/airflow/dags/schema_drift_dag.py                            1           0  0.33s           2026-09-03T04:51:59
/opt/airflow/dags/flaky_etl_dag.py                               1           0  0.33s           2026-09-03T04:51:59
/opt/airflow/dags/00_seed_demo_data.py                           1           0  0.21s           2026-09-03T04:51:45
/opt/airflow/dags/null_spike_dag.py                              1           0  0.15s           2026-09-03T04:51:42
================================================================================
[2026-09-03T04:52:31.412+0000] {manager.py:878} INFO - 
================================================================================
DAG File Processing Stats

File Path                               PID    Runtime      # DAGs    # Errors  Last Runtime    Last Run
--------------------------------------  -----  ---------  --------  ----------  --------------  -------------------
/opt/airflow/dags/00_seed_demo_data.py                           1           0  0.45s           2026-09-03T04:52:16
/opt/airflow/dags/null_spike_dag.py                              1           0  0.14s           2026-09-03T04:52:13
/opt/airflow/dags/schema_drift_dag.py                            1           0  0.13s           2026-09-03T04:52:30
/opt/airflow/dags/flaky_etl_dag.py                               1           0  0.13s           2026-09-03T04:52:30
================================================================================
[2026-09-03T04:53:01.909+0000] {manager.py:878} INFO - 
================================================================================
DAG File Processing Stats

File Path                               PID    Runtime      # DAGs    # Errors  Last Runtime    Last Run
--------------------------------------  -----  ---------  --------  ----------  --------------  -------------------
/opt/airflow/dags/schema_drift_dag.py                            1           0  0.17s           2026-09-03T04:53:00
/opt/airflow/dags/flaky_etl_dag.py                               1           0  0.17s           2026-09-03T04:53:00
/opt/airflow/dags/null_spike_dag.py                              1           0  0.16s           2026-09-03T04:52:44
/opt/airflow/dags/00_seed_demo_data.py                           1           0  0.12s           2026-09-03T04:52:46
================================================================================
[2026-09-03T04:53:32.554+0000] {manager.py:878} INFO - 
================================================================================
DAG File Processing Stats

File Path                               PID    Runtime      # DAGs    # Errors  Last Runtime    Last Run
--------------------------------------  -----  ---------  --------  ----------  --------------  -------------------
/opt/airflow/dags/null_spike_dag.py                              1           0  0.15s           2026-09-03T04:53:15
/opt/airflow/dags/00_seed_demo_data.py                           1           0  0.15s           2026-09-03T04:53:17
/opt/airflow/dags/schema_drift_dag.py                            1           0  0.13s           2026-09-03T04:53:31
/opt/airflow/dags/flaky_etl_dag.py                               1           0  0.12s           2026-09-03T04:53:31
================================================================================
[2026-09-03T04:54:03.095+0000] {manager.py:878} INFO - 
================================================================================
DAG File Processing Stats

File Path                               PID    Runtime      # DAGs    # Errors  Last Runtime    Last Run
--------------------------------------  -----  ---------  --------  ----------  --------------  -------------------
/opt/airflow/dags/00_seed_demo_data.py                           1           0  0.15s           2026-09-03T04:53:47
/opt/airflow/dags/flaky_etl_dag.py                               1           0  0.15s           2026-09-03T04:54:02
/opt/airflow/dags/schema_drift_dag.py                            1           0  0.15s           2026-09-03T04:54:02
/opt/airflow/dags/null_spike_dag.py                              1           0  0.12s           2026-09-03T04:53:45
================================================================================
[2026-09-03T04:54:18.262+0000] {manager.py:737} INFO - Searching for files in /opt/airflow/dags
[2026-09-03T04:54:18.309+0000] {manager.py:740} INFO - There are 4 files in /opt/airflow/dags
[2026-09-03T04:54:33.797+0000] {manager.py:878} INFO - 
================================================================================
DAG File Processing Stats

File Path                               PID    Runtime      # DAGs    # Errors  Last Runtime    Last Run
--------------------------------------  -----  ---------  --------  ----------  --------------  -------------------
/opt/airflow/dags/flaky_etl_dag.py                               1           0  0.20s           2026-09-03T04:54:32
/opt/airflow/dags/schema_drift_dag.py                            1           0  0.19s           2026-09-03T04:54:32
/opt/airflow/dags/null_spike_dag.py                              1           0  0.12s           2026-09-03T04:54:16
/opt/airflow/dags/00_seed_demo_data.py                           1           0  0.11s           2026-09-03T04:54:18
================================================================================
[2026-09-03T04:55:04.367+0000] {manager.py:878} INFO - 
================================================================================
DAG File Processing Stats

File Path                               PID    Runtime      # DAGs    # Errors  Last Runtime    Last Run
--------------------------------------  -----  ---------  --------  ----------  --------------  -------------------
/opt/airflow/dags/flaky_etl_dag.py                               1           0  0.16s           2026-09-03T04:55:03
/opt/airflow/dags/schema_drift_dag.py                            1           0  0.16s           2026-09-03T04:55:03
/opt/airflow/dags/00_seed_demo_data.py                           1           0  0.14s           2026-09-03T04:54:49
/opt/airflow/dags/null_spike_dag.py                              1           0  0.12s           2026-09-03T04:54:47
================================================================================
[2026-09-03T04:55:34.936+0000] {manager.py:878} INFO - 
================================================================================
DAG File Processing Stats

File Path                               PID    Runtime      # DAGs    # Errors  Last Runtime    Last Run
--------------------------------------  -----  ---------  --------  ----------  --------------  -------------------
/opt/airflow/dags/flaky_etl_dag.py                               1           0  0.15s           2026-09-03T04:55:33
/opt/airflow/dags/null_spike_dag.py                              1           0  0.13s           2026-09-03T04:55:17
/opt/airflow/dags/schema_drift_dag.py                            1           0  0.13s           2026-09-03T04:55:33
/opt/airflow/dags/00_seed_demo_data.py                           1           0  0.12s           2026-09-03T04:55:19
================================================================================
[2026-09-03T04:56:05.555+0000] {manager.py:878} INFO - 
================================================================================
DAG File Processing Stats

File Path                               PID    Runtime      # DAGs    # Errors  Last Runtime    Last Run
--------------------------------------  -----  ---------  --------  ----------  --------------  -------------------
/opt/airflow/dags/flaky_etl_dag.py                               1           0  0.13s           2026-09-03T04:56:04
/opt/airflow/dags/schema_drift_dag.py                            1           0  0.13s           2026-09-03T04:56:04
/opt/airflow/dags/null_spike_dag.py                              1           0  0.11s           2026-09-03T04:55:48
/opt/airflow/dags/00_seed_demo_data.py                           1           0  0.11s           2026-09-03T04:55:50
================================================================================
[2026-09-03T04:56:36.095+0000] {manager.py:878} INFO - 
================================================================================
DAG File Processing Stats

File Path                               PID    Runtime      # DAGs    # Errors  Last Runtime    Last Run
--------------------------------------  -----  ---------  --------  ----------  --------------  -------------------
/opt/airflow/dags/null_spike_dag.py                              1           0  0.14s           2026-09-03T04:56:18
/opt/airflow/dags/00_seed_demo_data.py                           1           0  0.14s           2026-09-03T04:56:20
/opt/airflow/dags/flaky_etl_dag.py                               1           0  0.12s           2026-09-03T04:56:35
/opt/airflow/dags/schema_drift_dag.py                            1           0  0.12s           2026-09-03T04:56:35
================================================================================
[2026-09-03T04:57:06.683+0000] {manager.py:878} INFO - 
================================================================================
DAG File Processing Stats

File Path                               PID    Runtime      # DAGs    # Errors  Last Runtime    Last Run
--------------------------------------  -----  ---------  --------  ----------  --------------  -------------------
/opt/airflow/dags/flaky_etl_dag.py                               1           0  0.12s           2026-09-03T04:57:05
/opt/airflow/dags/schema_drift_dag.py                            1           0  0.12s           2026-09-03T04:57:05
/opt/airflow/dags/00_seed_demo_data.py                           1           0  0.11s           2026-09-03T04:56:51
/opt/airflow/dags/null_spike_dag.py                              1           0  0.10s           2026-09-03T04:56:49
================================================================================
[2026-09-03T04:57:37.262+0000] {manager.py:878} INFO - 
================================================================================
DAG File Processing Stats

File Path                               PID    Runtime      # DAGs    # Errors  Last Runtime    Last Run
--------------------------------------  -----  ---------  --------  ----------  --------------  -------------------
/opt/airflow/dags/schema_drift_dag.py                            1           0  0.16s           2026-09-03T04:57:36
/opt/airflow/dags/flaky_etl_dag.py                               1           0  0.16s           2026-09-03T04:57:36
/opt/airflow/dags/null_spike_dag.py                              1           0  0.12s           2026-09-03T04:57:19
/opt/airflow/dags/00_seed_demo_data.py                           1           0  0.10s           2026-09-03T04:57:21
================================================================================
[2026-09-03T04:58:07.709+0000] {manager.py:878} INFO - 
================================================================================
DAG File Processing Stats

File Path                               PID    Runtime      # DAGs    # Errors  Last Runtime    Last Run
--------------------------------------  -----  ---------  --------  ----------  --------------  -------------------
/opt/airflow/dags/flaky_etl_dag.py                               1           0  0.16s           2026-09-03T04:58:06
/opt/airflow/dags/schema_drift_dag.py                            1           0  0.16s           2026-09-03T04:58:06
/opt/airflow/dags/00_seed_demo_data.py                           1           0  0.13s           2026-09-03T04:57:52
/opt/airflow/dags/null_spike_dag.py                              1           0  0.12s           2026-09-03T04:57:50
================================================================================
[2026-09-03T04:58:38.472+0000] {manager.py:878} INFO - 
================================================================================
DAG File Processing Stats

File Path                               PID    Runtime      # DAGs    # Errors  Last Runtime    Last Run
--------------------------------------  -----  ---------  --------  ----------  --------------  -------------------
/opt/airflow/dags/flaky_etl_dag.py                               1           0  0.20s           2026-09-03T04:58:37
/opt/airflow/dags/schema_drift_dag.py                            1           0  0.20s           2026-09-03T04:58:37
/opt/airflow/dags/null_spike_dag.py                              1           0  0.19s           2026-09-03T04:58:21
/opt/airflow/dags/00_seed_demo_data.py                           1           0  0.16s           2026-09-03T04:58:23
================================================================================
[2026-09-03T04:59:08.907+0000] {manager.py:878} INFO - 
================================================================================
DAG File Processing Stats

File Path                               PID    Runtime      # DAGs    # Errors  Last Runtime    Last Run
--------------------------------------  -----  ---------  --------  ----------  --------------  -------------------
/opt/airflow/dags/flaky_etl_dag.py                               1           0  0.19s           2026-09-03T04:59:07
/opt/airflow/dags/null_spike_dag.py                              1           0  0.17s           2026-09-03T04:58:51
/opt/airflow/dags/schema_drift_dag.py                            1           0  0.16s           2026-09-03T04:59:07
/opt/airflow/dags/00_seed_demo_data.py                           1           0  0.12s           2026-09-03T04:58:53
================================================================================
[2026-09-03T04:59:19.016+0000] {manager.py:737} INFO - Searching for files in /opt/airflow/dags
[2026-09-03T04:59:19.098+0000] {manager.py:740} INFO - There are 4 files in /opt/airflow/dags
[2026-09-03T04:59:39.533+0000] {manager.py:878} INFO - 
================================================================================
DAG File Processing Stats

File Path                               PID    Runtime      # DAGs    # Errors  Last Runtime    Last Run
--------------------------------------  -----  ---------  --------  ----------  --------------  -------------------
/opt/airflow/dags/flaky_etl_dag.py                               1           0  0.22s           2026-09-03T04:59:38
/opt/airflow/dags/schema_drift_dag.py                            1           0  0.19s           2026-09-03T04:59:38
/opt/airflow/dags/00_seed_demo_data.py                           1           0  0.16s           2026-09-03T04:59:24
/opt/airflow/dags/null_spike_dag.py                              1           0  0.15s           2026-09-03T04:59:22
================================================================================
[2026-09-03T05:00:10.164+0000] {manager.py:878} INFO - 
================================================================================
DAG File Processing Stats

File Path                               PID    Runtime      # DAGs    # Errors  Last Runtime    Last Run
--------------------------------------  -----  ---------  --------  ----------  --------------  -------------------
/opt/airflow/dags/00_seed_demo_data.py                           1           0  0.29s           2026-09-03T04:59:55
/opt/airflow/dags/null_spike_dag.py                              1           0  0.26s           2026-09-03T04:59:52
/opt/airflow/dags/flaky_etl_dag.py                               1           0  0.17s           2026-09-03T05:00:09
/opt/airflow/dags/schema_drift_dag.py                            1           0  0.14s           2026-09-03T05:00:09
================================================================================
[2026-09-03T05:00:40.309+0000] {manager.py:878} INFO - 
================================================================================
DAG File Processing Stats

File Path                               PID    Runtime      # DAGs    # Errors  Last Runtime    Last Run
--------------------------------------  -----  ---------  --------  ----------  --------------  -------------------
/opt/airflow/dags/schema_drift_dag.py                            1           0  0.35s           2026-09-03T05:00:25
/opt/airflow/dags/flaky_etl_dag.py                               1           0  0.32s           2026-09-03T05:00:40
/opt/airflow/dags/null_spike_dag.py                              1           0  0.23s           2026-09-03T05:00:23
/opt/airflow/dags/00_seed_demo_data.py                           1           0  0.20s           2026-09-03T05:00:26
================================================================================
[2026-09-03T05:01:10.480+0000] {manager.py:878} INFO - 
================================================================================
DAG File Processing Stats

File Path                                 PID  Runtime      # DAGs    # Errors  Last Runtime    Last Run
--------------------------------------  -----  ---------  --------  ----------  --------------  -------------------
/opt/airflow/dags/flaky_etl_dag.py       3883  0.00s             1           0  0.32s           2026-09-03T05:00:40
/opt/airflow/dags/null_spike_dag.py                              1           0  0.18s           2026-09-03T05:00:44
/opt/airflow/dags/schema_drift_dag.py                            1           0  0.13s           2026-09-03T05:00:55
/opt/airflow/dags/00_seed_demo_data.py                           1           0  0.12s           2026-09-03T05:00:56
================================================================================
[2026-09-03T05:01:41.095+0000] {manager.py:878} INFO - 
================================================================================
DAG File Processing Stats

File Path                                 PID  Runtime      # DAGs    # Errors  Last Runtime    Last Run
--------------------------------------  -----  ---------  --------  ----------  --------------  -------------------
/opt/airflow/dags/schema_drift_dag.py                            1           0  0.12s           2026-09-03T05:01:25
/opt/airflow/dags/flaky_etl_dag.py       3917  0.01s             1           0  0.12s           2026-09-03T05:01:10
/opt/airflow/dags/00_seed_demo_data.py                           1           0  0.12s           2026-09-03T05:01:26
/opt/airflow/dags/null_spike_dag.py                              1           0  0.11s           2026-09-03T05:01:14
================================================================================
[2026-09-03T05:02:11.757+0000] {manager.py:878} INFO - 
================================================================================
DAG File Processing Stats

File Path                                 PID  Runtime      # DAGs    # Errors  Last Runtime    Last Run
--------------------------------------  -----  ---------  --------  ----------  --------------  -------------------
/opt/airflow/dags/schema_drift_dag.py                            1           0  0.33s           2026-09-03T05:01:56
/opt/airflow/dags/flaky_etl_dag.py       3949  0.01s             1           0  0.17s           2026-09-03T05:01:41
/opt/airflow/dags/null_spike_dag.py                              1           0  0.16s           2026-09-03T05:01:45
/opt/airflow/dags/00_seed_demo_data.py                           1           0  0.14s           2026-09-03T05:01:57
================================================================================
[2026-09-03T05:02:41.876+0000] {manager.py:878} INFO - 
================================================================================
DAG File Processing Stats

File Path                               PID    Runtime      # DAGs    # Errors  Last Runtime    Last Run
--------------------------------------  -----  ---------  --------  ----------  --------------  -------------------
/opt/airflow/dags/flaky_etl_dag.py                               1           0  0.68s           2026-09-03T05:02:12
/opt/airflow/dags/schema_drift_dag.py                            1           0  0.16s           2026-09-03T05:02:27
/opt/airflow/dags/null_spike_dag.py                              1           0  0.14s           2026-09-03T05:02:15
/opt/airflow/dags/00_seed_demo_data.py                           1           0  0.11s           2026-09-03T05:02:27
================================================================================
[2026-09-03T05:03:12.557+0000] {manager.py:878} INFO - 
================================================================================
DAG File Processing Stats

File Path                               PID    Runtime      # DAGs    # Errors  Last Runtime    Last Run
--------------------------------------  -----  ---------  --------  ----------  --------------  -------------------
/opt/airflow/dags/flaky_etl_dag.py                               1           0  0.21s           2026-09-03T05:02:43
/opt/airflow/dags/null_spike_dag.py                              1           0  0.16s           2026-09-03T05:02:46
/opt/airflow/dags/schema_drift_dag.py                            1           0  0.15s           2026-09-03T05:02:58
/opt/airflow/dags/00_seed_demo_data.py                           1           0  0.13s           2026-09-03T05:02:58
================================================================================
[2026-09-03T05:03:43.146+0000] {manager.py:878} INFO - 
================================================================================
DAG File Processing Stats

File Path                               PID    Runtime      # DAGs    # Errors  Last Runtime    Last Run
--------------------------------------  -----  ---------  --------  ----------  --------------  -------------------
/opt/airflow/dags/00_seed_demo_data.py                           1           0  0.18s           2026-09-03T05:03:29
/opt/airflow/dags/schema_drift_dag.py                            1           0  0.17s           2026-09-03T05:03:28
/opt/airflow/dags/flaky_etl_dag.py                               1           0  0.12s           2026-09-03T05:03:13
/opt/airflow/dags/null_spike_dag.py                              1           0  0.12s           2026-09-03T05:03:16
================================================================================
[2026-09-03T05:04:13.734+0000] {manager.py:878} INFO - 
================================================================================
DAG File Processing Stats

File Path                               PID    Runtime      # DAGs    # Errors  Last Runtime    Last Run
--------------------------------------  -----  ---------  --------  ----------  --------------  -------------------
/opt/airflow/dags/null_spike_dag.py                              1           0  0.15s           2026-09-03T05:03:47
/opt/airflow/dags/00_seed_demo_data.py                           1           0  0.14s           2026-09-03T05:03:59
/opt/airflow/dags/schema_drift_dag.py                            1           0  0.14s           2026-09-03T05:03:59
/opt/airflow/dags/flaky_etl_dag.py                               1           0  0.11s           2026-09-03T05:03:44
================================================================================
[2026-09-03T05:04:19.833+0000] {manager.py:737} INFO - Searching for files in /opt/airflow/dags
[2026-09-03T05:04:19.889+0000] {manager.py:740} INFO - There are 4 files in /opt/airflow/dags
[2026-09-03T05:04:44.175+0000] {manager.py:878} INFO - 
================================================================================
DAG File Processing Stats

File Path                               PID    Runtime      # DAGs    # Errors  Last Runtime    Last Run
--------------------------------------  -----  ---------  --------  ----------  --------------  -------------------
/opt/airflow/dags/flaky_etl_dag.py                               1           0  0.20s           2026-09-03T05:04:14
/opt/airflow/dags/00_seed_demo_data.py                           1           0  0.16s           2026-09-03T05:04:30
/opt/airflow/dags/schema_drift_dag.py                            1           0  0.16s           2026-09-03T05:04:30
/opt/airflow/dags/null_spike_dag.py                              1           0  0.12s           2026-09-03T05:04:17
================================================================================
[2026-09-03T05:05:14.682+0000] {manager.py:878} INFO - 
================================================================================
DAG File Processing Stats

File Path                               PID    Runtime      # DAGs    # Errors  Last Runtime    Last Run
--------------------------------------  -----  ---------  --------  ----------  --------------  -------------------
/opt/airflow/dags/null_spike_dag.py                              1           0  0.16s           2026-09-03T05:04:48
/opt/airflow/dags/00_seed_demo_data.py                           1           0  0.16s           2026-09-03T05:05:00
/opt/airflow/dags/schema_drift_dag.py                            1           0  0.15s           2026-09-03T05:05:00
/opt/airflow/dags/flaky_etl_dag.py                               1           0  0.13s           2026-09-03T05:04:45
================================================================================
[2026-09-03T05:05:45.372+0000] {manager.py:878} INFO - 
================================================================================
DAG File Processing Stats

File Path                               PID    Runtime      # DAGs    # Errors  Last Runtime    Last Run
--------------------------------------  -----  ---------  --------  ----------  --------------  -------------------
/opt/airflow/dags/schema_drift_dag.py                            1           0  0.27s           2026-09-03T05:05:31
/opt/airflow/dags/00_seed_demo_data.py                           1           0  0.20s           2026-09-03T05:05:31
/opt/airflow/dags/null_spike_dag.py                              1           0  0.12s           2026-09-03T05:05:18
/opt/airflow/dags/flaky_etl_dag.py                               1           0  0.12s           2026-09-03T05:05:15
================================================================================
[2026-09-03T05:06:16.126+0000] {manager.py:878} INFO - 
================================================================================
DAG File Processing Stats

File Path                               PID    Runtime      # DAGs    # Errors  Last Runtime    Last Run
--------------------------------------  -----  ---------  --------  ----------  --------------  -------------------
/opt/airflow/dags/schema_drift_dag.py                            1           0  0.28s           2026-09-03T05:06:01
/opt/airflow/dags/00_seed_demo_data.py                           1           0  0.24s           2026-09-03T05:06:01
/opt/airflow/dags/null_spike_dag.py                              1           0  0.15s           2026-09-03T05:05:49
/opt/airflow/dags/flaky_etl_dag.py                               1           0  0.14s           2026-09-03T05:05:46
================================================================================
[2026-09-03T05:06:46.762+0000] {manager.py:878} INFO - 
================================================================================
DAG File Processing Stats

File Path                               PID    Runtime      # DAGs    # Errors  Last Runtime    Last Run
--------------------------------------  -----  ---------  --------  ----------  --------------  -------------------
/opt/airflow/dags/null_spike_dag.py                              1           0  0.19s           2026-09-03T05:06:20
/opt/airflow/dags/schema_drift_dag.py                            1           0  0.15s           2026-09-03T05:06:32
/opt/airflow/dags/00_seed_demo_data.py                           1           0  0.12s           2026-09-03T05:06:32
/opt/airflow/dags/flaky_etl_dag.py                               1           0  0.12s           2026-09-03T05:06:17
================================================================================
[2026-09-03T05:07:17.378+0000] {manager.py:878} INFO - 
================================================================================
DAG File Processing Stats

File Path                               PID    Runtime      # DAGs    # Errors  Last Runtime    Last Run
--------------------------------------  -----  ---------  --------  ----------  --------------  -------------------
/opt/airflow/dags/schema_drift_dag.py                            1           0  0.20s           2026-09-03T05:07:03
/opt/airflow/dags/00_seed_demo_data.py                           1           0  0.20s           2026-09-03T05:07:03
/opt/airflow/dags/flaky_etl_dag.py                               1           0  0.13s           2026-09-03T05:06:47
/opt/airflow/dags/null_spike_dag.py                              1           0  0.13s           2026-09-03T05:06:51
================================================================================
[2026-09-03T05:07:47.901+0000] {manager.py:878} INFO - 
================================================================================
DAG File Processing Stats

File Path                               PID    Runtime      # DAGs    # Errors  Last Runtime    Last Run
--------------------------------------  -----  ---------  --------  ----------  --------------  -------------------
/opt/airflow/dags/null_spike_dag.py                              1           0  0.15s           2026-09-03T05:07:21
/opt/airflow/dags/schema_drift_dag.py                            1           0  0.13s           2026-09-03T05:07:33
/opt/airflow/dags/00_seed_demo_data.py                           1           0  0.13s           2026-09-03T05:07:33
/opt/airflow/dags/flaky_etl_dag.py                               1           0  0.13s           2026-09-03T05:07:18
================================================================================
[2026-09-03T05:08:18.436+0000] {manager.py:878} INFO - 
================================================================================
DAG File Processing Stats

File Path                               PID    Runtime      # DAGs    # Errors  Last Runtime    Last Run
--------------------------------------  -----  ---------  --------  ----------  --------------  -------------------
/opt/airflow/dags/00_seed_demo_data.py                           1           0  0.17s           2026-09-03T05:08:04
/opt/airflow/dags/schema_drift_dag.py                            1           0  0.17s           2026-09-03T05:08:04
/opt/airflow/dags/flaky_etl_dag.py                               1           0  0.17s           2026-09-03T05:07:49
/opt/airflow/dags/null_spike_dag.py                              1           0  0.12s           2026-09-03T05:07:52
================================================================================
[2026-09-03T05:08:49.167+0000] {manager.py:878} INFO - 
================================================================================
DAG File Processing Stats

File Path                               PID    Runtime      # DAGs    # Errors  Last Runtime    Last Run
--------------------------------------  -----  ---------  --------  ----------  --------------  -------------------
/opt/airflow/dags/schema_drift_dag.py                            1           0  0.14s           2026-09-03T05:08:35
/opt/airflow/dags/00_seed_demo_data.py                           1           0  0.14s           2026-09-03T05:08:35
/opt/airflow/dags/null_spike_dag.py                              1           0  0.12s           2026-09-03T05:08:22
/opt/airflow/dags/flaky_etl_dag.py                               1           0  0.11s           2026-09-03T05:08:19
================================================================================
[2026-09-03T05:09:19.707+0000] {manager.py:878} INFO - 
================================================================================
DAG File Processing Stats

File Path                               PID    Runtime      # DAGs    # Errors  Last Runtime    Last Run
--------------------------------------  -----  ---------  --------  ----------  --------------  -------------------
/opt/airflow/dags/null_spike_dag.py                              1           0  0.19s           2026-09-03T05:08:53
/opt/airflow/dags/schema_drift_dag.py                            1           0  0.13s           2026-09-03T05:09:05
/opt/airflow/dags/00_seed_demo_data.py                           1           0  0.13s           2026-09-03T05:09:05
/opt/airflow/dags/flaky_etl_dag.py                               1           0  0.13s           2026-09-03T05:08:50
================================================================================
[2026-09-03T05:09:20.715+0000] {manager.py:737} INFO - Searching for files in /opt/airflow/dags
[2026-09-03T05:09:20.762+0000] {manager.py:740} INFO - There are 4 files in /opt/airflow/dags
[2026-09-03T05:09:50.307+0000] {manager.py:878} INFO - 
================================================================================
DAG File Processing Stats

File Path                               PID    Runtime      # DAGs    # Errors  Last Runtime    Last Run
--------------------------------------  -----  ---------  --------  ----------  --------------  -------------------
/opt/airflow/dags/schema_drift_dag.py                            1           0  0.16s           2026-09-03T05:09:36
/opt/airflow/dags/null_spike_dag.py                              1           0  0.14s           2026-09-03T05:09:23
/opt/airflow/dags/00_seed_demo_data.py                           1           0  0.13s           2026-09-03T05:09:36
/opt/airflow/dags/flaky_etl_dag.py                               1           0  0.12s           2026-09-03T05:09:20
================================================================================
[2026-09-03T05:10:20.898+0000] {manager.py:878} INFO - 
================================================================================
DAG File Processing Stats

File Path                               PID    Runtime      # DAGs    # Errors  Last Runtime    Last Run
--------------------------------------  -----  ---------  --------  ----------  --------------  -------------------
/opt/airflow/dags/flaky_etl_dag.py                               1           0  0.14s           2026-09-03T05:09:51
/opt/airflow/dags/00_seed_demo_data.py                           1           0  0.12s           2026-09-03T05:10:06
/opt/airflow/dags/schema_drift_dag.py                            1           0  0.12s           2026-09-03T05:10:06
/opt/airflow/dags/null_spike_dag.py                              1           0  0.12s           2026-09-03T05:09:54
================================================================================
[2026-09-03T05:10:51.510+0000] {manager.py:878} INFO - 
================================================================================
DAG File Processing Stats

File Path                               PID    Runtime      # DAGs    # Errors  Last Runtime    Last Run
--------------------------------------  -----  ---------  --------  ----------  --------------  -------------------
/opt/airflow/dags/null_spike_dag.py                              1           0  0.19s           2026-09-03T05:10:25
/opt/airflow/dags/00_seed_demo_data.py                           1           0  0.14s           2026-09-03T05:10:37
/opt/airflow/dags/schema_drift_dag.py                            1           0  0.14s           2026-09-03T05:10:37
/opt/airflow/dags/flaky_etl_dag.py                               1           0  0.11s           2026-09-03T05:10:22
================================================================================
[2026-09-03T05:11:22.088+0000] {manager.py:878} INFO - 
================================================================================
DAG File Processing Stats

File Path                               PID    Runtime      # DAGs    # Errors  Last Runtime    Last Run
--------------------------------------  -----  ---------  --------  ----------  --------------  -------------------
/opt/airflow/dags/null_spike_dag.py                              1           0  0.15s           2026-09-03T05:10:55
/opt/airflow/dags/schema_drift_dag.py                            1           0  0.13s           2026-09-03T05:11:07
/opt/airflow/dags/00_seed_demo_data.py                           1           0  0.12s           2026-09-03T05:11:07
/opt/airflow/dags/flaky_etl_dag.py                               1           0  0.12s           2026-09-03T05:10:52
================================================================================
[2026-09-03T05:11:52.480+0000] {manager.py:878} INFO - 
================================================================================
DAG File Processing Stats

File Path                               PID    Runtime      # DAGs    # Errors  Last Runtime    Last Run
--------------------------------------  -----  ---------  --------  ----------  --------------  -------------------
/opt/airflow/dags/flaky_etl_dag.py                               1           0  0.16s           2026-09-03T05:11:23
/opt/airflow/dags/null_spike_dag.py                              1           0  0.15s           2026-09-03T05:11:26
/opt/airflow/dags/00_seed_demo_data.py                           1           0  0.12s           2026-09-03T05:11:38
/opt/airflow/dags/schema_drift_dag.py                            1           0  0.12s           2026-09-03T05:11:38
================================================================================
[2026-09-03T05:12:23.047+0000] {manager.py:878} INFO - 
================================================================================
DAG File Processing Stats

File Path                               PID    Runtime      # DAGs    # Errors  Last Runtime    Last Run
--------------------------------------  -----  ---------  --------  ----------  --------------  -------------------
/opt/airflow/dags/null_spike_dag.py                              1           0  0.13s           2026-09-03T05:11:56
/opt/airflow/dags/schema_drift_dag.py                            1           0  0.13s           2026-09-03T05:12:08
/opt/airflow/dags/00_seed_demo_data.py                           1           0  0.13s           2026-09-03T05:12:08
/opt/airflow/dags/flaky_etl_dag.py                               1           0  0.11s           2026-09-03T05:11:53
================================================================================
[2026-09-03T05:12:53.515+0000] {manager.py:878} INFO - 
================================================================================
DAG File Processing Stats

File Path                               PID    Runtime      # DAGs    # Errors  Last Runtime    Last Run
--------------------------------------  -----  ---------  --------  ----------  --------------  -------------------
/opt/airflow/dags/00_seed_demo_data.py                           1           0  0.17s           2026-09-03T05:12:39
/opt/airflow/dags/schema_drift_dag.py                            1           0  0.17s           2026-09-03T05:12:39
/opt/airflow/dags/flaky_etl_dag.py                               1           0  0.16s           2026-09-03T05:12:24
/opt/airflow/dags/null_spike_dag.py                              1           0  0.12s           2026-09-03T05:12:27
================================================================================
[2026-09-03T05:13:24.056+0000] {manager.py:878} INFO - 
================================================================================
DAG File Processing Stats

File Path                               PID    Runtime      # DAGs    # Errors  Last Runtime    Last Run
--------------------------------------  -----  ---------  --------  ----------  --------------  -------------------
/opt/airflow/dags/00_seed_demo_data.py                           1           0  0.16s           2026-09-03T05:13:10
/opt/airflow/dags/schema_drift_dag.py                            1           0  0.16s           2026-09-03T05:13:09
/opt/airflow/dags/null_spike_dag.py                              1           0  0.14s           2026-09-03T05:12:57
/opt/airflow/dags/flaky_etl_dag.py                               1           0  0.12s           2026-09-03T05:12:54
================================================================================
[2026-09-03T05:13:54.659+0000] {manager.py:878} INFO - 
================================================================================
DAG File Processing Stats

File Path                               PID    Runtime      # DAGs    # Errors  Last Runtime    Last Run
--------------------------------------  -----  ---------  --------  ----------  --------------  -------------------
/opt/airflow/dags/00_seed_demo_data.py                           1           0  0.15s           2026-09-03T05:13:40
/opt/airflow/dags/schema_drift_dag.py                            1           0  0.14s           2026-09-03T05:13:40
/opt/airflow/dags/null_spike_dag.py                              1           0  0.13s           2026-09-03T05:13:28
/opt/airflow/dags/flaky_etl_dag.py                               1           0  0.12s           2026-09-03T05:13:25
================================================================================
[2026-09-03T05:14:21.084+0000] {manager.py:737} INFO - Searching for files in /opt/airflow/dags
[2026-09-03T05:14:21.132+0000] {manager.py:740} INFO - There are 4 files in /opt/airflow/dags
[2026-09-03T05:14:25.192+0000] {manager.py:878} INFO - 
================================================================================
DAG File Processing Stats

File Path                               PID    Runtime      # DAGs    # Errors  Last Runtime    Last Run
--------------------------------------  -----  ---------  --------  ----------  --------------  -------------------
/opt/airflow/dags/schema_drift_dag.py                            1           0  0.16s           2026-09-03T05:14:11
/opt/airflow/dags/00_seed_demo_data.py                           1           0  0.15s           2026-09-03T05:14:11
/opt/airflow/dags/flaky_etl_dag.py                               1           0  0.15s           2026-09-03T05:13:55
/opt/airflow/dags/null_spike_dag.py                              1           0  0.13s           2026-09-03T05:13:58
================================================================================
[2026-09-03T05:14:55.673+0000] {manager.py:878} INFO - 
================================================================================
DAG File Processing Stats

File Path                               PID    Runtime      # DAGs    # Errors  Last Runtime    Last Run
--------------------------------------  -----  ---------  --------  ----------  --------------  -------------------
/opt/airflow/dags/schema_drift_dag.py                            1           0  0.18s           2026-09-03T05:14:41
/opt/airflow/dags/00_seed_demo_data.py                           1           0  0.18s           2026-09-03T05:14:41
/opt/airflow/dags/flaky_etl_dag.py                               1           0  0.16s           2026-09-03T05:14:26
/opt/airflow/dags/null_spike_dag.py                              1           0  0.12s           2026-09-03T05:14:29
================================================================================
[2026-09-03T05:15:26.390+0000] {manager.py:878} INFO - 
================================================================================
DAG File Processing Stats

File Path                               PID    Runtime      # DAGs    # Errors  Last Runtime    Last Run
--------------------------------------  -----  ---------  --------  ----------  --------------  -------------------
/opt/airflow/dags/00_seed_demo_data.py                           1           0  0.40s           2026-09-03T05:15:12
/opt/airflow/dags/schema_drift_dag.py                            1           0  0.29s           2026-09-03T05:15:12
/opt/airflow/dags/flaky_etl_dag.py                               1           0  0.15s           2026-09-03T05:14:56
/opt/airflow/dags/null_spike_dag.py                              1           0  0.12s           2026-09-03T05:14:59
================================================================================
[2026-09-03T05:15:56.844+0000] {manager.py:878} INFO - 
================================================================================
DAG File Processing Stats

File Path                               PID    Runtime      # DAGs    # Errors  Last Runtime    Last Run
--------------------------------------  -----  ---------  --------  ----------  --------------  -------------------
/opt/airflow/dags/flaky_etl_dag.py                               1           0  0.40s           2026-09-03T05:15:27
/opt/airflow/dags/null_spike_dag.py                              1           0  0.27s           2026-09-03T05:15:30
/opt/airflow/dags/00_seed_demo_data.py                           1           0  0.13s           2026-09-03T05:15:42
/opt/airflow/dags/schema_drift_dag.py                            1           0  0.13s           2026-09-03T05:15:42
================================================================================
[2026-09-03T05:16:27.442+0000] {manager.py:878} INFO - 
================================================================================
DAG File Processing Stats

File Path                               PID    Runtime      # DAGs    # Errors  Last Runtime    Last Run
--------------------------------------  -----  ---------  --------  ----------  --------------  -------------------
/opt/airflow/dags/schema_drift_dag.py                            1           0  0.17s           2026-09-03T05:16:13
/opt/airflow/dags/00_seed_demo_data.py                           1           0  0.17s           2026-09-03T05:16:13
/opt/airflow/dags/flaky_etl_dag.py                               1           0  0.14s           2026-09-03T05:15:58
/opt/airflow/dags/null_spike_dag.py                              1           0  0.11s           2026-09-03T05:16:01
================================================================================
[2026-09-03T05:16:58.044+0000] {manager.py:878} INFO - 
================================================================================
DAG File Processing Stats

File Path                               PID    Runtime      # DAGs    # Errors  Last Runtime    Last Run
--------------------------------------  -----  ---------  --------  ----------  --------------  -------------------
/opt/airflow/dags/schema_drift_dag.py                            1           0  0.24s           2026-09-03T05:16:44
/opt/airflow/dags/00_seed_demo_data.py                           1           0  0.18s           2026-09-03T05:16:44
/opt/airflow/dags/flaky_etl_dag.py                               1           0  0.11s           2026-09-03T05:16:28
/opt/airflow/dags/null_spike_dag.py                              1           0  0.10s           2026-09-03T05:16:31
================================================================================
[2026-09-03T05:17:28.613+0000] {manager.py:878} INFO - 
================================================================================
DAG File Processing Stats

File Path                               PID    Runtime      # DAGs    # Errors  Last Runtime    Last Run
--------------------------------------  -----  ---------  --------  ----------  --------------  -------------------
/opt/airflow/dags/flaky_etl_dag.py                               1           0  0.16s           2026-09-03T05:16:59
/opt/airflow/dags/00_seed_demo_data.py                           1           0  0.13s           2026-09-03T05:17:14
/opt/airflow/dags/schema_drift_dag.py                            1           0  0.13s           2026-09-03T05:17:14
/opt/airflow/dags/null_spike_dag.py                              1           0  0.10s           2026-09-03T05:17:02
================================================================================
[2026-09-03T05:17:59.193+0000] {manager.py:878} INFO - 
================================================================================
DAG File Processing Stats

File Path                               PID    Runtime      # DAGs    # Errors  Last Runtime    Last Run
--------------------------------------  -----  ---------  --------  ----------  --------------  -------------------
/opt/airflow/dags/schema_drift_dag.py                            1           0  0.14s           2026-09-03T05:17:45
/opt/airflow/dags/00_seed_demo_data.py                           1           0  0.14s           2026-09-03T05:17:45
/opt/airflow/dags/null_spike_dag.py                              1           0  0.13s           2026-09-03T05:17:32
/opt/airflow/dags/flaky_etl_dag.py                               1           0  0.11s           2026-09-03T05:17:29
================================================================================
[2026-09-03T05:18:29.785+0000] {manager.py:878} INFO - 
================================================================================
DAG File Processing Stats

File Path                               PID    Runtime      # DAGs    # Errors  Last Runtime    Last Run
--------------------------------------  -----  ---------  --------  ----------  --------------  -------------------
/opt/airflow/dags/schema_drift_dag.py                            1           0  0.17s           2026-09-03T05:18:15
/opt/airflow/dags/null_spike_dag.py                              1           0  0.16s           2026-09-03T05:18:03
/opt/airflow/dags/flaky_etl_dag.py                               1           0  0.16s           2026-09-03T05:18:00
/opt/airflow/dags/00_seed_demo_data.py                           1           0  0.15s           2026-09-03T05:18:15
================================================================================
[2026-09-03T05:19:00.426+0000] {manager.py:878} INFO - 
================================================================================
DAG File Processing Stats

File Path                               PID    Runtime      # DAGs    # Errors  Last Runtime    Last Run
--------------------------------------  -----  ---------  --------  ----------  --------------  -------------------
/opt/airflow/dags/schema_drift_dag.py                            1           0  0.14s           2026-09-03T05:18:46
/opt/airflow/dags/00_seed_demo_data.py                           1           0  0.14s           2026-09-03T05:18:46
/opt/airflow/dags/flaky_etl_dag.py                               1           0  0.12s           2026-09-03T05:18:30
/opt/airflow/dags/null_spike_dag.py                              1           0  0.10s           2026-09-03T05:18:33
================================================================================
[2026-09-03T05:19:21.125+0000] {manager.py:737} INFO - Searching for files in /opt/airflow/dags
[2026-09-03T05:19:21.171+0000] {manager.py:740} INFO - There are 4 files in /opt/airflow/dags
[2026-09-03T05:19:31.152+0000] {manager.py:878} INFO - 
================================================================================
DAG File Processing Stats

File Path                               PID    Runtime      # DAGs    # Errors  Last Runtime    Last Run
--------------------------------------  -----  ---------  --------  ----------  --------------  -------------------
/opt/airflow/dags/00_seed_demo_data.py                           1           0  0.17s           2026-09-03T05:19:16
/opt/airflow/dags/schema_drift_dag.py                            1           0  0.14s           2026-09-03T05:19:18
/opt/airflow/dags/flaky_etl_dag.py                               1           0  0.14s           2026-09-03T05:19:08
/opt/airflow/dags/null_spike_dag.py                              1           0  0.11s           2026-09-03T05:19:04
================================================================================
[2026-09-03T05:20:01.642+0000] {manager.py:878} INFO - 
================================================================================
DAG File Processing Stats

File Path                               PID    Runtime      # DAGs    # Errors  Last Runtime    Last Run
--------------------------------------  -----  ---------  --------  ----------  --------------  -------------------
/opt/airflow/dags/00_seed_demo_data.py                           1           0  0.12s           2026-09-03T05:19:47
/opt/airflow/dags/null_spike_dag.py                              1           0  0.12s           2026-09-03T05:19:35
/opt/airflow/dags/flaky_etl_dag.py                               1           0  0.11s           2026-09-03T05:19:39
/opt/airflow/dags/schema_drift_dag.py                            1           0  0.10s           2026-09-03T05:19:48
================================================================================
[2026-09-03T05:20:32.254+0000] {manager.py:878} INFO - 
================================================================================
DAG File Processing Stats

File Path                               PID    Runtime      # DAGs    # Errors  Last Runtime    Last Run
--------------------------------------  -----  ---------  --------  ----------  --------------  -------------------
/opt/airflow/dags/schema_drift_dag.py                            1           0  0.15s           2026-09-03T05:20:19
/opt/airflow/dags/00_seed_demo_data.py                           1           0  0.14s           2026-09-03T05:20:18
/opt/airflow/dags/null_spike_dag.py                              1           0  0.13s           2026-09-03T05:20:05
/opt/airflow/dags/flaky_etl_dag.py                               1           0  0.11s           2026-09-03T05:20:09
================================================================================
[2026-09-03T05:21:02.887+0000] {manager.py:878} INFO - 
================================================================================
DAG File Processing Stats

File Path                               PID    Runtime      # DAGs    # Errors  Last Runtime    Last Run
--------------------------------------  -----  ---------  --------  ----------  --------------  -------------------
/opt/airflow/dags/flaky_etl_dag.py                               1           0  0.14s           2026-09-03T05:20:40
/opt/airflow/dags/null_spike_dag.py                              1           0  0.12s           2026-09-03T05:20:36
/opt/airflow/dags/schema_drift_dag.py                            1           0  0.11s           2026-09-03T05:20:49
/opt/airflow/dags/00_seed_demo_data.py                           1           0  0.11s           2026-09-03T05:20:48
================================================================================
[2026-09-03T05:21:33.241+0000] {manager.py:878} INFO - 
================================================================================
DAG File Processing Stats

File Path                               PID    Runtime      # DAGs    # Errors  Last Runtime    Last Run
--------------------------------------  -----  ---------  --------  ----------  --------------  -------------------
/opt/airflow/dags/null_spike_dag.py                              1           0  0.14s           2026-09-03T05:21:07
/opt/airflow/dags/flaky_etl_dag.py                               1           0  0.13s           2026-09-03T05:21:11
/opt/airflow/dags/00_seed_demo_data.py                           1           0  0.11s           2026-09-03T05:21:19
/opt/airflow/dags/schema_drift_dag.py                            1           0  0.11s           2026-09-03T05:21:20
================================================================================
[2026-09-03T05:22:03.754+0000] {manager.py:878} INFO - 
================================================================================
DAG File Processing Stats

File Path                               PID    Runtime      # DAGs    # Errors  Last Runtime    Last Run
--------------------------------------  -----  ---------  --------  ----------  --------------  -------------------
/opt/airflow/dags/00_seed_demo_data.py                           1           0  0.11s           2026-09-03T05:21:49
/opt/airflow/dags/flaky_etl_dag.py                               1           0  0.11s           2026-09-03T05:21:41
/opt/airflow/dags/schema_drift_dag.py                            1           0  0.10s           2026-09-03T05:21:50
/opt/airflow/dags/null_spike_dag.py                              1           0  0.10s           2026-09-03T05:21:37
================================================================================
[2026-09-03T05:22:34.465+0000] {manager.py:878} INFO - 
================================================================================
DAG File Processing Stats

File Path                               PID    Runtime      # DAGs    # Errors  Last Runtime    Last Run
--------------------------------------  -----  ---------  --------  ----------  --------------  -------------------
/opt/airflow/dags/00_seed_demo_data.py                           1           0  0.15s           2026-09-03T05:22:20
/opt/airflow/dags/schema_drift_dag.py                            1           0  0.14s           2026-09-03T05:22:28
/opt/airflow/dags/flaky_etl_dag.py                               1           0  0.11s           2026-09-03T05:22:12
/opt/airflow/dags/null_spike_dag.py                              1           0  0.11s           2026-09-03T05:22:07
================================================================================
[2026-09-03T05:23:04.987+0000] {manager.py:878} INFO - 
================================================================================
DAG File Processing Stats

File Path                               PID    Runtime      # DAGs    # Errors  Last Runtime    Last Run
--------------------------------------  -----  ---------  --------  ----------  --------------  -------------------
/opt/airflow/dags/null_spike_dag.py                              1           0  0.15s           2026-09-03T05:22:38
/opt/airflow/dags/00_seed_demo_data.py                           1           0  0.14s           2026-09-03T05:22:50
/opt/airflow/dags/schema_drift_dag.py                            1           0  0.11s           2026-09-03T05:22:58
/opt/airflow/dags/flaky_etl_dag.py                               1           0  0.10s           2026-09-03T05:22:42
================================================================================
[2026-09-03T05:23:35.556+0000] {manager.py:878} INFO - 
================================================================================
DAG File Processing Stats

File Path                               PID    Runtime      # DAGs    # Errors  Last Runtime    Last Run
--------------------------------------  -----  ---------  --------  ----------  --------------  -------------------
/opt/airflow/dags/00_seed_demo_data.py                           1           0  0.14s           2026-09-03T05:23:21
/opt/airflow/dags/null_spike_dag.py                              1           0  0.13s           2026-09-03T05:23:09
/opt/airflow/dags/flaky_etl_dag.py                               1           0  0.11s           2026-09-03T05:23:13
/opt/airflow/dags/schema_drift_dag.py                            1           0  0.11s           2026-09-03T05:23:29
================================================================================
[2026-09-03T05:24:06.158+0000] {manager.py:878} INFO - 
================================================================================
DAG File Processing Stats

File Path                               PID    Runtime      # DAGs    # Errors  Last Runtime    Last Run
--------------------------------------  -----  ---------  --------  ----------  --------------  -------------------
/opt/airflow/dags/null_spike_dag.py                              1           0  0.15s           2026-09-03T05:23:39
/opt/airflow/dags/flaky_etl_dag.py                               1           0  0.14s           2026-09-03T05:23:43
/opt/airflow/dags/schema_drift_dag.py                            1           0  0.14s           2026-09-03T05:24:00
/opt/airflow/dags/00_seed_demo_data.py                           1           0  0.11s           2026-09-03T05:23:52
================================================================================
[2026-09-03T05:24:21.500+0000] {manager.py:737} INFO - Searching for files in /opt/airflow/dags
[2026-09-03T05:24:21.550+0000] {manager.py:740} INFO - There are 4 files in /opt/airflow/dags
[2026-09-03T05:24:36.845+0000] {manager.py:878} INFO - 
================================================================================
DAG File Processing Stats

File Path                               PID    Runtime      # DAGs    # Errors  Last Runtime    Last Run
--------------------------------------  -----  ---------  --------  ----------  --------------  -------------------
/opt/airflow/dags/null_spike_dag.py                              1           0  0.15s           2026-09-03T05:24:10
/opt/airflow/dags/schema_drift_dag.py                            1           0  0.12s           2026-09-03T05:24:30
/opt/airflow/dags/flaky_etl_dag.py                               1           0  0.12s           2026-09-03T05:24:14
/opt/airflow/dags/00_seed_demo_data.py                           1           0  0.11s           2026-09-03T05:24:22
================================================================================
[2026-09-03T05:25:07.593+0000] {manager.py:878} INFO - 
================================================================================
DAG File Processing Stats

File Path                               PID    Runtime      # DAGs    # Errors  Last Runtime    Last Run
--------------------------------------  -----  ---------  --------  ----------  --------------  -------------------
/opt/airflow/dags/00_seed_demo_data.py                           1           0  0.17s           2026-09-03T05:24:53
/opt/airflow/dags/schema_drift_dag.py                            1           0  0.16s           2026-09-03T05:25:01
/opt/airflow/dags/null_spike_dag.py                              1           0  0.15s           2026-09-03T05:24:41
/opt/airflow/dags/flaky_etl_dag.py                               1           0  0.11s           2026-09-03T05:24:45
================================================================================
[2026-09-03T05:25:38.243+0000] {manager.py:878} INFO - 
================================================================================
DAG File Processing Stats

File Path                               PID    Runtime      # DAGs    # Errors  Last Runtime    Last Run
--------------------------------------  -----  ---------  --------  ----------  --------------  -------------------
/opt/airflow/dags/00_seed_demo_data.py                           1           0  0.19s           2026-09-03T05:25:24
/opt/airflow/dags/null_spike_dag.py                              1           0  0.12s           2026-09-03T05:25:11
/opt/airflow/dags/flaky_etl_dag.py                               1           0  0.12s           2026-09-03T05:25:15
/opt/airflow/dags/schema_drift_dag.py                            1           0  0.11s           2026-09-03T05:25:32
================================================================================
[2026-09-03T05:26:08.860+0000] {manager.py:878} INFO - 
================================================================================
DAG File Processing Stats

File Path                               PID    Runtime      # DAGs    # Errors  Last Runtime    Last Run
--------------------------------------  -----  ---------  --------  ----------  --------------  -------------------
/opt/airflow/dags/flaky_etl_dag.py                               1           0  0.16s           2026-09-03T05:25:46
/opt/airflow/dags/00_seed_demo_data.py                           1           0  0.11s           2026-09-03T05:25:54
/opt/airflow/dags/schema_drift_dag.py                            1           0  0.11s           2026-09-03T05:26:02
/opt/airflow/dags/null_spike_dag.py                              1           0  0.11s           2026-09-03T05:25:42
================================================================================
[2026-09-03T05:26:39.545+0000] {manager.py:878} INFO - 
================================================================================
DAG File Processing Stats

File Path                               PID    Runtime      # DAGs    # Errors  Last Runtime    Last Run
--------------------------------------  -----  ---------  --------  ----------  --------------  -------------------
/opt/airflow/dags/null_spike_dag.py                              1           0  0.17s           2026-09-03T05:26:13
/opt/airflow/dags/flaky_etl_dag.py                               1           0  0.17s           2026-09-03T05:26:17
/opt/airflow/dags/00_seed_demo_data.py                           1           0  0.14s           2026-09-03T05:26:25
/opt/airflow/dags/schema_drift_dag.py                            1           0  0.10s           2026-09-03T05:26:33
================================================================================
[2026-09-03T05:27:10.179+0000] {manager.py:878} INFO - 
================================================================================
DAG File Processing Stats

File Path                               PID    Runtime      # DAGs    # Errors  Last Runtime    Last Run
--------------------------------------  -----  ---------  --------  ----------  --------------  -------------------
/opt/airflow/dags/schema_drift_dag.py                            1           0  0.18s           2026-09-03T05:27:04
/opt/airflow/dags/null_spike_dag.py                              1           0  0.14s           2026-09-03T05:26:43
/opt/airflow/dags/flaky_etl_dag.py                               1           0  0.13s           2026-09-03T05:26:47
/opt/airflow/dags/00_seed_demo_data.py                           1           0  0.12s           2026-09-03T05:26:56
================================================================================
[2026-09-03T05:27:40.868+0000] {manager.py:878} INFO - 
================================================================================
DAG File Processing Stats

File Path                               PID    Runtime      # DAGs    # Errors  Last Runtime    Last Run
--------------------------------------  -----  ---------  --------  ----------  --------------  -------------------
/opt/airflow/dags/00_seed_demo_data.py                           1           0  0.16s           2026-09-03T05:27:26
/opt/airflow/dags/null_spike_dag.py                              1           0  0.14s           2026-09-03T05:27:14
/opt/airflow/dags/schema_drift_dag.py                            1           0  0.13s           2026-09-03T05:27:34
/opt/airflow/dags/flaky_etl_dag.py                               1           0  0.10s           2026-09-03T05:27:18
================================================================================
[2026-09-03T05:28:11.461+0000] {manager.py:878} INFO - 
================================================================================
DAG File Processing Stats

File Path                               PID    Runtime      # DAGs    # Errors  Last Runtime    Last Run
--------------------------------------  -----  ---------  --------  ----------  --------------  -------------------
/opt/airflow/dags/schema_drift_dag.py                            1           0  0.14s           2026-09-03T05:28:05
/opt/airflow/dags/00_seed_demo_data.py                           1           0  0.13s           2026-09-03T05:27:57
/opt/airflow/dags/null_spike_dag.py                              1           0  0.13s           2026-09-03T05:27:45
/opt/airflow/dags/flaky_etl_dag.py                               1           0  0.11s           2026-09-03T05:27:49
================================================================================
[2026-09-03T05:28:42.081+0000] {manager.py:878} INFO - 
================================================================================
DAG File Processing Stats

File Path                               PID    Runtime      # DAGs    # Errors  Last Runtime    Last Run
--------------------------------------  -----  ---------  --------  ----------  --------------  -------------------
/opt/airflow/dags/flaky_etl_dag.py                               1           0  0.26s           2026-09-03T05:28:19
/opt/airflow/dags/schema_drift_dag.py                            1           0  0.17s           2026-09-03T05:28:36
/opt/airflow/dags/null_spike_dag.py                              1           0  0.14s           2026-09-03T05:28:15
/opt/airflow/dags/00_seed_demo_data.py                           1           0  0.11s           2026-09-03T05:28:27
================================================================================
[2026-09-03T05:29:12.581+0000] {manager.py:878} INFO - 
================================================================================
DAG File Processing Stats

File Path                               PID    Runtime      # DAGs    # Errors  Last Runtime    Last Run
--------------------------------------  -----  ---------  --------  ----------  --------------  -------------------
/opt/airflow/dags/flaky_etl_dag.py                               1           0  0.23s           2026-09-03T05:28:50
/opt/airflow/dags/00_seed_demo_data.py                           1           0  0.14s           2026-09-03T05:28:58
/opt/airflow/dags/schema_drift_dag.py                            1           0  0.14s           2026-09-03T05:29:06
/opt/airflow/dags/null_spike_dag.py                              1           0  0.12s           2026-09-03T05:28:46
================================================================================
[2026-09-03T05:29:21.844+0000] {manager.py:737} INFO - Searching for files in /opt/airflow/dags
[2026-09-03T05:29:21.909+0000] {manager.py:740} INFO - There are 4 files in /opt/airflow/dags
[2026-09-03T05:29:43.186+0000] {manager.py:878} INFO - 
================================================================================
DAG File Processing Stats

File Path                               PID    Runtime      # DAGs    # Errors  Last Runtime    Last Run
--------------------------------------  -----  ---------  --------  ----------  --------------  -------------------
/opt/airflow/dags/00_seed_demo_data.py                           1           0  0.15s           2026-09-03T05:29:29
/opt/airflow/dags/null_spike_dag.py                              1           0  0.13s           2026-09-03T05:29:16
/opt/airflow/dags/flaky_etl_dag.py                               1           0  0.13s           2026-09-03T05:29:20
/opt/airflow/dags/schema_drift_dag.py                            1           0  0.11s           2026-09-03T05:29:37
================================================================================
[2026-09-03T05:30:13.847+0000] {manager.py:878} INFO - 
================================================================================
DAG File Processing Stats

File Path                               PID    Runtime      # DAGs    # Errors  Last Runtime    Last Run
--------------------------------------  -----  ---------  --------  ----------  --------------  -------------------
/opt/airflow/dags/00_seed_demo_data.py                           1           0  0.14s           2026-09-03T05:29:59
/opt/airflow/dags/schema_drift_dag.py                            1           0  0.14s           2026-09-03T05:30:07
/opt/airflow/dags/null_spike_dag.py                              1           0  0.11s           2026-09-03T05:29:47
/opt/airflow/dags/flaky_etl_dag.py                               1           0  0.11s           2026-09-03T05:29:51
================================================================================
[2026-09-03T05:30:44.371+0000] {manager.py:878} INFO - 
================================================================================
DAG File Processing Stats

File Path                               PID    Runtime      # DAGs    # Errors  Last Runtime    Last Run
--------------------------------------  -----  ---------  --------  ----------  --------------  -------------------
/opt/airflow/dags/flaky_etl_dag.py                               1           0  0.15s           2026-09-03T05:30:22
/opt/airflow/dags/schema_drift_dag.py                            1           0  0.14s           2026-09-03T05:30:38
/opt/airflow/dags/00_seed_demo_data.py                           1           0  0.13s           2026-09-03T05:30:30
/opt/airflow/dags/null_spike_dag.py                              1           0  0.12s           2026-09-03T05:30:18
================================================================================
[2026-09-03T05:31:15.003+0000] {manager.py:878} INFO - 
================================================================================
DAG File Processing Stats

File Path                               PID    Runtime      # DAGs    # Errors  Last Runtime    Last Run
--------------------------------------  -----  ---------  --------  ----------  --------------  -------------------
/opt/airflow/dags/00_seed_demo_data.py                           1           0  0.13s           2026-09-03T05:31:00
/opt/airflow/dags/null_spike_dag.py                              1           0  0.12s           2026-09-03T05:30:48
/opt/airflow/dags/flaky_etl_dag.py                               1           0  0.12s           2026-09-03T05:30:52
/opt/airflow/dags/schema_drift_dag.py                            1           0  0.11s           2026-09-03T05:31:09
================================================================================
[2026-09-03T05:31:45.683+0000] {manager.py:878} INFO - 
================================================================================
DAG File Processing Stats

File Path                               PID    Runtime      # DAGs    # Errors  Last Runtime    Last Run
--------------------------------------  -----  ---------  --------  ----------  --------------  -------------------
/opt/airflow/dags/flaky_etl_dag.py                               1           0  0.17s           2026-09-03T05:31:23
/opt/airflow/dags/00_seed_demo_data.py                           1           0  0.15s           2026-09-03T05:31:31
/opt/airflow/dags/null_spike_dag.py                              1           0  0.14s           2026-09-03T05:31:19
/opt/airflow/dags/schema_drift_dag.py                            1           0  0.14s           2026-09-03T05:31:39
================================================================================
[2026-09-03T05:32:16.291+0000] {manager.py:878} INFO - 
================================================================================
DAG File Processing Stats

File Path                               PID    Runtime      # DAGs    # Errors  Last Runtime    Last Run
--------------------------------------  -----  ---------  --------  ----------  --------------  -------------------
/opt/airflow/dags/00_seed_demo_data.py                           1           0  0.13s           2026-09-03T05:32:02
/opt/airflow/dags/flaky_etl_dag.py                               1           0  0.12s           2026-09-03T05:31:53
/opt/airflow/dags/null_spike_dag.py                              1           0  0.11s           2026-09-03T05:31:49
/opt/airflow/dags/schema_drift_dag.py                            1           0  0.11s           2026-09-03T05:32:10
================================================================================
[2026-09-03T05:32:46.961+0000] {manager.py:878} INFO - 
================================================================================
DAG File Processing Stats

File Path                               PID    Runtime      # DAGs    # Errors  Last Runtime    Last Run
--------------------------------------  -----  ---------  --------  ----------  --------------  -------------------
/opt/airflow/dags/flaky_etl_dag.py                               1           0  0.15s           2026-09-03T05:32:24
/opt/airflow/dags/00_seed_demo_data.py                           1           0  0.15s           2026-09-03T05:32:32
/opt/airflow/dags/schema_drift_dag.py                            1           0  0.13s           2026-09-03T05:32:40
/opt/airflow/dags/null_spike_dag.py                              1           0  0.11s           2026-09-03T05:32:20
================================================================================
[2026-09-03T05:33:17.607+0000] {manager.py:878} INFO - 
================================================================================
DAG File Processing Stats

File Path                               PID    Runtime      # DAGs    # Errors  Last Runtime    Last Run
--------------------------------------  -----  ---------  --------  ----------  --------------  -------------------
/opt/airflow/dags/null_spike_dag.py                              1           0  0.15s           2026-09-03T05:32:51
/opt/airflow/dags/flaky_etl_dag.py                               1           0  0.14s           2026-09-03T05:32:55
/opt/airflow/dags/00_seed_demo_data.py                           1           0  0.13s           2026-09-03T05:33:03
/opt/airflow/dags/schema_drift_dag.py                            1           0  0.11s           2026-09-03T05:33:11
================================================================================
[2026-09-03T05:33:48.145+0000] {manager.py:878} INFO - 
================================================================================
DAG File Processing Stats

File Path                               PID    Runtime      # DAGs    # Errors  Last Runtime    Last Run
--------------------------------------  -----  ---------  --------  ----------  --------------  -------------------
/opt/airflow/dags/00_seed_demo_data.py                           1           0  0.17s           2026-09-03T05:33:34
/opt/airflow/dags/flaky_etl_dag.py                               1           0  0.12s           2026-09-03T05:33:25
/opt/airflow/dags/schema_drift_dag.py                            1           0  0.12s           2026-09-03T05:33:42
/opt/airflow/dags/null_spike_dag.py                              1           0  0.12s           2026-09-03T05:33:21
================================================================================
[2026-09-03T05:34:18.844+0000] {manager.py:878} INFO - 
================================================================================
DAG File Processing Stats

File Path                               PID    Runtime      # DAGs    # Errors  Last Runtime    Last Run
--------------------------------------  -----  ---------  --------  ----------  --------------  -------------------
/opt/airflow/dags/schema_drift_dag.py                            1           0  0.14s           2026-09-03T05:34:12
/opt/airflow/dags/00_seed_demo_data.py                           1           0  0.13s           2026-09-03T05:34:04
/opt/airflow/dags/null_spike_dag.py                              1           0  0.11s           2026-09-03T05:33:52
/opt/airflow/dags/flaky_etl_dag.py                               1           0  0.11s           2026-09-03T05:33:56
================================================================================
[2026-09-03T05:34:21.886+0000] {manager.py:737} INFO - Searching for files in /opt/airflow/dags
[2026-09-03T05:34:21.933+0000] {manager.py:740} INFO - There are 4 files in /opt/airflow/dags
[2026-09-03T05:34:49.449+0000] {manager.py:878} INFO - 
================================================================================
DAG File Processing Stats

File Path                               PID    Runtime      # DAGs    # Errors  Last Runtime    Last Run
--------------------------------------  -----  ---------  --------  ----------  --------------  -------------------
/opt/airflow/dags/00_seed_demo_data.py                           1           0  0.20s           2026-09-03T05:34:35
/opt/airflow/dags/flaky_etl_dag.py                               1           0  0.14s           2026-09-03T05:34:27
/opt/airflow/dags/schema_drift_dag.py                            1           0  0.13s           2026-09-03T05:34:43
/opt/airflow/dags/null_spike_dag.py                              1           0  0.12s           2026-09-03T05:34:23
================================================================================
[2026-09-03T05:35:20.065+0000] {manager.py:878} INFO - 
================================================================================
DAG File Processing Stats

File Path                               PID    Runtime      # DAGs    # Errors  Last Runtime    Last Run
--------------------------------------  -----  ---------  --------  ----------  --------------  -------------------
/opt/airflow/dags/00_seed_demo_data.py                           1           0  0.13s           2026-09-03T05:35:05
/opt/airflow/dags/null_spike_dag.py                              1           0  0.11s           2026-09-03T05:34:53
/opt/airflow/dags/schema_drift_dag.py                            1           0  0.11s           2026-09-03T05:35:14
/opt/airflow/dags/flaky_etl_dag.py                               1           0  0.11s           2026-09-03T05:34:57
================================================================================
[2026-09-03T05:35:50.708+0000] {manager.py:878} INFO - 
================================================================================
DAG File Processing Stats

File Path                               PID    Runtime      # DAGs    # Errors  Last Runtime    Last Run
--------------------------------------  -----  ---------  --------  ----------  --------------  -------------------
/opt/airflow/dags/null_spike_dag.py                              1           0  0.12s           2026-09-03T05:35:24
/opt/airflow/dags/schema_drift_dag.py                            1           0  0.11s           2026-09-03T05:35:44
/opt/airflow/dags/flaky_etl_dag.py                               1           0  0.11s           2026-09-03T05:35:28
/opt/airflow/dags/00_seed_demo_data.py                           1           0  0.10s           2026-09-03T05:35:36
================================================================================
[2026-09-03T05:36:21.403+0000] {manager.py:878} INFO - 
================================================================================
DAG File Processing Stats

File Path                               PID    Runtime      # DAGs    # Errors  Last Runtime    Last Run
--------------------------------------  -----  ---------  --------  ----------  --------------  -------------------
/opt/airflow/dags/00_seed_demo_data.py                           1           0  0.16s           2026-09-03T05:36:07
/opt/airflow/dags/null_spike_dag.py                              1           0  0.13s           2026-09-03T05:35:54
/opt/airflow/dags/schema_drift_dag.py                            1           0  0.11s           2026-09-03T05:36:15
/opt/airflow/dags/flaky_etl_dag.py                               1           0  0.10s           2026-09-03T05:35:59
================================================================================
[2026-09-03T05:36:51.995+0000] {manager.py:878} INFO - 
================================================================================
DAG File Processing Stats

File Path                               PID    Runtime      # DAGs    # Errors  Last Runtime    Last Run
--------------------------------------  -----  ---------  --------  ----------  --------------  -------------------
/opt/airflow/dags/schema_drift_dag.py                            1           0  0.14s           2026-09-03T05:36:45
/opt/airflow/dags/flaky_etl_dag.py                               1           0  0.11s           2026-09-03T05:36:29
/opt/airflow/dags/null_spike_dag.py                              1           0  0.11s           2026-09-03T05:36:25
/opt/airflow/dags/00_seed_demo_data.py                           1           0  0.10s           2026-09-03T05:36:37
================================================================================
[2026-09-03T05:37:22.632+0000] {manager.py:878} INFO - 
================================================================================
DAG File Processing Stats

File Path                               PID    Runtime      # DAGs    # Errors  Last Runtime    Last Run
--------------------------------------  -----  ---------  --------  ----------  --------------  -------------------
/opt/airflow/dags/00_seed_demo_data.py                           1           0  0.18s           2026-09-03T05:37:08
/opt/airflow/dags/null_spike_dag.py                              1           0  0.15s           2026-09-03T05:36:56
/opt/airflow/dags/schema_drift_dag.py                            1           0  0.14s           2026-09-03T05:37:16
/opt/airflow/dags/flaky_etl_dag.py                               1           0  0.11s           2026-09-03T05:37:00
================================================================================
[2026-09-03T05:37:53.245+0000] {manager.py:878} INFO - 
================================================================================
DAG File Processing Stats

File Path                               PID    Runtime      # DAGs    # Errors  Last Runtime    Last Run
--------------------------------------  -----  ---------  --------  ----------  --------------  -------------------
/opt/airflow/dags/null_spike_dag.py                              1           0  0.12s           2026-09-03T05:37:26
/opt/airflow/dags/schema_drift_dag.py                            1           0  0.11s           2026-09-03T05:37:47
/opt/airflow/dags/00_seed_demo_data.py                           1           0  0.11s           2026-09-03T05:37:39
/opt/airflow/dags/flaky_etl_dag.py                               1           0  0.11s           2026-09-03T05:37:30
================================================================================
[2026-09-03T05:38:23.941+0000] {manager.py:878} INFO - 
================================================================================
DAG File Processing Stats

File Path                               PID    Runtime      # DAGs    # Errors  Last Runtime    Last Run
--------------------------------------  -----  ---------  --------  ----------  --------------  -------------------
/opt/airflow/dags/schema_drift_dag.py                            1           0  0.16s           2026-09-03T05:38:17
/opt/airflow/dags/00_seed_demo_data.py                           1           0  0.15s           2026-09-03T05:38:09
/opt/airflow/dags/flaky_etl_dag.py                               1           0  0.15s           2026-09-03T05:38:01
/opt/airflow/dags/null_spike_dag.py                              1           0  0.11s           2026-09-03T05:37:57
================================================================================
[2026-09-03T05:38:54.631+0000] {manager.py:878} INFO - 
================================================================================
DAG File Processing Stats

File Path                               PID    Runtime      # DAGs    # Errors  Last Runtime    Last Run
--------------------------------------  -----  ---------  --------  ----------  --------------  -------------------
/opt/airflow/dags/null_spike_dag.py                              1           0  0.16s           2026-09-03T05:38:28
/opt/airflow/dags/flaky_etl_dag.py                               1           0  0.11s           2026-09-03T05:38:32
/opt/airflow/dags/schema_drift_dag.py                            1           0  0.11s           2026-09-03T05:38:48
/opt/airflow/dags/00_seed_demo_data.py                           1           0  0.11s           2026-09-03T05:38:40
================================================================================
[2026-09-03T05:39:22.298+0000] {manager.py:737} INFO - Searching for files in /opt/airflow/dags
[2026-09-03T05:39:22.344+0000] {manager.py:740} INFO - There are 4 files in /opt/airflow/dags
[2026-09-03T05:39:25.397+0000] {manager.py:878} INFO - 
================================================================================
DAG File Processing Stats

File Path                               PID    Runtime      # DAGs    # Errors  Last Runtime    Last Run
--------------------------------------  -----  ---------  --------  ----------  --------------  -------------------
/opt/airflow/dags/flaky_etl_dag.py                               1           0  0.17s           2026-09-03T05:39:02
/opt/airflow/dags/null_spike_dag.py                              1           0  0.15s           2026-09-03T05:38:58
/opt/airflow/dags/00_seed_demo_data.py                           1           0  0.14s           2026-09-03T05:39:11
/opt/airflow/dags/schema_drift_dag.py                            1           0  0.11s           2026-09-03T05:39:19
================================================================================
[2026-09-03T05:39:55.972+0000] {manager.py:878} INFO - 
================================================================================
DAG File Processing Stats

File Path                               PID    Runtime      # DAGs    # Errors  Last Runtime    Last Run
--------------------------------------  -----  ---------  --------  ----------  --------------  -------------------
/opt/airflow/dags/00_seed_demo_data.py                           1           0  0.16s           2026-09-03T05:39:41
/opt/airflow/dags/flaky_etl_dag.py                               1           0  0.11s           2026-09-03T05:39:33
/opt/airflow/dags/schema_drift_dag.py                            1           0  0.11s           2026-09-03T05:39:49
/opt/airflow/dags/null_spike_dag.py                              1           0  0.10s           2026-09-03T05:39:29
================================================================================
[2026-09-03T05:40:26.706+0000] {manager.py:878} INFO - 
================================================================================
DAG File Processing Stats

File Path                               PID    Runtime      # DAGs    # Errors  Last Runtime    Last Run
--------------------------------------  -----  ---------  --------  ----------  --------------  -------------------
/opt/airflow/dags/null_spike_dag.py                              1           0  0.17s           2026-09-03T05:40:00
/opt/airflow/dags/flaky_etl_dag.py                               1           0  0.15s           2026-09-03T05:40:04
/opt/airflow/dags/schema_drift_dag.py                            1           0  0.11s           2026-09-03T05:40:20
/opt/airflow/dags/00_seed_demo_data.py                           1           0  0.10s           2026-09-03T05:40:12
================================================================================
[2026-09-03T05:40:57.440+0000] {manager.py:878} INFO - 
================================================================================
DAG File Processing Stats

File Path                               PID    Runtime      # DAGs    # Errors  Last Runtime    Last Run
--------------------------------------  -----  ---------  --------  ----------  --------------  -------------------
/opt/airflow/dags/null_spike_dag.py                              1           0  0.18s           2026-09-03T05:40:30
/opt/airflow/dags/flaky_etl_dag.py                               1           0  0.16s           2026-09-03T05:40:35
/opt/airflow/dags/00_seed_demo_data.py                           1           0  0.12s           2026-09-03T05:40:43
/opt/airflow/dags/schema_drift_dag.py                            1           0  0.11s           2026-09-03T05:40:51
================================================================================
[2026-09-03T05:41:27.982+0000] {manager.py:878} INFO - 
================================================================================
DAG File Processing Stats

File Path                               PID    Runtime      # DAGs    # Errors  Last Runtime    Last Run
--------------------------------------  -----  ---------  --------  ----------  --------------  -------------------
/opt/airflow/dags/null_spike_dag.py                              1           0  0.15s           2026-09-03T05:41:01
/opt/airflow/dags/flaky_etl_dag.py                               1           0  0.11s           2026-09-03T05:41:05
/opt/airflow/dags/00_seed_demo_data.py                           1           0  0.11s           2026-09-03T05:41:13
/opt/airflow/dags/schema_drift_dag.py                            1           0  0.11s           2026-09-03T05:41:22
================================================================================
[2026-09-03T05:41:58.701+0000] {manager.py:878} INFO - 
================================================================================
DAG File Processing Stats

File Path                               PID    Runtime      # DAGs    # Errors  Last Runtime    Last Run
--------------------------------------  -----  ---------  --------  ----------  --------------  -------------------
/opt/airflow/dags/flaky_etl_dag.py                               1           0  0.14s           2026-09-03T05:41:36
/opt/airflow/dags/null_spike_dag.py                              1           0  0.14s           2026-09-03T05:41:32
/opt/airflow/dags/schema_drift_dag.py                            1           0  0.11s           2026-09-03T05:41:52
/opt/airflow/dags/00_seed_demo_data.py                           1           0  0.11s           2026-09-03T05:41:44
================================================================================
[2026-09-03T05:42:29.251+0000] {manager.py:878} INFO - 
================================================================================
DAG File Processing Stats

File Path                               PID    Runtime      # DAGs    # Errors  Last Runtime    Last Run
--------------------------------------  -----  ---------  --------  ----------  --------------  -------------------
/opt/airflow/dags/null_spike_dag.py                              1           0  0.17s           2026-09-03T05:42:02
/opt/airflow/dags/schema_drift_dag.py                            1           0  0.14s           2026-09-03T05:42:23
/opt/airflow/dags/00_seed_demo_data.py                           1           0  0.11s           2026-09-03T05:42:15
/opt/airflow/dags/flaky_etl_dag.py                               1           0  0.11s           2026-09-03T05:42:06
================================================================================
[2026-09-03T05:42:59.836+0000] {manager.py:878} INFO - 
================================================================================
DAG File Processing Stats

File Path                               PID    Runtime      # DAGs    # Errors  Last Runtime    Last Run
--------------------------------------  -----  ---------  --------  ----------  --------------  -------------------
/opt/airflow/dags/00_seed_demo_data.py                           1           0  0.14s           2026-09-03T05:42:45
/opt/airflow/dags/null_spike_dag.py                              1           0  0.12s           2026-09-03T05:42:33
/opt/airflow/dags/flaky_etl_dag.py                               1           0  0.11s           2026-09-03T05:42:37
/opt/airflow/dags/schema_drift_dag.py                            1           0  0.10s           2026-09-03T05:42:53
================================================================================
[2026-09-03T05:43:30.452+0000] {manager.py:878} INFO - 
================================================================================
DAG File Processing Stats

File Path                               PID    Runtime      # DAGs    # Errors  Last Runtime    Last Run
--------------------------------------  -----  ---------  --------  ----------  --------------  -------------------
/opt/airflow/dags/null_spike_dag.py                              1           0  0.15s           2026-09-03T05:43:04
/opt/airflow/dags/00_seed_demo_data.py                           1           0  0.14s           2026-09-03T05:43:16
/opt/airflow/dags/flaky_etl_dag.py                               1           0  0.12s           2026-09-03T05:43:08
/opt/airflow/dags/schema_drift_dag.py                            1           0  0.11s           2026-09-03T05:43:24
================================================================================
[2026-09-03T05:44:01.091+0000] {manager.py:878} INFO - 
================================================================================
DAG File Processing Stats

File Path                               PID    Runtime      # DAGs    # Errors  Last Runtime    Last Run
--------------------------------------  -----  ---------  --------  ----------  --------------  -------------------
/opt/airflow/dags/schema_drift_dag.py                            1           0  0.26s           2026-09-03T05:43:55
/opt/airflow/dags/00_seed_demo_data.py                           1           0  0.14s           2026-09-03T05:43:46
/opt/airflow/dags/flaky_etl_dag.py                               1           0  0.11s           2026-09-03T05:43:38
/opt/airflow/dags/null_spike_dag.py                              1           0  0.11s           2026-09-03T05:43:34
================================================================================
[2026-09-03T05:44:22.447+0000] {manager.py:737} INFO - Searching for files in /opt/airflow/dags
[2026-09-03T05:44:22.488+0000] {manager.py:740} INFO - There are 4 files in /opt/airflow/dags
[2026-09-03T05:44:31.658+0000] {manager.py:878} INFO - 
================================================================================
DAG File Processing Stats

File Path                               PID    Runtime      # DAGs    # Errors  Last Runtime    Last Run
--------------------------------------  -----  ---------  --------  ----------  --------------  -------------------
/opt/airflow/dags/00_seed_demo_data.py                           1           0  0.15s           2026-09-03T05:44:17
/opt/airflow/dags/schema_drift_dag.py                            1           0  0.14s           2026-09-03T05:44:25
/opt/airflow/dags/null_spike_dag.py                              1           0  0.13s           2026-09-03T05:44:05
/opt/airflow/dags/flaky_etl_dag.py                               1           0  0.12s           2026-09-03T05:44:09
================================================================================
[2026-09-03T05:45:02.217+0000] {manager.py:878} INFO - 
================================================================================
DAG File Processing Stats

File Path                               PID    Runtime      # DAGs    # Errors  Last Runtime    Last Run
--------------------------------------  -----  ---------  --------  ----------  --------------  -------------------
/opt/airflow/dags/flaky_etl_dag.py                               1           0  0.16s           2026-09-03T05:44:39
/opt/airflow/dags/schema_drift_dag.py                            1           0  0.15s           2026-09-03T05:44:56
/opt/airflow/dags/null_spike_dag.py                              1           0  0.14s           2026-09-03T05:44:35
/opt/airflow/dags/00_seed_demo_data.py                           1           0  0.13s           2026-09-03T05:44:48
================================================================================
[2026-09-03T05:45:32.814+0000] {manager.py:878} INFO - 
================================================================================
DAG File Processing Stats

File Path                               PID    Runtime      # DAGs    # Errors  Last Runtime    Last Run
--------------------------------------  -----  ---------  --------  ----------  --------------  -------------------
/opt/airflow/dags/null_spike_dag.py                              1           0  0.26s           2026-09-03T05:45:06
/opt/airflow/dags/00_seed_demo_data.py                           1           0  0.22s           2026-09-03T05:45:18
/opt/airflow/dags/schema_drift_dag.py                            1           0  0.16s           2026-09-03T05:45:26
/opt/airflow/dags/flaky_etl_dag.py                               1           0  0.16s           2026-09-03T05:45:10
================================================================================
[2026-09-03T05:46:03.453+0000] {manager.py:878} INFO - 
================================================================================
DAG File Processing Stats

File Path                               PID    Runtime      # DAGs    # Errors  Last Runtime    Last Run
--------------------------------------  -----  ---------  --------  ----------  --------------  -------------------
/opt/airflow/dags/flaky_etl_dag.py                               1           0  0.47s           2026-09-03T05:45:41
/opt/airflow/dags/null_spike_dag.py                              1           0  0.18s           2026-09-03T05:45:37
/opt/airflow/dags/schema_drift_dag.py                            1           0  0.13s           2026-09-03T05:45:57
/opt/airflow/dags/00_seed_demo_data.py                           1           0  0.12s           2026-09-03T05:45:49
================================================================================
[2026-09-03T05:46:33.701+0000] {manager.py:878} INFO - 
================================================================================
DAG File Processing Stats

File Path                               PID    Runtime      # DAGs    # Errors  Last Runtime    Last Run
--------------------------------------  -----  ---------  --------  ----------  --------------  -------------------
/opt/airflow/dags/null_spike_dag.py                              1           0  0.20s           2026-09-03T05:46:07
/opt/airflow/dags/flaky_etl_dag.py                               1           0  0.14s           2026-09-03T05:46:11
/opt/airflow/dags/00_seed_demo_data.py                           1           0  0.13s           2026-09-03T05:46:19
/opt/airflow/dags/schema_drift_dag.py                            1           0  0.12s           2026-09-03T05:46:27
================================================================================
[2026-09-03T05:47:04.110+0000] {manager.py:878} INFO - 
================================================================================
DAG File Processing Stats

File Path                               PID    Runtime      # DAGs    # Errors  Last Runtime    Last Run
--------------------------------------  -----  ---------  --------  ----------  --------------  -------------------
/opt/airflow/dags/flaky_etl_dag.py                               1           0  0.51s           2026-09-03T05:46:42
/opt/airflow/dags/00_seed_demo_data.py                           1           0  0.14s           2026-09-03T05:46:50
/opt/airflow/dags/null_spike_dag.py                              1           0  0.14s           2026-09-03T05:46:37
/opt/airflow/dags/schema_drift_dag.py                            1           0  0.11s           2026-09-03T05:46:58
================================================================================
[2026-09-03T05:47:34.701+0000] {manager.py:878} INFO - 
================================================================================
DAG File Processing Stats

File Path                               PID    Runtime      # DAGs    # Errors  Last Runtime    Last Run
--------------------------------------  -----  ---------  --------  ----------  --------------  -------------------
/opt/airflow/dags/flaky_etl_dag.py                               1           0  0.12s           2026-09-03T05:47:13
/opt/airflow/dags/schema_drift_dag.py                            1           0  0.11s           2026-09-03T05:47:28
/opt/airflow/dags/null_spike_dag.py                              1           0  0.11s           2026-09-03T05:47:08
/opt/airflow/dags/00_seed_demo_data.py                           1           0  0.11s           2026-09-03T05:47:20
================================================================================
[2026-09-03T05:48:05.415+0000] {manager.py:878} INFO - 
================================================================================
DAG File Processing Stats

File Path                               PID    Runtime      # DAGs    # Errors  Last Runtime    Last Run
--------------------------------------  -----  ---------  --------  ----------  --------------  -------------------
/opt/airflow/dags/flaky_etl_dag.py                               1           0  0.15s           2026-09-03T05:47:44
/opt/airflow/dags/schema_drift_dag.py                            1           0  0.14s           2026-09-03T05:47:59
/opt/airflow/dags/00_seed_demo_data.py                           1           0  0.14s           2026-09-03T05:47:51
/opt/airflow/dags/null_spike_dag.py                              1           0  0.12s           2026-09-03T05:47:38
================================================================================
[2026-09-03T05:48:36.137+0000] {manager.py:878} INFO - 
================================================================================
DAG File Processing Stats

File Path                               PID    Runtime      # DAGs    # Errors  Last Runtime    Last Run
--------------------------------------  -----  ---------  --------  ----------  --------------  -------------------
/opt/airflow/dags/null_spike_dag.py                              1           0  0.16s           2026-09-03T05:48:09
/opt/airflow/dags/schema_drift_dag.py                            1           0  0.15s           2026-09-03T05:48:30
/opt/airflow/dags/00_seed_demo_data.py                           1           0  0.13s           2026-09-03T05:48:21
/opt/airflow/dags/flaky_etl_dag.py                               1           0  0.11s           2026-09-03T05:48:14
================================================================================
[2026-09-03T05:49:06.795+0000] {manager.py:878} INFO - 
================================================================================
DAG File Processing Stats

File Path                               PID    Runtime      # DAGs    # Errors  Last Runtime    Last Run
--------------------------------------  -----  ---------  --------  ----------  --------------  -------------------
/opt/airflow/dags/schema_drift_dag.py                            1           0  0.12s           2026-09-03T05:49:00
/opt/airflow/dags/flaky_etl_dag.py                               1           0  0.12s           2026-09-03T05:48:45
/opt/airflow/dags/null_spike_dag.py                              1           0  0.11s           2026-09-03T05:48:40
/opt/airflow/dags/00_seed_demo_data.py                           1           0  0.10s           2026-09-03T05:48:52
================================================================================
[2026-09-03T05:49:23.190+0000] {manager.py:737} INFO - Searching for files in /opt/airflow/dags
[2026-09-03T05:49:23.242+0000] {manager.py:740} INFO - There are 4 files in /opt/airflow/dags
[2026-09-03T05:49:37.444+0000] {manager.py:878} INFO - 
================================================================================
DAG File Processing Stats

File Path                               PID    Runtime      # DAGs    # Errors  Last Runtime    Last Run
--------------------------------------  -----  ---------  --------  ----------  --------------  -------------------
/opt/airflow/dags/schema_drift_dag.py                            1           0  0.13s           2026-09-03T05:49:31
/opt/airflow/dags/flaky_etl_dag.py                               1           0  0.11s           2026-09-03T05:49:16
/opt/airflow/dags/00_seed_demo_data.py                           1           0  0.11s           2026-09-03T05:49:23
/opt/airflow/dags/null_spike_dag.py                              1           0  0.11s           2026-09-03T05:49:10
================================================================================
[2026-09-03T05:50:08.151+0000] {manager.py:878} INFO - 
================================================================================
DAG File Processing Stats

File Path                               PID    Runtime      # DAGs    # Errors  Last Runtime    Last Run
--------------------------------------  -----  ---------  --------  ----------  --------------  -------------------
/opt/airflow/dags/null_spike_dag.py                              1           0  0.15s           2026-09-03T05:49:41
/opt/airflow/dags/flaky_etl_dag.py                               1           0  0.13s           2026-09-03T05:49:46
/opt/airflow/dags/schema_drift_dag.py                            1           0  0.11s           2026-09-03T05:50:02
/opt/airflow/dags/00_seed_demo_data.py                           1           0  0.10s           2026-09-03T05:49:53
================================================================================
[2026-09-03T05:50:39.135+0000] {manager.py:878} INFO - 
================================================================================
DAG File Processing Stats

File Path                               PID    Runtime      # DAGs    # Errors  Last Runtime    Last Run
--------------------------------------  -----  ---------  --------  ----------  --------------  -------------------
/opt/airflow/dags/null_spike_dag.py                              1           0  1.31s           2026-09-03T05:50:13
/opt/airflow/dags/flaky_etl_dag.py                               1           0  0.26s           2026-09-03T05:50:17
/opt/airflow/dags/00_seed_demo_data.py                           1           0  0.19s           2026-09-03T05:50:24
/opt/airflow/dags/schema_drift_dag.py                            1           0  0.16s           2026-09-03T05:50:33
================================================================================
[2026-09-03T05:51:09.749+0000] {manager.py:878} INFO - 
================================================================================
DAG File Processing Stats

File Path                               PID    Runtime      # DAGs    # Errors  Last Runtime    Last Run
--------------------------------------  -----  ---------  --------  ----------  --------------  -------------------
/opt/airflow/dags/null_spike_dag.py                              1           0  0.13s           2026-09-03T05:50:44
/opt/airflow/dags/00_seed_demo_data.py                           1           0  0.12s           2026-09-03T05:50:55
/opt/airflow/dags/flaky_etl_dag.py                               1           0  0.11s           2026-09-03T05:50:48
/opt/airflow/dags/schema_drift_dag.py                            1           0  0.10s           2026-09-03T05:51:03
================================================================================
[2026-09-03T05:51:40.463+0000] {manager.py:878} INFO - 
================================================================================
DAG File Processing Stats

File Path                               PID    Runtime      # DAGs    # Errors  Last Runtime    Last Run
--------------------------------------  -----  ---------  --------  ----------  --------------  -------------------
/opt/airflow/dags/null_spike_dag.py                              1           0  0.15s           2026-09-03T05:51:15
/opt/airflow/dags/flaky_etl_dag.py                               1           0  0.11s           2026-09-03T05:51:19
/opt/airflow/dags/schema_drift_dag.py                            1           0  0.11s           2026-09-03T05:51:34
/opt/airflow/dags/00_seed_demo_data.py                           1           0  0.11s           2026-09-03T05:51:26
================================================================================
[2026-09-03T05:52:11.200+0000] {manager.py:878} INFO - 
================================================================================
DAG File Processing Stats

File Path                               PID    Runtime      # DAGs    # Errors  Last Runtime    Last Run
--------------------------------------  -----  ---------  --------  ----------  --------------  -------------------
/opt/airflow/dags/00_seed_demo_data.py                           1           0  0.17s           2026-09-03T05:51:57
/opt/airflow/dags/flaky_etl_dag.py                               1           0  0.15s           2026-09-03T05:51:49
/opt/airflow/dags/schema_drift_dag.py                            1           0  0.12s           2026-09-03T05:52:05
/opt/airflow/dags/null_spike_dag.py                              1           0  0.11s           2026-09-03T05:51:45
================================================================================
[2026-09-03T05:52:41.233+0000] {manager.py:878} INFO - 
================================================================================
DAG File Processing Stats

File Path                               PID    Runtime      # DAGs    # Errors  Last Runtime    Last Run
--------------------------------------  -----  ---------  --------  ----------  --------------  -------------------
/opt/airflow/dags/flaky_etl_dag.py                               1           0  0.29s           2026-09-03T05:52:20
/opt/airflow/dags/00_seed_demo_data.py                           1           0  0.24s           2026-09-03T05:52:27
/opt/airflow/dags/schema_drift_dag.py                            1           0  0.22s           2026-09-03T05:52:36
/opt/airflow/dags/null_spike_dag.py                              1           0  0.21s           2026-09-03T05:52:16
================================================================================
[2026-09-03T05:53:11.814+0000] {manager.py:878} INFO - 
================================================================================
DAG File Processing Stats

File Path                               PID    Runtime      # DAGs    # Errors  Last Runtime    Last Run
--------------------------------------  -----  ---------  --------  ----------  --------------  -------------------
/opt/airflow/dags/flaky_etl_dag.py                               1           0  0.14s           2026-09-03T05:52:51
/opt/airflow/dags/schema_drift_dag.py                            1           0  0.13s           2026-09-03T05:53:06
/opt/airflow/dags/null_spike_dag.py                              1           0  0.13s           2026-09-03T05:52:47
/opt/airflow/dags/00_seed_demo_data.py                           1           0  0.10s           2026-09-03T05:52:58
================================================================================
[2026-09-03T05:53:42.539+0000] {manager.py:878} INFO - 
================================================================================
DAG File Processing Stats

File Path                               PID    Runtime      # DAGs    # Errors  Last Runtime    Last Run
--------------------------------------  -----  ---------  --------  ----------  --------------  -------------------
/opt/airflow/dags/00_seed_demo_data.py                           1           0  0.12s           2026-09-03T05:53:29
/opt/airflow/dags/null_spike_dag.py                              1           0  0.12s           2026-09-03T05:53:18
/opt/airflow/dags/flaky_etl_dag.py                               1           0  0.10s           2026-09-03T05:53:22
/opt/airflow/dags/schema_drift_dag.py                            1           0  0.10s           2026-09-03T05:53:37
================================================================================
[2026-09-03T05:54:13.176+0000] {manager.py:878} INFO - 
================================================================================
DAG File Processing Stats

File Path                               PID    Runtime      # DAGs    # Errors  Last Runtime    Last Run
--------------------------------------  -----  ---------  --------  ----------  --------------  -------------------
/opt/airflow/dags/flaky_etl_dag.py                               1           0  0.15s           2026-09-03T05:53:52
/opt/airflow/dags/schema_drift_dag.py                            1           0  0.12s           2026-09-03T05:54:08
/opt/airflow/dags/00_seed_demo_data.py                           1           0  0.11s           2026-09-03T05:53:59
/opt/airflow/dags/null_spike_dag.py                              1           0  0.10s           2026-09-03T05:53:48
================================================================================
[2026-09-03T05:54:23.407+0000] {manager.py:737} INFO - Searching for files in /opt/airflow/dags
[2026-09-03T05:54:23.452+0000] {manager.py:740} INFO - There are 4 files in /opt/airflow/dags
[2026-09-03T05:54:44.033+0000] {manager.py:878} INFO - 
================================================================================
DAG File Processing Stats

File Path                               PID    Runtime      # DAGs    # Errors  Last Runtime    Last Run
--------------------------------------  -----  ---------  --------  ----------  --------------  -------------------
/opt/airflow/dags/00_seed_demo_data.py                           1           0  0.24s           2026-09-03T05:54:30
/opt/airflow/dags/schema_drift_dag.py                            1           0  0.20s           2026-09-03T05:54:38
/opt/airflow/dags/null_spike_dag.py                              1           0  0.13s           2026-09-03T05:54:19
/opt/airflow/dags/flaky_etl_dag.py                               1           0  0.11s           2026-09-03T05:54:23
================================================================================
[2026-09-03T08:16:27.119+0000] {manager.py:737} INFO - Searching for files in /opt/airflow/dags
[2026-09-03T08:16:27.887+0000] {manager.py:740} INFO - There are 4 files in /opt/airflow/dags
[2026-09-03T08:35:23.345+0000] {manager.py:737} INFO - Searching for files in /opt/airflow/dags
[2026-09-03T08:35:27.040+0000] {manager.py:740} INFO - There are 4 files in /opt/airflow/dags
[2026-09-03T08:35:27.096+0000] {manager.py:1203} ERROR - Processor for /opt/airflow/dags/null_spike_dag.py with PID 6702 started at 2026-09-03T08:16:30.437338+00:00 has timed out, killing it.
[2026-09-03T08:35:40.875+0000] {manager.py:878} INFO - 
================================================================================
DAG File Processing Stats

File Path                               PID    Runtime      # DAGs    # Errors  Last Runtime    Last Run
--------------------------------------  -----  ---------  --------  ----------  --------------  -------------------
/opt/airflow/dags/null_spike_dag.py                              0           1  1136.66s        2026-09-03T08:35:27
/opt/airflow/dags/schema_drift_dag.py                            1           0  1.38s           2026-09-03T08:35:28
/opt/airflow/dags/00_seed_demo_data.py                           1           0  1.06s           2026-09-03T08:35:28
/opt/airflow/dags/flaky_etl_dag.py                               1           0  0.96s           2026-09-03T08:35:29
================================================================================
[2026-09-03T08:36:10.905+0000] {manager.py:878} INFO - 
================================================================================
DAG File Processing Stats

File Path                               PID    Runtime      # DAGs    # Errors  Last Runtime    Last Run
--------------------------------------  -----  ---------  --------  ----------  --------------  -------------------
/opt/airflow/dags/flaky_etl_dag.py                               1           0  0.37s           2026-09-03T08:35:59
/opt/airflow/dags/00_seed_demo_data.py                           1           0  0.35s           2026-09-03T08:35:58
/opt/airflow/dags/schema_drift_dag.py                            1           0  0.34s           2026-09-03T08:35:59
/opt/airflow/dags/null_spike_dag.py                              1           0  0.16s           2026-09-03T08:35:57
================================================================================
[2026-09-03T08:36:41.507+0000] {manager.py:878} INFO - 
================================================================================
DAG File Processing Stats

File Path                               PID    Runtime      # DAGs    # Errors  Last Runtime    Last Run
--------------------------------------  -----  ---------  --------  ----------  --------------  -------------------
/opt/airflow/dags/flaky_etl_dag.py                               1           0  0.34s           2026-09-03T08:36:30
/opt/airflow/dags/schema_drift_dag.py                            1           0  0.34s           2026-09-03T08:36:30
/opt/airflow/dags/null_spike_dag.py                              1           0  0.21s           2026-09-03T08:36:28
/opt/airflow/dags/00_seed_demo_data.py                           1           0  0.16s           2026-09-03T08:36:29
================================================================================
[2026-09-03T08:37:12.000+0000] {manager.py:878} INFO - 
================================================================================
DAG File Processing Stats

File Path                               PID    Runtime      # DAGs    # Errors  Last Runtime    Last Run
--------------------------------------  -----  ---------  --------  ----------  --------------  -------------------
/opt/airflow/dags/flaky_etl_dag.py                               1           0  0.12s           2026-09-03T08:37:00
/opt/airflow/dags/null_spike_dag.py                              1           0  0.12s           2026-09-03T08:36:58
/opt/airflow/dags/schema_drift_dag.py                            1           0  0.12s           2026-09-03T08:37:00
/opt/airflow/dags/00_seed_demo_data.py                           1           0  0.12s           2026-09-03T08:36:59
================================================================================
[2026-09-03T08:37:42.658+0000] {manager.py:878} INFO - 
================================================================================
DAG File Processing Stats

File Path                               PID    Runtime      # DAGs    # Errors  Last Runtime    Last Run
--------------------------------------  -----  ---------  --------  ----------  --------------  -------------------
/opt/airflow/dags/null_spike_dag.py                              1           0  0.26s           2026-09-03T08:37:29
/opt/airflow/dags/schema_drift_dag.py                            1           0  0.25s           2026-09-03T08:37:31
/opt/airflow/dags/flaky_etl_dag.py                               1           0  0.25s           2026-09-03T08:37:31
/opt/airflow/dags/00_seed_demo_data.py                           1           0  0.23s           2026-09-03T08:37:30
================================================================================
[2026-09-03T08:38:13.310+0000] {manager.py:878} INFO - 
================================================================================
DAG File Processing Stats

File Path                               PID    Runtime      # DAGs    # Errors  Last Runtime    Last Run
--------------------------------------  -----  ---------  --------  ----------  --------------  -------------------
/opt/airflow/dags/00_seed_demo_data.py                           1           0  0.27s           2026-09-03T08:38:01
/opt/airflow/dags/null_spike_dag.py                              1           0  0.26s           2026-09-03T08:38:00
/opt/airflow/dags/flaky_etl_dag.py                               1           0  0.26s           2026-09-03T08:38:02
/opt/airflow/dags/schema_drift_dag.py                            1           0  0.25s           2026-09-03T08:38:02
================================================================================
[2026-09-03T08:38:43.853+0000] {manager.py:878} INFO - 
================================================================================
DAG File Processing Stats

File Path                               PID    Runtime      # DAGs    # Errors  Last Runtime    Last Run
--------------------------------------  -----  ---------  --------  ----------  --------------  -------------------
/opt/airflow/dags/schema_drift_dag.py                            1           0  0.18s           2026-09-03T08:38:32
/opt/airflow/dags/null_spike_dag.py                              1           0  0.14s           2026-09-03T08:38:30
/opt/airflow/dags/flaky_etl_dag.py                               1           0  0.13s           2026-09-03T08:38:32
/opt/airflow/dags/00_seed_demo_data.py                           1           0  0.12s           2026-09-03T08:38:31
================================================================================
[2026-09-03T08:39:14.407+0000] {manager.py:878} INFO - 
================================================================================
DAG File Processing Stats

File Path                               PID    Runtime      # DAGs    # Errors  Last Runtime    Last Run
--------------------------------------  -----  ---------  --------  ----------  --------------  -------------------
/opt/airflow/dags/schema_drift_dag.py                            1           0  0.16s           2026-09-03T08:39:03
/opt/airflow/dags/flaky_etl_dag.py                               1           0  0.15s           2026-09-03T08:39:03
/opt/airflow/dags/null_spike_dag.py                              1           0  0.12s           2026-09-03T08:39:01
/opt/airflow/dags/00_seed_demo_data.py                           1           0  0.12s           2026-09-03T08:39:02
================================================================================
[2026-09-03T08:39:45.223+0000] {manager.py:878} INFO - 
================================================================================
DAG File Processing Stats

File Path                               PID    Runtime      # DAGs    # Errors  Last Runtime    Last Run
--------------------------------------  -----  ---------  --------  ----------  --------------  -------------------
/opt/airflow/dags/flaky_etl_dag.py                               1           0  0.52s           2026-09-03T08:39:34
/opt/airflow/dags/null_spike_dag.py                              1           0  0.48s           2026-09-03T08:39:32
/opt/airflow/dags/schema_drift_dag.py                            1           0  0.44s           2026-09-03T08:39:34
/opt/airflow/dags/00_seed_demo_data.py                           1           0  0.38s           2026-09-03T08:39:33
================================================================================
[2026-09-03T08:40:15.970+0000] {manager.py:878} INFO - 
================================================================================
DAG File Processing Stats

File Path                               PID    Runtime      # DAGs    # Errors  Last Runtime    Last Run
--------------------------------------  -----  ---------  --------  ----------  --------------  -------------------
/opt/airflow/dags/null_spike_dag.py                              1           0  0.40s           2026-09-03T08:40:02
/opt/airflow/dags/schema_drift_dag.py                            1           0  0.31s           2026-09-03T08:40:04
/opt/airflow/dags/flaky_etl_dag.py                               1           0  0.29s           2026-09-03T08:40:04
/opt/airflow/dags/00_seed_demo_data.py                           1           0  0.28s           2026-09-03T08:40:03
================================================================================
[2026-09-03T08:40:24.043+0000] {manager.py:737} INFO - Searching for files in /opt/airflow/dags
[2026-09-03T08:40:24.086+0000] {manager.py:740} INFO - There are 4 files in /opt/airflow/dags
[2026-09-03T08:40:46.481+0000] {manager.py:878} INFO - 
================================================================================
DAG File Processing Stats

File Path                               PID    Runtime      # DAGs    # Errors  Last Runtime    Last Run
--------------------------------------  -----  ---------  --------  ----------  --------------  -------------------
/opt/airflow/dags/flaky_etl_dag.py                               1           0  0.12s           2026-09-03T08:40:35
/opt/airflow/dags/00_seed_demo_data.py                           1           0  0.12s           2026-09-03T08:40:34
/opt/airflow/dags/schema_drift_dag.py                            1           0  0.11s           2026-09-03T08:40:35
/opt/airflow/dags/null_spike_dag.py                              1           0  0.10s           2026-09-03T08:40:33
================================================================================
[2026-09-03T08:41:17.124+0000] {manager.py:878} INFO - 
================================================================================
DAG File Processing Stats

File Path                               PID    Runtime      # DAGs    # Errors  Last Runtime    Last Run
--------------------------------------  -----  ---------  --------  ----------  --------------  -------------------
/opt/airflow/dags/null_spike_dag.py                              1           0  0.14s           2026-09-03T08:41:03
/opt/airflow/dags/schema_drift_dag.py                            1           0  0.13s           2026-09-03T08:41:06
/opt/airflow/dags/flaky_etl_dag.py                               1           0  0.13s           2026-09-03T08:41:06
/opt/airflow/dags/00_seed_demo_data.py                           1           0  0.10s           2026-09-03T08:41:04
================================================================================
[2026-09-03T08:41:47.796+0000] {manager.py:878} INFO - 
================================================================================
DAG File Processing Stats

File Path                               PID    Runtime      # DAGs    # Errors  Last Runtime    Last Run
--------------------------------------  -----  ---------  --------  ----------  --------------  -------------------
/opt/airflow/dags/schema_drift_dag.py                            1           0  0.28s           2026-09-03T08:41:36
/opt/airflow/dags/flaky_etl_dag.py                               1           0  0.28s           2026-09-03T08:41:36
/opt/airflow/dags/null_spike_dag.py                              1           0  0.27s           2026-09-03T08:41:34
/opt/airflow/dags/00_seed_demo_data.py                           1           0  0.26s           2026-09-03T08:41:35
================================================================================
[2026-09-03T08:42:18.759+0000] {manager.py:878} INFO - 
================================================================================
DAG File Processing Stats

File Path                               PID    Runtime      # DAGs    # Errors  Last Runtime    Last Run
--------------------------------------  -----  ---------  --------  ----------  --------------  -------------------
/opt/airflow/dags/null_spike_dag.py                              1           0  0.26s           2026-09-03T08:42:05
/opt/airflow/dags/schema_drift_dag.py                            1           0  0.25s           2026-09-03T08:42:07
/opt/airflow/dags/flaky_etl_dag.py                               1           0  0.25s           2026-09-03T08:42:07
/opt/airflow/dags/00_seed_demo_data.py                           1           0  0.21s           2026-09-03T08:42:06
================================================================================
[2026-09-03T08:42:49.466+0000] {manager.py:878} INFO - 
================================================================================
DAG File Processing Stats

File Path                               PID    Runtime      # DAGs    # Errors  Last Runtime    Last Run
--------------------------------------  -----  ---------  --------  ----------  --------------  -------------------
/opt/airflow/dags/null_spike_dag.py                              1           0  0.32s           2026-09-03T08:42:36
/opt/airflow/dags/schema_drift_dag.py                            1           0  0.27s           2026-09-03T08:42:38
/opt/airflow/dags/flaky_etl_dag.py                               1           0  0.27s           2026-09-03T08:42:38
/opt/airflow/dags/00_seed_demo_data.py                           1           0  0.23s           2026-09-03T08:42:37
================================================================================
[2026-09-03T08:43:20.152+0000] {manager.py:878} INFO - 
================================================================================
DAG File Processing Stats

File Path                               PID    Runtime      # DAGs    # Errors  Last Runtime    Last Run
--------------------------------------  -----  ---------  --------  ----------  --------------  -------------------
/opt/airflow/dags/00_seed_demo_data.py                           1           0  0.19s           2026-09-03T08:43:08
/opt/airflow/dags/null_spike_dag.py                              1           0  0.16s           2026-09-03T08:43:06
/opt/airflow/dags/schema_drift_dag.py                            1           0  0.15s           2026-09-03T08:43:09
/opt/airflow/dags/flaky_etl_dag.py                               1           0  0.15s           2026-09-03T08:43:09
================================================================================
[2026-09-03T08:43:50.733+0000] {manager.py:878} INFO - 
================================================================================
DAG File Processing Stats

File Path                               PID    Runtime      # DAGs    # Errors  Last Runtime    Last Run
--------------------------------------  -----  ---------  --------  ----------  --------------  -------------------
/opt/airflow/dags/schema_drift_dag.py                            1           0  0.12s           2026-09-03T08:43:39
/opt/airflow/dags/flaky_etl_dag.py                               1           0  0.12s           2026-09-03T08:43:39
/opt/airflow/dags/00_seed_demo_data.py                           1           0  0.11s           2026-09-03T08:43:38
/opt/airflow/dags/null_spike_dag.py                              1           0  0.10s           2026-09-03T08:43:37
================================================================================
[2026-09-03T08:44:21.362+0000] {manager.py:878} INFO - 
================================================================================
DAG File Processing Stats

File Path                               PID    Runtime      # DAGs    # Errors  Last Runtime    Last Run
--------------------------------------  -----  ---------  --------  ----------  --------------  -------------------
/opt/airflow/dags/null_spike_dag.py                              1           0  0.17s           2026-09-03T08:44:08
/opt/airflow/dags/schema_drift_dag.py                            1           0  0.14s           2026-09-03T08:44:10
/opt/airflow/dags/flaky_etl_dag.py                               1           0  0.14s           2026-09-03T08:44:10
/opt/airflow/dags/00_seed_demo_data.py                           1           0  0.12s           2026-09-03T08:44:09
================================================================================
[2026-09-03T08:44:51.972+0000] {manager.py:878} INFO - 
================================================================================
DAG File Processing Stats

File Path                               PID    Runtime      # DAGs    # Errors  Last Runtime    Last Run
--------------------------------------  -----  ---------  --------  ----------  --------------  -------------------
/opt/airflow/dags/00_seed_demo_data.py                           1           0  0.14s           2026-09-03T08:44:39
/opt/airflow/dags/flaky_etl_dag.py                               1           0  0.12s           2026-09-03T08:44:40
/opt/airflow/dags/null_spike_dag.py                              1           0  0.11s           2026-09-03T08:44:38
/opt/airflow/dags/schema_drift_dag.py                            1           0  0.11s           2026-09-03T08:44:40
================================================================================
[2026-09-03T08:45:22.461+0000] {manager.py:878} INFO - 
================================================================================
DAG File Processing Stats

File Path                               PID    Runtime      # DAGs    # Errors  Last Runtime    Last Run
--------------------------------------  -----  ---------  --------  ----------  --------------  -------------------
/opt/airflow/dags/null_spike_dag.py                              1           0  0.16s           2026-09-03T08:45:09
/opt/airflow/dags/flaky_etl_dag.py                               1           0  0.14s           2026-09-03T08:45:11
/opt/airflow/dags/schema_drift_dag.py                            1           0  0.14s           2026-09-03T08:45:11
/opt/airflow/dags/00_seed_demo_data.py                           1           0  0.13s           2026-09-03T08:45:10
================================================================================
[2026-09-03T08:45:24.476+0000] {manager.py:737} INFO - Searching for files in /opt/airflow/dags
[2026-09-03T08:45:24.542+0000] {manager.py:740} INFO - There are 4 files in /opt/airflow/dags
[2026-09-03T08:45:52.974+0000] {manager.py:878} INFO - 
================================================================================
DAG File Processing Stats

File Path                               PID    Runtime      # DAGs    # Errors  Last Runtime    Last Run
--------------------------------------  -----  ---------  --------  ----------  --------------  -------------------
/opt/airflow/dags/schema_drift_dag.py                            1           0  0.12s           2026-09-03T08:45:41
/opt/airflow/dags/flaky_etl_dag.py                               1           0  0.12s           2026-09-03T08:45:41
/opt/airflow/dags/null_spike_dag.py                              1           0  0.12s           2026-09-03T08:45:39
/opt/airflow/dags/00_seed_demo_data.py                           1           0  0.12s           2026-09-03T08:45:40
================================================================================
[2026-09-03T08:46:23.585+0000] {manager.py:878} INFO - 
================================================================================
DAG File Processing Stats

File Path                               PID    Runtime      # DAGs    # Errors  Last Runtime    Last Run
--------------------------------------  -----  ---------  --------  ----------  --------------  -------------------
/opt/airflow/dags/00_seed_demo_data.py                           1           0  0.14s           2026-09-03T08:46:11
/opt/airflow/dags/flaky_etl_dag.py                               1           0  0.13s           2026-09-03T08:46:12
/opt/airflow/dags/schema_drift_dag.py                            1           0  0.13s           2026-09-03T08:46:12
/opt/airflow/dags/null_spike_dag.py                              1           0  0.13s           2026-09-03T08:46:10
================================================================================
[2026-09-03T08:46:54.305+0000] {manager.py:878} INFO - 
================================================================================
DAG File Processing Stats

File Path                               PID    Runtime      # DAGs    # Errors  Last Runtime    Last Run
--------------------------------------  -----  ---------  --------  ----------  --------------  -------------------
/opt/airflow/dags/null_spike_dag.py                              1           0  0.15s           2026-09-03T08:46:41
/opt/airflow/dags/00_seed_demo_data.py                           1           0  0.13s           2026-09-03T08:46:42
/opt/airflow/dags/schema_drift_dag.py                            1           0  0.12s           2026-09-03T08:46:43
/opt/airflow/dags/flaky_etl_dag.py                               1           0  0.12s           2026-09-03T08:46:43
================================================================================
[2026-09-03T08:47:24.794+0000] {manager.py:878} INFO - 
================================================================================
DAG File Processing Stats

File Path                               PID    Runtime      # DAGs    # Errors  Last Runtime    Last Run
--------------------------------------  -----  ---------  --------  ----------  --------------  -------------------
/opt/airflow/dags/flaky_etl_dag.py                               1           0  0.20s           2026-09-03T08:47:13
/opt/airflow/dags/schema_drift_dag.py                            1           0  0.18s           2026-09-03T08:47:13
/opt/airflow/dags/00_seed_demo_data.py                           1           0  0.15s           2026-09-03T08:47:12
/opt/airflow/dags/null_spike_dag.py                              1           0  0.15s           2026-09-03T08:47:11
================================================================================
[2026-09-03T08:47:55.552+0000] {manager.py:878} INFO - 
================================================================================
DAG File Processing Stats

File Path                               PID    Runtime      # DAGs    # Errors  Last Runtime    Last Run
--------------------------------------  -----  ---------  --------  ----------  --------------  -------------------
/opt/airflow/dags/null_spike_dag.py                              1           0  0.25s           2026-09-03T08:47:42
/opt/airflow/dags/00_seed_demo_data.py                           1           0  0.24s           2026-09-03T08:47:43
/opt/airflow/dags/schema_drift_dag.py                            1           0  0.15s           2026-09-03T08:47:44
/opt/airflow/dags/flaky_etl_dag.py                               1           0  0.14s           2026-09-03T08:47:44
================================================================================
[2026-09-03T08:48:26.021+0000] {manager.py:878} INFO - 
================================================================================
DAG File Processing Stats

File Path                               PID    Runtime      # DAGs    # Errors  Last Runtime    Last Run
--------------------------------------  -----  ---------  --------  ----------  --------------  -------------------
/opt/airflow/dags/null_spike_dag.py                              1           0  0.15s           2026-09-03T08:48:12
/opt/airflow/dags/flaky_etl_dag.py                               1           0  0.15s           2026-09-03T08:48:14
/opt/airflow/dags/schema_drift_dag.py                            1           0  0.15s           2026-09-03T08:48:14
/opt/airflow/dags/00_seed_demo_data.py                           1           0  0.12s           2026-09-03T08:48:13
================================================================================
[2026-09-03T08:48:56.497+0000] {manager.py:878} INFO - 
================================================================================
DAG File Processing Stats

File Path                               PID    Runtime      # DAGs    # Errors  Last Runtime    Last Run
--------------------------------------  -----  ---------  --------  ----------  --------------  -------------------
/opt/airflow/dags/schema_drift_dag.py                            1           0  0.18s           2026-09-03T08:48:45
/opt/airflow/dags/flaky_etl_dag.py                               1           0  0.16s           2026-09-03T08:48:45
/opt/airflow/dags/null_spike_dag.py                              1           0  0.14s           2026-09-03T08:48:43
/opt/airflow/dags/00_seed_demo_data.py                           1           0  0.13s           2026-09-03T08:48:44
================================================================================
[2026-09-03T08:49:27.011+0000] {manager.py:878} INFO - 
================================================================================
DAG File Processing Stats

File Path                               PID    Runtime      # DAGs    # Errors  Last Runtime    Last Run
--------------------------------------  -----  ---------  --------  ----------  --------------  -------------------
/opt/airflow/dags/schema_drift_dag.py                            1           0  0.13s           2026-09-03T08:49:15
/opt/airflow/dags/flaky_etl_dag.py                               1           0  0.13s           2026-09-03T08:49:16
/opt/airflow/dags/null_spike_dag.py                              1           0  0.12s           2026-09-03T08:49:13
/opt/airflow/dags/00_seed_demo_data.py                           1           0  0.12s           2026-09-03T08:49:14
================================================================================
[2026-09-03T08:49:57.586+0000] {manager.py:878} INFO - 
================================================================================
DAG File Processing Stats

File Path                               PID    Runtime      # DAGs    # Errors  Last Runtime    Last Run
--------------------------------------  -----  ---------  --------  ----------  --------------  -------------------
/opt/airflow/dags/schema_drift_dag.py                            1           0  0.18s           2026-09-03T08:49:46
/opt/airflow/dags/flaky_etl_dag.py                               1           0  0.18s           2026-09-03T08:49:46
/opt/airflow/dags/00_seed_demo_data.py                           1           0  0.18s           2026-09-03T08:49:45
/opt/airflow/dags/null_spike_dag.py                              1           0  0.12s           2026-09-03T08:49:44
================================================================================
[2026-09-03T08:50:25.081+0000] {manager.py:737} INFO - Searching for files in /opt/airflow/dags
[2026-09-03T08:50:25.126+0000] {manager.py:740} INFO - There are 4 files in /opt/airflow/dags
[2026-09-03T08:50:28.171+0000] {manager.py:878} INFO - 
================================================================================
DAG File Processing Stats

File Path                               PID    Runtime      # DAGs    # Errors  Last Runtime    Last Run
--------------------------------------  -----  ---------  --------  ----------  --------------  -------------------
/opt/airflow/dags/00_seed_demo_data.py                           1           0  0.19s           2026-09-03T08:50:16
/opt/airflow/dags/null_spike_dag.py                              1           0  0.19s           2026-09-03T08:50:14
/opt/airflow/dags/schema_drift_dag.py                            1           0  0.16s           2026-09-03T08:50:17
/opt/airflow/dags/flaky_etl_dag.py                               1           0  0.14s           2026-09-03T08:50:17
================================================================================
[2026-09-03T08:50:58.942+0000] {manager.py:878} INFO - 
================================================================================
DAG File Processing Stats

File Path                               PID    Runtime      # DAGs    # Errors  Last Runtime    Last Run
--------------------------------------  -----  ---------  --------  ----------  --------------  -------------------
/opt/airflow/dags/flaky_etl_dag.py                               1           0  0.31s           2026-09-03T08:50:47
/opt/airflow/dags/schema_drift_dag.py                            1           0  0.29s           2026-09-03T08:50:47
/opt/airflow/dags/00_seed_demo_data.py                           1           0  0.21s           2026-09-03T08:50:46
/opt/airflow/dags/null_spike_dag.py                              1           0  0.14s           2026-09-03T08:50:45
================================================================================
[2026-09-03T08:51:29.670+0000] {manager.py:878} INFO - 
================================================================================
DAG File Processing Stats

File Path                               PID    Runtime      # DAGs    # Errors  Last Runtime    Last Run
--------------------------------------  -----  ---------  --------  ----------  --------------  -------------------
/opt/airflow/dags/schema_drift_dag.py                            1           0  0.25s           2026-09-03T08:51:18
/opt/airflow/dags/flaky_etl_dag.py                               1           0  0.24s           2026-09-03T08:51:18
/opt/airflow/dags/null_spike_dag.py                              1           0  0.12s           2026-09-03T08:51:16
/opt/airflow/dags/00_seed_demo_data.py                           1           0  0.12s           2026-09-03T08:51:17
================================================================================
[2026-09-03T08:52:00.181+0000] {manager.py:878} INFO - 
================================================================================
DAG File Processing Stats

File Path                               PID    Runtime      # DAGs    # Errors  Last Runtime    Last Run
--------------------------------------  -----  ---------  --------  ----------  --------------  -------------------
/opt/airflow/dags/00_seed_demo_data.py                           1           0  0.16s           2026-09-03T08:51:48
/opt/airflow/dags/schema_drift_dag.py                            1           0  0.15s           2026-09-03T08:51:49
/opt/airflow/dags/flaky_etl_dag.py                               1           0  0.15s           2026-09-03T08:51:49
/opt/airflow/dags/null_spike_dag.py                              1           0  0.12s           2026-09-03T08:51:46
================================================================================
[2026-09-03T08:52:30.862+0000] {manager.py:878} INFO - 
================================================================================
DAG File Processing Stats

File Path                               PID    Runtime      # DAGs    # Errors  Last Runtime    Last Run
--------------------------------------  -----  ---------  --------  ----------  --------------  -------------------
/opt/airflow/dags/null_spike_dag.py                              1           0  0.22s           2026-09-03T08:52:17
/opt/airflow/dags/00_seed_demo_data.py                           1           0  0.17s           2026-09-03T08:52:18
/opt/airflow/dags/flaky_etl_dag.py                               1           0  0.13s           2026-09-03T08:52:19
/opt/airflow/dags/schema_drift_dag.py                            1           0  0.13s           2026-09-03T08:52:19
================================================================================
[2026-09-03T08:53:01.464+0000] {manager.py:878} INFO - 
================================================================================
DAG File Processing Stats

File Path                               PID    Runtime      # DAGs    # Errors  Last Runtime    Last Run
--------------------------------------  -----  ---------  --------  ----------  --------------  -------------------
/opt/airflow/dags/schema_drift_dag.py                            1           0  0.13s           2026-09-03T08:52:50
/opt/airflow/dags/flaky_etl_dag.py                               1           0  0.13s           2026-09-03T08:52:50
/opt/airflow/dags/null_spike_dag.py                              1           0  0.12s           2026-09-03T08:52:48
/opt/airflow/dags/00_seed_demo_data.py                           1           0  0.11s           2026-09-03T08:52:49
================================================================================
[2026-09-03T08:53:31.982+0000] {manager.py:878} INFO - 
================================================================================
DAG File Processing Stats

File Path                               PID    Runtime      # DAGs    # Errors  Last Runtime    Last Run
--------------------------------------  -----  ---------  --------  ----------  --------------  -------------------
/opt/airflow/dags/schema_drift_dag.py                            1           0  0.19s           2026-09-03T08:53:20
/opt/airflow/dags/flaky_etl_dag.py                               1           0  0.17s           2026-09-03T08:53:20
/opt/airflow/dags/null_spike_dag.py                              1           0  0.16s           2026-09-03T08:53:18
/opt/airflow/dags/00_seed_demo_data.py                           1           0  0.14s           2026-09-03T08:53:19
================================================================================
[2026-09-03T08:54:02.599+0000] {manager.py:878} INFO - 
================================================================================
DAG File Processing Stats

File Path                               PID    Runtime      # DAGs    # Errors  Last Runtime    Last Run
--------------------------------------  -----  ---------  --------  ----------  --------------  -------------------
/opt/airflow/dags/schema_drift_dag.py                            1           0  0.16s           2026-09-03T08:53:51
/opt/airflow/dags/00_seed_demo_data.py                           1           0  0.15s           2026-09-03T08:53:50
/opt/airflow/dags/flaky_etl_dag.py                               1           0  0.13s           2026-09-03T08:53:51
/opt/airflow/dags/null_spike_dag.py                              1           0  0.11s           2026-09-03T08:53:49
================================================================================
[2026-09-03T08:54:33.126+0000] {manager.py:878} INFO - 
================================================================================
DAG File Processing Stats

File Path                               PID    Runtime      # DAGs    # Errors  Last Runtime    Last Run
--------------------------------------  -----  ---------  --------  ----------  --------------  -------------------
/opt/airflow/dags/flaky_etl_dag.py                               1           0  0.19s           2026-09-03T08:54:22
/opt/airflow/dags/schema_drift_dag.py                            1           0  0.19s           2026-09-03T08:54:22
/opt/airflow/dags/null_spike_dag.py                              1           0  0.17s           2026-09-03T08:54:19
/opt/airflow/dags/00_seed_demo_data.py                           1           0  0.15s           2026-09-03T08:54:21
================================================================================
[2026-09-03T08:55:03.735+0000] {manager.py:878} INFO - 
================================================================================
DAG File Processing Stats

File Path                               PID    Runtime      # DAGs    # Errors  Last Runtime    Last Run
--------------------------------------  -----  ---------  --------  ----------  --------------  -------------------
/opt/airflow/dags/00_seed_demo_data.py                           1           0  0.15s           2026-09-03T08:54:51
/opt/airflow/dags/null_spike_dag.py                              1           0  0.15s           2026-09-03T08:54:50
/opt/airflow/dags/flaky_etl_dag.py                               1           0  0.14s           2026-09-03T08:54:52
/opt/airflow/dags/schema_drift_dag.py                            1           0  0.14s           2026-09-03T08:54:52
================================================================================
[2026-09-03T08:55:25.298+0000] {manager.py:737} INFO - Searching for files in /opt/airflow/dags
[2026-09-03T08:55:25.342+0000] {manager.py:740} INFO - There are 4 files in /opt/airflow/dags
[2026-09-03T08:55:34.455+0000] {manager.py:878} INFO - 
================================================================================
DAG File Processing Stats

File Path                               PID    Runtime      # DAGs    # Errors  Last Runtime    Last Run
--------------------------------------  -----  ---------  --------  ----------  --------------  -------------------
/opt/airflow/dags/00_seed_demo_data.py                           1           0  0.18s           2026-09-03T08:55:22
/opt/airflow/dags/flaky_etl_dag.py                               1           0  0.18s           2026-09-03T08:55:23
/opt/airflow/dags/schema_drift_dag.py                            1           0  0.17s           2026-09-03T08:55:23
/opt/airflow/dags/null_spike_dag.py                              1           0  0.16s           2026-09-03T08:55:21
================================================================================
[2026-09-03T08:56:05.102+0000] {manager.py:878} INFO - 
================================================================================
DAG File Processing Stats

File Path                               PID    Runtime      # DAGs    # Errors  Last Runtime    Last Run
--------------------------------------  -----  ---------  --------  ----------  --------------  -------------------
/opt/airflow/dags/null_spike_dag.py                              1           0  0.16s           2026-09-03T08:55:51
/opt/airflow/dags/schema_drift_dag.py                            1           0  0.13s           2026-09-03T08:55:53
/opt/airflow/dags/flaky_etl_dag.py                               1           0  0.13s           2026-09-03T08:55:53
/opt/airflow/dags/00_seed_demo_data.py                           1           0  0.12s           2026-09-03T08:55:52
================================================================================
[2026-09-03T08:56:35.561+0000] {manager.py:878} INFO - 
================================================================================
DAG File Processing Stats

File Path                               PID    Runtime      # DAGs    # Errors  Last Runtime    Last Run
--------------------------------------  -----  ---------  --------  ----------  --------------  -------------------
/opt/airflow/dags/flaky_etl_dag.py                               1           0  0.18s           2026-09-03T08:56:24
/opt/airflow/dags/schema_drift_dag.py                            1           0  0.18s           2026-09-03T08:56:24
/opt/airflow/dags/null_spike_dag.py                              1           0  0.16s           2026-09-03T08:56:22
/opt/airflow/dags/00_seed_demo_data.py                           1           0  0.11s           2026-09-03T08:56:23
================================================================================
[2026-09-03T08:57:06.129+0000] {manager.py:878} INFO - 
================================================================================
DAG File Processing Stats

File Path                               PID    Runtime      # DAGs    # Errors  Last Runtime    Last Run
--------------------------------------  -----  ---------  --------  ----------  --------------  -------------------
/opt/airflow/dags/schema_drift_dag.py                            1           0  0.12s           2026-09-03T08:56:55
/opt/airflow/dags/flaky_etl_dag.py                               1           0  0.12s           2026-09-03T08:56:55
/opt/airflow/dags/null_spike_dag.py                              1           0  0.12s           2026-09-03T08:56:52
/opt/airflow/dags/00_seed_demo_data.py                           1           0  0.11s           2026-09-03T08:56:53
================================================================================
[2026-09-03T08:57:36.700+0000] {manager.py:878} INFO - 
================================================================================
DAG File Processing Stats

File Path                               PID    Runtime      # DAGs    # Errors  Last Runtime    Last Run
--------------------------------------  -----  ---------  --------  ----------  --------------  -------------------
/opt/airflow/dags/schema_drift_dag.py                            1           0  0.11s           2026-09-03T08:57:25
/opt/airflow/dags/flaky_etl_dag.py                               1           0  0.11s           2026-09-03T08:57:25
/opt/airflow/dags/00_seed_demo_data.py                           1           0  0.11s           2026-09-03T08:57:24
/opt/airflow/dags/null_spike_dag.py                              1           0  0.11s           2026-09-03T08:57:23
================================================================================
[2026-09-03T08:58:07.233+0000] {manager.py:878} INFO - 
================================================================================
DAG File Processing Stats

File Path                               PID    Runtime      # DAGs    # Errors  Last Runtime    Last Run
--------------------------------------  -----  ---------  --------  ----------  --------------  -------------------
/opt/airflow/dags/schema_drift_dag.py                            1           0  0.12s           2026-09-03T08:57:56
/opt/airflow/dags/flaky_etl_dag.py                               1           0  0.12s           2026-09-03T08:57:56
/opt/airflow/dags/00_seed_demo_data.py                           1           0  0.11s           2026-09-03T08:57:55
/opt/airflow/dags/null_spike_dag.py                              1           0  0.11s           2026-09-03T08:57:54
================================================================================
[2026-09-03T08:58:37.876+0000] {manager.py:878} INFO - 
================================================================================
DAG File Processing Stats

File Path                               PID    Runtime      # DAGs    # Errors  Last Runtime    Last Run
--------------------------------------  -----  ---------  --------  ----------  --------------  -------------------
/opt/airflow/dags/schema_drift_dag.py                            1           0  0.13s           2026-09-03T08:58:26
/opt/airflow/dags/flaky_etl_dag.py                               1           0  0.13s           2026-09-03T08:58:26
/opt/airflow/dags/null_spike_dag.py                              1           0  0.11s           2026-09-03T08:58:24
/opt/airflow/dags/00_seed_demo_data.py                           1           0  0.11s           2026-09-03T08:58:25
================================================================================
[2026-09-03T08:59:08.416+0000] {manager.py:878} INFO - 
================================================================================
DAG File Processing Stats

File Path                               PID    Runtime      # DAGs    # Errors  Last Runtime    Last Run
--------------------------------------  -----  ---------  --------  ----------  --------------  -------------------
/opt/airflow/dags/null_spike_dag.py                              1           0  0.13s           2026-09-03T08:58:55
/opt/airflow/dags/schema_drift_dag.py                            1           0  0.11s           2026-09-03T08:58:57
/opt/airflow/dags/00_seed_demo_data.py                           1           0  0.11s           2026-09-03T08:58:56
/opt/airflow/dags/flaky_etl_dag.py                               1           0  0.11s           2026-09-03T08:58:57
================================================================================
[2026-09-03T08:59:38.963+0000] {manager.py:878} INFO - 
================================================================================
DAG File Processing Stats

File Path                               PID    Runtime      # DAGs    # Errors  Last Runtime    Last Run
--------------------------------------  -----  ---------  --------  ----------  --------------  -------------------
/opt/airflow/dags/null_spike_dag.py                              1           0  0.15s           2026-09-03T08:59:25
/opt/airflow/dags/flaky_etl_dag.py                               1           0  0.12s           2026-09-03T08:59:27
/opt/airflow/dags/schema_drift_dag.py                            1           0  0.12s           2026-09-03T08:59:27
/opt/airflow/dags/00_seed_demo_data.py                           1           0  0.12s           2026-09-03T08:59:26
================================================================================
[2026-09-03T09:00:09.448+0000] {manager.py:878} INFO - 
================================================================================
DAG File Processing Stats

File Path                               PID    Runtime      # DAGs    # Errors  Last Runtime    Last Run
--------------------------------------  -----  ---------  --------  ----------  --------------  -------------------
/opt/airflow/dags/flaky_etl_dag.py                               1           0  0.16s           2026-09-03T08:59:58
/opt/airflow/dags/schema_drift_dag.py                            1           0  0.16s           2026-09-03T08:59:58
/opt/airflow/dags/00_seed_demo_data.py                           1           0  0.14s           2026-09-03T08:59:57
/opt/airflow/dags/null_spike_dag.py                              1           0  0.12s           2026-09-03T08:59:56
================================================================================
[2026-09-03T09:00:25.596+0000] {manager.py:737} INFO - Searching for files in /opt/airflow/dags
[2026-09-03T09:00:25.641+0000] {manager.py:740} INFO - There are 4 files in /opt/airflow/dags
[2026-09-03T09:00:40.038+0000] {manager.py:878} INFO - 
================================================================================
DAG File Processing Stats

File Path                               PID    Runtime      # DAGs    # Errors  Last Runtime    Last Run
--------------------------------------  -----  ---------  --------  ----------  --------------  -------------------
/opt/airflow/dags/null_spike_dag.py                              1           0  0.15s           2026-09-03T09:00:26
/opt/airflow/dags/schema_drift_dag.py                            1           0  0.15s           2026-09-03T09:00:29
/opt/airflow/dags/flaky_etl_dag.py                               1           0  0.14s           2026-09-03T09:00:29
/opt/airflow/dags/00_seed_demo_data.py                           1           0  0.14s           2026-09-03T09:00:27
================================================================================
[2026-09-03T09:01:10.625+0000] {manager.py:878} INFO - 
================================================================================
DAG File Processing Stats

File Path                               PID    Runtime      # DAGs    # Errors  Last Runtime    Last Run
--------------------------------------  -----  ---------  --------  ----------  --------------  -------------------
/opt/airflow/dags/flaky_etl_dag.py                               1           0  0.15s           2026-09-03T09:00:59
/opt/airflow/dags/schema_drift_dag.py                            1           0  0.15s           2026-09-03T09:00:59
/opt/airflow/dags/null_spike_dag.py                              1           0  0.12s           2026-09-03T09:00:57
/opt/airflow/dags/00_seed_demo_data.py                           1           0  0.12s           2026-09-03T09:00:58
================================================================================
[2026-09-03T09:01:41.296+0000] {manager.py:878} INFO - 
================================================================================
DAG File Processing Stats

File Path                               PID    Runtime      # DAGs    # Errors  Last Runtime    Last Run
--------------------------------------  -----  ---------  --------  ----------  --------------  -------------------
/opt/airflow/dags/null_spike_dag.py                              1           0  0.14s           2026-09-03T09:01:27
/opt/airflow/dags/00_seed_demo_data.py                           1           0  0.13s           2026-09-03T09:01:29
/opt/airflow/dags/schema_drift_dag.py                            1           0  0.12s           2026-09-03T09:01:30
/opt/airflow/dags/flaky_etl_dag.py                               1           0  0.12s           2026-09-03T09:01:30
================================================================================
[2026-09-03T09:02:11.801+0000] {manager.py:878} INFO - 
================================================================================
DAG File Processing Stats

File Path                               PID    Runtime      # DAGs    # Errors  Last Runtime    Last Run
--------------------------------------  -----  ---------  --------  ----------  --------------  -------------------
/opt/airflow/dags/null_spike_dag.py                              1           0  0.17s           2026-09-03T09:01:58
/opt/airflow/dags/schema_drift_dag.py                            1           0  0.12s           2026-09-03T09:02:00
/opt/airflow/dags/flaky_etl_dag.py                               1           0  0.11s           2026-09-03T09:02:00
/opt/airflow/dags/00_seed_demo_data.py                           1           0  0.11s           2026-09-03T09:01:59
================================================================================
[2026-09-03T09:02:42.299+0000] {manager.py:878} INFO - 
================================================================================
DAG File Processing Stats

File Path                               PID    Runtime      # DAGs    # Errors  Last Runtime    Last Run
--------------------------------------  -----  ---------  --------  ----------  --------------  -------------------
/opt/airflow/dags/flaky_etl_dag.py                               1           0  0.15s           2026-09-03T09:02:31
/opt/airflow/dags/schema_drift_dag.py                            1           0  0.14s           2026-09-03T09:02:31
/opt/airflow/dags/null_spike_dag.py                              1           0  0.12s           2026-09-03T09:02:29
/opt/airflow/dags/00_seed_demo_data.py                           1           0  0.11s           2026-09-03T09:02:30
================================================================================
[2026-09-03T09:03:13.119+0000] {manager.py:878} INFO - 
================================================================================
DAG File Processing Stats

File Path                               PID    Runtime      # DAGs    # Errors  Last Runtime    Last Run
--------------------------------------  -----  ---------  --------  ----------  --------------  -------------------
/opt/airflow/dags/schema_drift_dag.py                            1           0  0.34s           2026-09-03T09:03:02
/opt/airflow/dags/flaky_etl_dag.py                               1           0  0.30s           2026-09-03T09:03:01
/opt/airflow/dags/00_seed_demo_data.py                           1           0  0.16s           2026-09-03T09:03:00
/opt/airflow/dags/null_spike_dag.py                              1           0  0.13s           2026-09-03T09:02:59
================================================================================
[2026-09-03T09:03:43.933+0000] {manager.py:878} INFO - 
================================================================================
DAG File Processing Stats

File Path                               PID    Runtime      # DAGs    # Errors  Last Runtime    Last Run
--------------------------------------  -----  ---------  --------  ----------  --------------  -------------------
/opt/airflow/dags/00_seed_demo_data.py                           1           0  0.35s           2026-09-03T09:03:31
/opt/airflow/dags/schema_drift_dag.py                            1           0  0.26s           2026-09-03T09:03:32
/opt/airflow/dags/flaky_etl_dag.py                               1           0  0.25s           2026-09-03T09:03:32
/opt/airflow/dags/null_spike_dag.py                              1           0  0.19s           2026-09-03T09:03:30
================================================================================
[2026-09-03T09:04:14.473+0000] {manager.py:878} INFO - 
================================================================================
DAG File Processing Stats

File Path                               PID    Runtime      # DAGs    # Errors  Last Runtime    Last Run
--------------------------------------  -----  ---------  --------  ----------  --------------  -------------------
/opt/airflow/dags/flaky_etl_dag.py                               1           0  0.17s           2026-09-03T09:04:03
/opt/airflow/dags/schema_drift_dag.py                            1           0  0.17s           2026-09-03T09:04:03
/opt/airflow/dags/null_spike_dag.py                              1           0  0.15s           2026-09-03T09:04:01
/opt/airflow/dags/00_seed_demo_data.py                           1           0  0.14s           2026-09-03T09:04:02
================================================================================
[2026-09-03T09:04:45.212+0000] {manager.py:878} INFO - 
================================================================================
DAG File Processing Stats

File Path                               PID    Runtime      # DAGs    # Errors  Last Runtime    Last Run
--------------------------------------  -----  ---------  --------  ----------  --------------  -------------------
/opt/airflow/dags/00_seed_demo_data.py                           1           0  0.18s           2026-09-03T09:04:33
/opt/airflow/dags/schema_drift_dag.py                            1           0  0.16s           2026-09-03T09:04:34
/opt/airflow/dags/flaky_etl_dag.py                               1           0  0.16s           2026-09-03T09:04:34
/opt/airflow/dags/null_spike_dag.py                              1           0  0.12s           2026-09-03T09:04:31
================================================================================
[2026-09-03T09:05:15.893+0000] {manager.py:878} INFO - 
================================================================================
DAG File Processing Stats

File Path                               PID    Runtime      # DAGs    # Errors  Last Runtime    Last Run
--------------------------------------  -----  ---------  --------  ----------  --------------  -------------------
/opt/airflow/dags/flaky_etl_dag.py                               1           0  0.12s           2026-09-03T09:05:04
/opt/airflow/dags/schema_drift_dag.py                            1           0  0.12s           2026-09-03T09:05:04
/opt/airflow/dags/00_seed_demo_data.py                           1           0  0.10s           2026-09-03T09:05:03
/opt/airflow/dags/null_spike_dag.py                              1           0  0.10s           2026-09-03T09:05:02
================================================================================
[2026-09-03T09:05:26.017+0000] {manager.py:737} INFO - Searching for files in /opt/airflow/dags
[2026-09-03T09:05:26.063+0000] {manager.py:740} INFO - There are 4 files in /opt/airflow/dags
[2026-09-03T09:05:46.702+0000] {manager.py:878} INFO - 
================================================================================
DAG File Processing Stats

File Path                               PID    Runtime      # DAGs    # Errors  Last Runtime    Last Run
--------------------------------------  -----  ---------  --------  ----------  --------------  -------------------
/opt/airflow/dags/flaky_etl_dag.py                               1           0  0.17s           2026-09-03T09:05:35
/opt/airflow/dags/schema_drift_dag.py                            1           0  0.16s           2026-09-03T09:05:35
/opt/airflow/dags/null_spike_dag.py                              1           0  0.15s           2026-09-03T09:05:33
/opt/airflow/dags/00_seed_demo_data.py                           1           0  0.15s           2026-09-03T09:05:34
================================================================================
[2026-09-03T09:06:17.275+0000] {manager.py:878} INFO - 
================================================================================
DAG File Processing Stats

File Path                               PID    Runtime      # DAGs    # Errors  Last Runtime    Last Run
--------------------------------------  -----  ---------  --------  ----------  --------------  -------------------
/opt/airflow/dags/null_spike_dag.py                              1           0  0.17s           2026-09-03T09:06:04
/opt/airflow/dags/flaky_etl_dag.py                               1           0  0.12s           2026-09-03T09:06:06
/opt/airflow/dags/schema_drift_dag.py                            1           0  0.12s           2026-09-03T09:06:06
/opt/airflow/dags/00_seed_demo_data.py                           1           0  0.11s           2026-09-03T09:06:05
================================================================================
[2026-09-03T09:06:47.911+0000] {manager.py:878} INFO - 
================================================================================
DAG File Processing Stats

File Path                               PID    Runtime      # DAGs    # Errors  Last Runtime    Last Run
--------------------------------------  -----  ---------  --------  ----------  --------------  -------------------
/opt/airflow/dags/flaky_etl_dag.py                               1           0  0.16s           2026-09-03T09:06:36
/opt/airflow/dags/schema_drift_dag.py                            1           0  0.15s           2026-09-03T09:06:36
/opt/airflow/dags/null_spike_dag.py                              1           0  0.14s           2026-09-03T09:06:34
/opt/airflow/dags/00_seed_demo_data.py                           1           0  0.12s           2026-09-03T09:06:35
================================================================================
[2026-09-03T09:07:18.589+0000] {manager.py:878} INFO - 
================================================================================
DAG File Processing Stats

File Path                               PID    Runtime      # DAGs    # Errors  Last Runtime    Last Run
--------------------------------------  -----  ---------  --------  ----------  --------------  -------------------
/opt/airflow/dags/null_spike_dag.py                              1           0  0.12s           2026-09-03T09:07:05
/opt/airflow/dags/00_seed_demo_data.py                           1           0  0.12s           2026-09-03T09:07:06
/opt/airflow/dags/flaky_etl_dag.py                               1           0  0.11s           2026-09-03T09:07:07
/opt/airflow/dags/schema_drift_dag.py                            1           0  0.11s           2026-09-03T09:07:07
================================================================================
[2026-09-03T09:07:49.182+0000] {manager.py:878} INFO - 
================================================================================
DAG File Processing Stats

File Path                               PID    Runtime      # DAGs    # Errors  Last Runtime    Last Run
--------------------------------------  -----  ---------  --------  ----------  --------------  -------------------
/opt/airflow/dags/flaky_etl_dag.py                               1           0  0.17s           2026-09-03T09:07:38
/opt/airflow/dags/schema_drift_dag.py                            1           0  0.17s           2026-09-03T09:07:38
/opt/airflow/dags/00_seed_demo_data.py                           1           0  0.16s           2026-09-03T09:07:37
/opt/airflow/dags/null_spike_dag.py                              1           0  0.11s           2026-09-03T09:07:35
================================================================================
[2026-09-03T09:08:19.906+0000] {manager.py:878} INFO - 
================================================================================
DAG File Processing Stats

File Path                               PID    Runtime      # DAGs    # Errors  Last Runtime    Last Run
--------------------------------------  -----  ---------  --------  ----------  --------------  -------------------
/opt/airflow/dags/00_seed_demo_data.py                           1           0  0.15s           2026-09-03T09:08:07
/opt/airflow/dags/flaky_etl_dag.py                               1           0  0.14s           2026-09-03T09:08:08
/opt/airflow/dags/schema_drift_dag.py                            1           0  0.14s           2026-09-03T09:08:08
/opt/airflow/dags/null_spike_dag.py                              1           0  0.11s           2026-09-03T09:08:06
================================================================================
[2026-09-03T09:08:50.358+0000] {manager.py:878} INFO - 
================================================================================
DAG File Processing Stats

File Path                               PID    Runtime      # DAGs    # Errors  Last Runtime    Last Run
--------------------------------------  -----  ---------  --------  ----------  --------------  -------------------
/opt/airflow/dags/null_spike_dag.py                              1           0  0.28s           2026-09-03T09:08:37
/opt/airflow/dags/00_seed_demo_data.py                           1           0  0.15s           2026-09-03T09:08:38
/opt/airflow/dags/flaky_etl_dag.py                               1           0  0.14s           2026-09-03T09:08:39
/opt/airflow/dags/schema_drift_dag.py                            1           0  0.14s           2026-09-03T09:08:39
================================================================================
[2026-09-03T09:09:21.114+0000] {manager.py:878} INFO - 
================================================================================
DAG File Processing Stats

File Path                               PID    Runtime      # DAGs    # Errors  Last Runtime    Last Run
--------------------------------------  -----  ---------  --------  ----------  --------------  -------------------
/opt/airflow/dags/null_spike_dag.py                              1           0  0.17s           2026-09-03T09:09:07
/opt/airflow/dags/flaky_etl_dag.py                               1           0  0.16s           2026-09-03T09:09:09
/opt/airflow/dags/schema_drift_dag.py                            1           0  0.14s           2026-09-03T09:09:09
/opt/airflow/dags/00_seed_demo_data.py                           1           0  0.11s           2026-09-03T09:09:08
================================================================================
[2026-09-03T09:09:51.703+0000] {manager.py:878} INFO - 
================================================================================
DAG File Processing Stats

File Path                               PID    Runtime      # DAGs    # Errors  Last Runtime    Last Run
--------------------------------------  -----  ---------  --------  ----------  --------------  -------------------
/opt/airflow/dags/schema_drift_dag.py                            1           0  0.15s           2026-09-03T09:09:40
/opt/airflow/dags/flaky_etl_dag.py                               1           0  0.15s           2026-09-03T09:09:40
/opt/airflow/dags/00_seed_demo_data.py                           1           0  0.13s           2026-09-03T09:09:39
/opt/airflow/dags/null_spike_dag.py                              1           0  0.10s           2026-09-03T09:09:38
================================================================================
[2026-09-03T09:10:22.531+0000] {manager.py:878} INFO - 
================================================================================
DAG File Processing Stats

File Path                               PID    Runtime      # DAGs    # Errors  Last Runtime    Last Run
--------------------------------------  -----  ---------  --------  ----------  --------------  -------------------
/opt/airflow/dags/null_spike_dag.py                              1           0  0.20s           2026-09-03T09:10:09
/opt/airflow/dags/00_seed_demo_data.py                           1           0  0.15s           2026-09-03T09:10:10
/opt/airflow/dags/schema_drift_dag.py                            1           0  0.13s           2026-09-03T09:10:11
/opt/airflow/dags/flaky_etl_dag.py                               1           0  0.13s           2026-09-03T09:10:11
================================================================================
[2026-09-03T09:10:26.579+0000] {manager.py:737} INFO - Searching for files in /opt/airflow/dags
[2026-09-03T09:10:26.623+0000] {manager.py:740} INFO - There are 4 files in /opt/airflow/dags
[2026-09-03T09:10:53.177+0000] {manager.py:878} INFO - 
================================================================================
DAG File Processing Stats

File Path                               PID    Runtime      # DAGs    # Errors  Last Runtime    Last Run
--------------------------------------  -----  ---------  --------  ----------  --------------  -------------------
/opt/airflow/dags/flaky_etl_dag.py                               1           0  0.11s           2026-09-03T09:10:42
/opt/airflow/dags/schema_drift_dag.py                            1           0  0.11s           2026-09-03T09:10:42
/opt/airflow/dags/null_spike_dag.py                              1           0  0.11s           2026-09-03T09:10:39
/opt/airflow/dags/00_seed_demo_data.py                           1           0  0.11s           2026-09-03T09:10:40
================================================================================
[2026-09-03T09:11:23.871+0000] {manager.py:878} INFO - 
================================================================================
DAG File Processing Stats

File Path                               PID    Runtime      # DAGs    # Errors  Last Runtime    Last Run
--------------------------------------  -----  ---------  --------  ----------  --------------  -------------------
/opt/airflow/dags/flaky_etl_dag.py                               1           0  0.15s           2026-09-03T09:11:12
/opt/airflow/dags/00_seed_demo_data.py                           1           0  0.14s           2026-09-03T09:11:11
/opt/airflow/dags/null_spike_dag.py                              1           0  0.14s           2026-09-03T09:11:10
/opt/airflow/dags/schema_drift_dag.py                            1           0  0.12s           2026-09-03T09:11:12
================================================================================
[2026-09-03T09:11:54.463+0000] {manager.py:878} INFO - 
================================================================================
DAG File Processing Stats

File Path                               PID    Runtime      # DAGs    # Errors  Last Runtime    Last Run
--------------------------------------  -----  ---------  --------  ----------  --------------  -------------------
/opt/airflow/dags/schema_drift_dag.py                            1           0  0.16s           2026-09-03T09:11:43
/opt/airflow/dags/flaky_etl_dag.py                               1           0  0.16s           2026-09-03T09:11:43
/opt/airflow/dags/00_seed_demo_data.py                           1           0  0.16s           2026-09-03T09:11:42
/opt/airflow/dags/null_spike_dag.py                              1           0  0.11s           2026-09-03T09:11:41
================================================================================
[2026-09-03T09:12:25.229+0000] {manager.py:878} INFO - 
================================================================================
DAG File Processing Stats

File Path                               PID    Runtime      # DAGs    # Errors  Last Runtime    Last Run
--------------------------------------  -----  ---------  --------  ----------  --------------  -------------------
/opt/airflow/dags/flaky_etl_dag.py                               1           0  0.17s           2026-09-03T09:12:14
/opt/airflow/dags/schema_drift_dag.py                            1           0  0.16s           2026-09-03T09:12:14
/opt/airflow/dags/null_spike_dag.py                              1           0  0.15s           2026-09-03T09:12:11
/opt/airflow/dags/00_seed_demo_data.py                           1           0  0.11s           2026-09-03T09:12:12
================================================================================
[2026-09-03T09:12:55.840+0000] {manager.py:878} INFO - 
================================================================================
DAG File Processing Stats

File Path                               PID    Runtime      # DAGs    # Errors  Last Runtime    Last Run
--------------------------------------  -----  ---------  --------  ----------  --------------  -------------------
/opt/airflow/dags/00_seed_demo_data.py                           1           0  0.14s           2026-09-03T09:12:43
/opt/airflow/dags/null_spike_dag.py                              1           0  0.12s           2026-09-03T09:12:42
/opt/airflow/dags/schema_drift_dag.py                            1           0  0.12s           2026-09-03T09:12:44
/opt/airflow/dags/flaky_etl_dag.py                               1           0  0.12s           2026-09-03T09:12:44
================================================================================
[2026-09-03T09:13:26.453+0000] {manager.py:878} INFO - 
================================================================================
DAG File Processing Stats

File Path                               PID    Runtime      # DAGs    # Errors  Last Runtime    Last Run
--------------------------------------  -----  ---------  --------  ----------  --------------  -------------------
/opt/airflow/dags/00_seed_demo_data.py                           1           0  0.12s           2026-09-03T09:13:14
/opt/airflow/dags/flaky_etl_dag.py                               1           0  0.11s           2026-09-03T09:13:15
/opt/airflow/dags/schema_drift_dag.py                            1           0  0.11s           2026-09-03T09:13:15
/opt/airflow/dags/null_spike_dag.py                              1           0  0.10s           2026-09-03T09:13:13
================================================================================
[2026-09-03T09:13:57.120+0000] {manager.py:878} INFO - 
================================================================================
DAG File Processing Stats

File Path                               PID    Runtime      # DAGs    # Errors  Last Runtime    Last Run
--------------------------------------  -----  ---------  --------  ----------  --------------  -------------------
/opt/airflow/dags/schema_drift_dag.py                            1           0  0.20s           2026-09-03T09:13:46
/opt/airflow/dags/flaky_etl_dag.py                               1           0  0.17s           2026-09-03T09:13:46
/opt/airflow/dags/null_spike_dag.py                              1           0  0.14s           2026-09-03T09:13:43
/opt/airflow/dags/00_seed_demo_data.py                           1           0  0.14s           2026-09-03T09:13:44
================================================================================
[2026-09-03T09:14:27.751+0000] {manager.py:878} INFO - 
================================================================================
DAG File Processing Stats

File Path                               PID    Runtime      # DAGs    # Errors  Last Runtime    Last Run
--------------------------------------  -----  ---------  --------  ----------  --------------  -------------------
/opt/airflow/dags/schema_drift_dag.py                            1           0  0.12s           2026-09-03T09:14:16
/opt/airflow/dags/flaky_etl_dag.py                               1           0  0.12s           2026-09-03T09:14:16
/opt/airflow/dags/null_spike_dag.py                              1           0  0.11s           2026-09-03T09:14:14
/opt/airflow/dags/00_seed_demo_data.py                           1           0  0.11s           2026-09-03T09:14:15
================================================================================
[2026-09-03T09:28:36.161+0000] {manager.py:737} INFO - Searching for files in /opt/airflow/dags
[2026-09-03T09:28:36.256+0000] {manager.py:740} INFO - There are 4 files in /opt/airflow/dags
[2026-09-03T09:29:01.642+0000] {manager.py:878} INFO - 
================================================================================
DAG File Processing Stats

File Path                               PID    Runtime      # DAGs    # Errors  Last Runtime    Last Run
--------------------------------------  -----  ---------  --------  ----------  --------------  -------------------
/opt/airflow/dags/schema_drift_dag.py                            1           0  1.43s           2026-09-03T09:28:37
/opt/airflow/dags/flaky_etl_dag.py                               1           0  1.12s           2026-09-03T09:28:37
/opt/airflow/dags/null_spike_dag.py                              1           0  0.78s           2026-09-03T09:28:38
/opt/airflow/dags/00_seed_demo_data.py                           1           0  0.57s           2026-09-03T09:28:38
================================================================================
[2026-09-03T09:29:32.199+0000] {manager.py:878} INFO - 
================================================================================
DAG File Processing Stats

File Path                               PID    Runtime      # DAGs    # Errors  Last Runtime    Last Run
--------------------------------------  -----  ---------  --------  ----------  --------------  -------------------
/opt/airflow/dags/null_spike_dag.py                              1           0  0.23s           2026-09-03T09:29:09
/opt/airflow/dags/00_seed_demo_data.py                           1           0  0.23s           2026-09-03T09:29:09
/opt/airflow/dags/schema_drift_dag.py                            1           0  0.13s           2026-09-03T09:29:07
/opt/airflow/dags/flaky_etl_dag.py                               1           0  0.12s           2026-09-03T09:29:07
================================================================================
[2026-09-03T09:30:02.890+0000] {manager.py:878} INFO - 
================================================================================
DAG File Processing Stats

File Path                               PID    Runtime      # DAGs    # Errors  Last Runtime    Last Run
--------------------------------------  -----  ---------  --------  ----------  --------------  -------------------
/opt/airflow/dags/00_seed_demo_data.py                           1           0  0.14s           2026-09-03T09:29:39
/opt/airflow/dags/null_spike_dag.py                              1           0  0.14s           2026-09-03T09:29:39
/opt/airflow/dags/flaky_etl_dag.py                               1           0  0.13s           2026-09-03T09:29:38
/opt/airflow/dags/schema_drift_dag.py                            1           0  0.13s           2026-09-03T09:29:38
================================================================================
[2026-09-03T09:30:33.357+0000] {manager.py:878} INFO - 
================================================================================
DAG File Processing Stats

File Path                               PID    Runtime      # DAGs    # Errors  Last Runtime    Last Run
--------------------------------------  -----  ---------  --------  ----------  --------------  -------------------
/opt/airflow/dags/null_spike_dag.py                              1           0  0.18s           2026-09-03T09:30:10
/opt/airflow/dags/00_seed_demo_data.py                           1           0  0.15s           2026-09-03T09:30:10
/opt/airflow/dags/flaky_etl_dag.py                               1           0  0.14s           2026-09-03T09:30:09
/opt/airflow/dags/schema_drift_dag.py                            1           0  0.13s           2026-09-03T09:30:09
================================================================================
[2026-09-03T09:31:03.953+0000] {manager.py:878} INFO - 
================================================================================
DAG File Processing Stats

File Path                               PID    Runtime      # DAGs    # Errors  Last Runtime    Last Run
--------------------------------------  -----  ---------  --------  ----------  --------------  -------------------
/opt/airflow/dags/schema_drift_dag.py                            1           0  0.12s           2026-09-03T09:30:39
/opt/airflow/dags/null_spike_dag.py                              1           0  0.12s           2026-09-03T09:30:40
/opt/airflow/dags/00_seed_demo_data.py                           1           0  0.12s           2026-09-03T09:30:40
/opt/airflow/dags/flaky_etl_dag.py                               1           0  0.11s           2026-09-03T09:30:39
================================================================================
[2026-09-03T09:31:34.538+0000] {manager.py:878} INFO - 
================================================================================
DAG File Processing Stats

File Path                               PID    Runtime      # DAGs    # Errors  Last Runtime    Last Run
--------------------------------------  -----  ---------  --------  ----------  --------------  -------------------
/opt/airflow/dags/null_spike_dag.py                              1           0  0.14s           2026-09-03T09:31:11
/opt/airflow/dags/00_seed_demo_data.py                           1           0  0.14s           2026-09-03T09:31:11
/opt/airflow/dags/schema_drift_dag.py                            1           0  0.12s           2026-09-03T09:31:10
/opt/airflow/dags/flaky_etl_dag.py                               1           0  0.12s           2026-09-03T09:31:10
================================================================================
[2026-09-03T09:32:05.127+0000] {manager.py:878} INFO - 
================================================================================
DAG File Processing Stats

File Path                               PID    Runtime      # DAGs    # Errors  Last Runtime    Last Run
--------------------------------------  -----  ---------  --------  ----------  --------------  -------------------
/opt/airflow/dags/schema_drift_dag.py                            1           0  0.15s           2026-09-03T09:31:40
/opt/airflow/dags/flaky_etl_dag.py                               1           0  0.15s           2026-09-03T09:31:40
/opt/airflow/dags/00_seed_demo_data.py                           1           0  0.11s           2026-09-03T09:31:41
/opt/airflow/dags/null_spike_dag.py                              1           0  0.11s           2026-09-03T09:31:41
================================================================================
[2026-09-03T09:32:35.640+0000] {manager.py:878} INFO - 
================================================================================
DAG File Processing Stats

File Path                               PID    Runtime      # DAGs    # Errors  Last Runtime    Last Run
--------------------------------------  -----  ---------  --------  ----------  --------------  -------------------
/opt/airflow/dags/flaky_etl_dag.py                               1           0  0.18s           2026-09-03T09:32:11
/opt/airflow/dags/schema_drift_dag.py                            1           0  0.17s           2026-09-03T09:32:11
/opt/airflow/dags/null_spike_dag.py                              1           0  0.12s           2026-09-03T09:32:12
/opt/airflow/dags/00_seed_demo_data.py                           1           0  0.10s           2026-09-03T09:32:12
================================================================================
[2026-09-03T09:33:06.238+0000] {manager.py:878} INFO - 
================================================================================
DAG File Processing Stats

File Path                               PID    Runtime      # DAGs    # Errors  Last Runtime    Last Run
--------------------------------------  -----  ---------  --------  ----------  --------------  -------------------
/opt/airflow/dags/null_spike_dag.py                              1           0  0.19s           2026-09-03T09:32:43
/opt/airflow/dags/00_seed_demo_data.py                           1           0  0.16s           2026-09-03T09:32:43
/opt/airflow/dags/schema_drift_dag.py                            1           0  0.12s           2026-09-03T09:32:41
/opt/airflow/dags/flaky_etl_dag.py                               1           0  0.12s           2026-09-03T09:32:41
================================================================================
[2026-09-03T09:33:36.791+0000] {manager.py:737} INFO - Searching for files in /opt/airflow/dags
[2026-09-03T09:33:36.836+0000] {manager.py:740} INFO - There are 4 files in /opt/airflow/dags
[2026-09-03T09:33:36.846+0000] {manager.py:878} INFO - 
================================================================================
DAG File Processing Stats

File Path                               PID    Runtime      # DAGs    # Errors  Last Runtime    Last Run
--------------------------------------  -----  ---------  --------  ----------  --------------  -------------------
/opt/airflow/dags/null_spike_dag.py                              1           0  0.13s           2026-09-03T09:33:13
/opt/airflow/dags/00_seed_demo_data.py                           1           0  0.13s           2026-09-03T09:33:13
/opt/airflow/dags/schema_drift_dag.py                            1           0  0.11s           2026-09-03T09:33:12
/opt/airflow/dags/flaky_etl_dag.py                               1           0  0.11s           2026-09-03T09:33:12
================================================================================
[2026-09-03T09:34:07.463+0000] {manager.py:878} INFO - 
================================================================================
DAG File Processing Stats

File Path                               PID    Runtime      # DAGs    # Errors  Last Runtime    Last Run
--------------------------------------  -----  ---------  --------  ----------  --------------  -------------------
/opt/airflow/dags/null_spike_dag.py                              1           0  0.16s           2026-09-03T09:33:44
/opt/airflow/dags/00_seed_demo_data.py                           1           0  0.16s           2026-09-03T09:33:44
/opt/airflow/dags/flaky_etl_dag.py                               1           0  0.12s           2026-09-03T09:33:43
/opt/airflow/dags/schema_drift_dag.py                            1           0  0.12s           2026-09-03T09:33:43
================================================================================
[2026-09-03T09:34:38.015+0000] {manager.py:878} INFO - 
================================================================================
DAG File Processing Stats

File Path                               PID    Runtime      # DAGs    # Errors  Last Runtime    Last Run
--------------------------------------  -----  ---------  --------  ----------  --------------  -------------------
/opt/airflow/dags/flaky_etl_dag.py                               1           0  0.21s           2026-09-03T09:34:13
/opt/airflow/dags/schema_drift_dag.py                            1           0  0.21s           2026-09-03T09:34:13
/opt/airflow/dags/00_seed_demo_data.py                           1           0  0.12s           2026-09-03T09:34:14
/opt/airflow/dags/null_spike_dag.py                              1           0  0.12s           2026-09-03T09:34:14
================================================================================
[2026-09-03T09:35:08.558+0000] {manager.py:878} INFO - 
================================================================================
DAG File Processing Stats

File Path                               PID    Runtime      # DAGs    # Errors  Last Runtime    Last Run
--------------------------------------  -----  ---------  --------  ----------  --------------  -------------------
/opt/airflow/dags/schema_drift_dag.py                            1           0  0.14s           2026-09-03T09:34:44
/opt/airflow/dags/null_spike_dag.py                              1           0  0.12s           2026-09-03T09:34:45
/opt/airflow/dags/00_seed_demo_data.py                           1           0  0.12s           2026-09-03T09:34:45
/opt/airflow/dags/flaky_etl_dag.py                               1           0  0.12s           2026-09-03T09:34:44
================================================================================
[2026-09-03T09:35:39.160+0000] {manager.py:878} INFO - 
================================================================================
DAG File Processing Stats

File Path                               PID    Runtime      # DAGs    # Errors  Last Runtime    Last Run
--------------------------------------  -----  ---------  --------  ----------  --------------  -------------------
/opt/airflow/dags/schema_drift_dag.py                            1           0  0.12s           2026-09-03T09:35:14
/opt/airflow/dags/00_seed_demo_data.py                           1           0  0.12s           2026-09-03T09:35:15
/opt/airflow/dags/null_spike_dag.py                              1           0  0.12s           2026-09-03T09:35:15
/opt/airflow/dags/flaky_etl_dag.py                               1           0  0.12s           2026-09-03T09:35:14
================================================================================
[2026-09-03T09:36:09.777+0000] {manager.py:878} INFO - 
================================================================================
DAG File Processing Stats

File Path                               PID    Runtime      # DAGs    # Errors  Last Runtime    Last Run
--------------------------------------  -----  ---------  --------  ----------  --------------  -------------------
/opt/airflow/dags/schema_drift_dag.py                            1           0  0.16s           2026-09-03T09:35:45
/opt/airflow/dags/flaky_etl_dag.py                               1           0  0.15s           2026-09-03T09:35:45
/opt/airflow/dags/null_spike_dag.py                              1           0  0.15s           2026-09-03T09:35:46
/opt/airflow/dags/00_seed_demo_data.py                           1           0  0.13s           2026-09-03T09:35:46
================================================================================
[2026-09-03T09:36:40.363+0000] {manager.py:878} INFO - 
================================================================================
DAG File Processing Stats

File Path                               PID    Runtime      # DAGs    # Errors  Last Runtime    Last Run
--------------------------------------  -----  ---------  --------  ----------  --------------  -------------------
/opt/airflow/dags/00_seed_demo_data.py                           1           0  0.19s           2026-09-03T09:36:17
/opt/airflow/dags/null_spike_dag.py                              1           0  0.19s           2026-09-03T09:36:17
/opt/airflow/dags/flaky_etl_dag.py                               1           0  0.11s           2026-09-03T09:36:15
/opt/airflow/dags/schema_drift_dag.py                            1           0  0.11s           2026-09-03T09:36:15
================================================================================
[2026-09-03T09:37:11.053+0000] {manager.py:878} INFO - 
================================================================================
DAG File Processing Stats

File Path                               PID    Runtime      # DAGs    # Errors  Last Runtime    Last Run
--------------------------------------  -----  ---------  --------  ----------  --------------  -------------------
/opt/airflow/dags/flaky_etl_dag.py                               1           0  0.12s           2026-09-03T09:36:46
/opt/airflow/dags/schema_drift_dag.py                            1           0  0.12s           2026-09-03T09:36:46
/opt/airflow/dags/null_spike_dag.py                              1           0  0.11s           2026-09-03T09:36:47
/opt/airflow/dags/00_seed_demo_data.py                           1           0  0.11s           2026-09-03T09:36:47
================================================================================
[2026-09-03T09:37:41.677+0000] {manager.py:878} INFO - 
================================================================================
DAG File Processing Stats

File Path                               PID    Runtime      # DAGs    # Errors  Last Runtime    Last Run
--------------------------------------  -----  ---------  --------  ----------  --------------  -------------------
/opt/airflow/dags/schema_drift_dag.py                            1           0  0.15s           2026-09-03T09:37:17
/opt/airflow/dags/flaky_etl_dag.py                               1           0  0.13s           2026-09-03T09:37:17
/opt/airflow/dags/null_spike_dag.py                              1           0  0.12s           2026-09-03T09:37:18
/opt/airflow/dags/00_seed_demo_data.py                           1           0  0.12s           2026-09-03T09:37:18
================================================================================
[2026-09-03T09:38:12.163+0000] {manager.py:878} INFO - 
================================================================================
DAG File Processing Stats

File Path                               PID    Runtime      # DAGs    # Errors  Last Runtime    Last Run
--------------------------------------  -----  ---------  --------  ----------  --------------  -------------------
/opt/airflow/dags/flaky_etl_dag.py                               1           0  0.16s           2026-09-03T09:37:47
/opt/airflow/dags/schema_drift_dag.py                            1           0  0.15s           2026-09-03T09:37:47
/opt/airflow/dags/null_spike_dag.py                              1           0  0.11s           2026-09-03T09:37:48
/opt/airflow/dags/00_seed_demo_data.py                           1           0  0.11s           2026-09-03T09:37:48
================================================================================
[2026-09-03T09:38:36.804+0000] {manager.py:737} INFO - Searching for files in /opt/airflow/dags
[2026-09-03T09:38:36.858+0000] {manager.py:740} INFO - There are 4 files in /opt/airflow/dags
[2026-09-03T09:38:42.927+0000] {manager.py:878} INFO - 
================================================================================
DAG File Processing Stats

File Path                               PID    Runtime      # DAGs    # Errors  Last Runtime    Last Run
--------------------------------------  -----  ---------  --------  ----------  --------------  -------------------
/opt/airflow/dags/flaky_etl_dag.py                               1           0  0.16s           2026-09-03T09:38:18
/opt/airflow/dags/schema_drift_dag.py                            1           0  0.16s           2026-09-03T09:38:18
/opt/airflow/dags/00_seed_demo_data.py                           1           0  0.11s           2026-09-03T09:38:19
/opt/airflow/dags/null_spike_dag.py                              1           0  0.11s           2026-09-03T09:38:19
================================================================================
[2026-09-03T09:39:13.503+0000] {manager.py:878} INFO - 
================================================================================
DAG File Processing Stats

File Path                               PID    Runtime      # DAGs    # Errors  Last Runtime    Last Run
--------------------------------------  -----  ---------  --------  ----------  --------------  -------------------
/opt/airflow/dags/schema_drift_dag.py                            1           0  0.12s           2026-09-03T09:38:49
/opt/airflow/dags/flaky_etl_dag.py                               1           0  0.12s           2026-09-03T09:38:49
/opt/airflow/dags/00_seed_demo_data.py                           1           0  0.11s           2026-09-03T09:38:50
/opt/airflow/dags/null_spike_dag.py                              1           0  0.11s           2026-09-03T09:38:50
================================================================================
[2026-09-03T09:39:44.119+0000] {manager.py:878} INFO - 
================================================================================
DAG File Processing Stats

File Path                               PID    Runtime      # DAGs    # Errors  Last Runtime    Last Run
--------------------------------------  -----  ---------  --------  ----------  --------------  -------------------
/opt/airflow/dags/schema_drift_dag.py                            1           0  0.14s           2026-09-03T09:39:19
/opt/airflow/dags/00_seed_demo_data.py                           1           0  0.12s           2026-09-03T09:39:20
/opt/airflow/dags/flaky_etl_dag.py                               1           0  0.12s           2026-09-03T09:39:19
/opt/airflow/dags/null_spike_dag.py                              1           0  0.11s           2026-09-03T09:39:20
================================================================================
[2026-09-03T09:40:14.825+0000] {manager.py:878} INFO - 
================================================================================
DAG File Processing Stats

File Path                               PID    Runtime      # DAGs    # Errors  Last Runtime    Last Run
--------------------------------------  -----  ---------  --------  ----------  --------------  -------------------
/opt/airflow/dags/flaky_etl_dag.py                               1           0  0.15s           2026-09-03T09:39:50
/opt/airflow/dags/00_seed_demo_data.py                           1           0  0.15s           2026-09-03T09:39:51
/opt/airflow/dags/null_spike_dag.py                              1           0  0.15s           2026-09-03T09:39:51
/opt/airflow/dags/schema_drift_dag.py                            1           0  0.11s           2026-09-03T09:39:50
================================================================================
[2026-09-03T09:40:45.371+0000] {manager.py:878} INFO - 
================================================================================
DAG File Processing Stats

File Path                               PID    Runtime      # DAGs    # Errors  Last Runtime    Last Run
--------------------------------------  -----  ---------  --------  ----------  --------------  -------------------
/opt/airflow/dags/null_spike_dag.py                              1           0  0.13s           2026-09-03T09:40:22
/opt/airflow/dags/00_seed_demo_data.py                           1           0  0.12s           2026-09-03T09:40:22
/opt/airflow/dags/schema_drift_dag.py                            1           0  0.12s           2026-09-03T09:40:21
/opt/airflow/dags/flaky_etl_dag.py                               1           0  0.12s           2026-09-03T09:40:21
================================================================================
[2026-09-03T09:41:15.990+0000] {manager.py:878} INFO - 
================================================================================
DAG File Processing Stats

File Path                               PID    Runtime      # DAGs    # Errors  Last Runtime    Last Run
--------------------------------------  -----  ---------  --------  ----------  --------------  -------------------
/opt/airflow/dags/schema_drift_dag.py                            1           0  0.16s           2026-09-03T09:40:51
/opt/airflow/dags/flaky_etl_dag.py                               1           0  0.16s           2026-09-03T09:40:51
/opt/airflow/dags/00_seed_demo_data.py                           1           0  0.11s           2026-09-03T09:40:52
/opt/airflow/dags/null_spike_dag.py                              1           0  0.11s           2026-09-03T09:40:52
================================================================================
[2026-09-03T09:41:46.579+0000] {manager.py:878} INFO - 
================================================================================
DAG File Processing Stats

File Path                               PID    Runtime      # DAGs    # Errors  Last Runtime    Last Run
--------------------------------------  -----  ---------  --------  ----------  --------------  -------------------
/opt/airflow/dags/null_spike_dag.py                              1           0  0.13s           2026-09-03T09:41:23
/opt/airflow/dags/schema_drift_dag.py                            1           0  0.12s           2026-09-03T09:41:22
/opt/airflow/dags/flaky_etl_dag.py                               1           0  0.12s           2026-09-03T09:41:22
/opt/airflow/dags/00_seed_demo_data.py                           1           0  0.11s           2026-09-03T09:41:23
================================================================================
[2026-09-03T09:42:17.163+0000] {manager.py:878} INFO - 
================================================================================
DAG File Processing Stats

File Path                               PID    Runtime      # DAGs    # Errors  Last Runtime    Last Run
--------------------------------------  -----  ---------  --------  ----------  --------------  -------------------
/opt/airflow/dags/null_spike_dag.py                              1           0  0.12s           2026-09-03T09:41:53
/opt/airflow/dags/00_seed_demo_data.py                           1           0  0.12s           2026-09-03T09:41:53
/opt/airflow/dags/schema_drift_dag.py                            1           0  0.12s           2026-09-03T09:41:52
/opt/airflow/dags/flaky_etl_dag.py                               1           0  0.12s           2026-09-03T09:41:52
================================================================================
[2026-09-03T09:57:19.890+0000] {manager.py:737} INFO - Searching for files in /opt/airflow/dags
[2026-09-03T09:57:20.093+0000] {manager.py:740} INFO - There are 4 files in /opt/airflow/dags
[2026-09-03T09:57:29.346+0000] {manager.py:878} INFO - 
================================================================================
DAG File Processing Stats

File Path                               PID    Runtime      # DAGs    # Errors  Last Runtime    Last Run
--------------------------------------  -----  ---------  --------  ----------  --------------  -------------------
/opt/airflow/dags/schema_drift_dag.py                            1           0  0.90s           2026-09-03T09:57:21
/opt/airflow/dags/flaky_etl_dag.py                               1           0  0.67s           2026-09-03T09:57:21
/opt/airflow/dags/null_spike_dag.py                              1           0  0.56s           2026-09-03T09:57:22
/opt/airflow/dags/00_seed_demo_data.py                           1           0  0.39s           2026-09-03T09:57:22
================================================================================
[2026-09-03T09:57:59.923+0000] {manager.py:878} INFO - 
================================================================================
DAG File Processing Stats

File Path                               PID    Runtime      # DAGs    # Errors  Last Runtime    Last Run
--------------------------------------  -----  ---------  --------  ----------  --------------  -------------------
/opt/airflow/dags/null_spike_dag.py                              1           0  0.21s           2026-09-03T09:57:52
/opt/airflow/dags/00_seed_demo_data.py                           1           0  0.21s           2026-09-03T09:57:52
/opt/airflow/dags/flaky_etl_dag.py                               1           0  0.14s           2026-09-03T09:57:51
/opt/airflow/dags/schema_drift_dag.py                            1           0  0.13s           2026-09-03T09:57:51
================================================================================
[2026-09-03T09:58:30.499+0000] {manager.py:878} INFO - 
================================================================================
DAG File Processing Stats

File Path                               PID    Runtime      # DAGs    # Errors  Last Runtime    Last Run
--------------------------------------  -----  ---------  --------  ----------  --------------  -------------------
/opt/airflow/dags/schema_drift_dag.py                            1           0  0.15s           2026-09-03T09:58:22
/opt/airflow/dags/flaky_etl_dag.py                               1           0  0.15s           2026-09-03T09:58:22
/opt/airflow/dags/00_seed_demo_data.py                           1           0  0.13s           2026-09-03T09:58:23
/opt/airflow/dags/null_spike_dag.py                              1           0  0.13s           2026-09-03T09:58:23
================================================================================
[2026-09-03T09:59:00.988+0000] {manager.py:878} INFO - 
================================================================================
DAG File Processing Stats

File Path                               PID    Runtime      # DAGs    # Errors  Last Runtime    Last Run
--------------------------------------  -----  ---------  --------  ----------  --------------  -------------------
/opt/airflow/dags/schema_drift_dag.py                            1           0  0.16s           2026-09-03T09:58:52
/opt/airflow/dags/null_spike_dag.py                              1           0  0.15s           2026-09-03T09:58:53
/opt/airflow/dags/00_seed_demo_data.py                           1           0  0.15s           2026-09-03T09:58:53
/opt/airflow/dags/flaky_etl_dag.py                               1           0  0.13s           2026-09-03T09:58:52
================================================================================
[2026-09-03T09:59:31.501+0000] {manager.py:878} INFO - 
================================================================================
DAG File Processing Stats

File Path                               PID    Runtime      # DAGs    # Errors  Last Runtime    Last Run
--------------------------------------  -----  ---------  --------  ----------  --------------  -------------------
/opt/airflow/dags/schema_drift_dag.py                            1           0  0.16s           2026-09-03T09:59:23
/opt/airflow/dags/flaky_etl_dag.py                               1           0  0.16s           2026-09-03T09:59:23
/opt/airflow/dags/00_seed_demo_data.py                           1           0  0.14s           2026-09-03T09:59:24
/opt/airflow/dags/null_spike_dag.py                              1           0  0.14s           2026-09-03T09:59:24
================================================================================
[2026-09-03T10:00:02.023+0000] {manager.py:878} INFO - 
================================================================================
DAG File Processing Stats

File Path                               PID    Runtime      # DAGs    # Errors  Last Runtime    Last Run
--------------------------------------  -----  ---------  --------  ----------  --------------  -------------------
/opt/airflow/dags/schema_drift_dag.py                            1           0  0.18s           2026-09-03T09:59:53
/opt/airflow/dags/flaky_etl_dag.py                               1           0  0.18s           2026-09-03T09:59:53
/opt/airflow/dags/00_seed_demo_data.py                           1           0  0.14s           2026-09-03T09:59:54
/opt/airflow/dags/null_spike_dag.py                              1           0  0.14s           2026-09-03T09:59:54
================================================================================
[2026-09-03T10:00:32.719+0000] {manager.py:878} INFO - 
================================================================================
DAG File Processing Stats

File Path                               PID    Runtime      # DAGs    # Errors  Last Runtime    Last Run
--------------------------------------  -----  ---------  --------  ----------  --------------  -------------------
/opt/airflow/dags/null_spike_dag.py                              1           0  0.26s           2026-09-03T10:00:25
/opt/airflow/dags/00_seed_demo_data.py                           1           0  0.24s           2026-09-03T10:00:25
/opt/airflow/dags/flaky_etl_dag.py                               1           0  0.15s           2026-09-03T10:00:24
/opt/airflow/dags/schema_drift_dag.py                            1           0  0.14s           2026-09-03T10:00:24
================================================================================
[2026-09-03T10:01:03.391+0000] {manager.py:878} INFO - 
================================================================================
DAG File Processing Stats

File Path                               PID    Runtime      # DAGs    # Errors  Last Runtime    Last Run
--------------------------------------  -----  ---------  --------  ----------  --------------  -------------------
/opt/airflow/dags/null_spike_dag.py                              1           0  0.24s           2026-09-03T10:00:56
/opt/airflow/dags/00_seed_demo_data.py                           1           0  0.18s           2026-09-03T10:00:56
/opt/airflow/dags/schema_drift_dag.py                            1           0  0.18s           2026-09-03T10:00:55
/opt/airflow/dags/flaky_etl_dag.py                               1           0  0.18s           2026-09-03T10:00:55
================================================================================
[2026-09-03T10:01:33.904+0000] {manager.py:878} INFO - 
================================================================================
DAG File Processing Stats

File Path                               PID    Runtime      # DAGs    # Errors  Last Runtime    Last Run
--------------------------------------  -----  ---------  --------  ----------  --------------  -------------------
/opt/airflow/dags/schema_drift_dag.py                            1           0  0.15s           2026-09-03T10:01:25
/opt/airflow/dags/null_spike_dag.py                              1           0  0.15s           2026-09-03T10:01:26
/opt/airflow/dags/flaky_etl_dag.py                               1           0  0.14s           2026-09-03T10:01:25
/opt/airflow/dags/00_seed_demo_data.py                           1           0  0.14s           2026-09-03T10:01:26
================================================================================
[2026-09-03T10:02:04.411+0000] {manager.py:878} INFO - 
================================================================================
DAG File Processing Stats

File Path                               PID    Runtime      # DAGs    # Errors  Last Runtime    Last Run
--------------------------------------  -----  ---------  --------  ----------  --------------  -------------------
/opt/airflow/dags/schema_drift_dag.py                            1           0  0.17s           2026-09-03T10:01:56
/opt/airflow/dags/flaky_etl_dag.py                               1           0  0.17s           2026-09-03T10:01:56
/opt/airflow/dags/null_spike_dag.py                              1           0  0.16s           2026-09-03T10:01:57
/opt/airflow/dags/00_seed_demo_data.py                           1           0  0.15s           2026-09-03T10:01:57
================================================================================
[2026-09-03T10:02:20.620+0000] {manager.py:737} INFO - Searching for files in /opt/airflow/dags
[2026-09-03T10:02:20.683+0000] {manager.py:740} INFO - There are 4 files in /opt/airflow/dags
[2026-09-03T10:02:35.119+0000] {manager.py:878} INFO - 
================================================================================
DAG File Processing Stats

File Path                               PID    Runtime      # DAGs    # Errors  Last Runtime    Last Run
--------------------------------------  -----  ---------  --------  ----------  --------------  -------------------
/opt/airflow/dags/flaky_etl_dag.py                               1           0  0.16s           2026-09-03T10:02:26
/opt/airflow/dags/schema_drift_dag.py                            1           0  0.16s           2026-09-03T10:02:26
/opt/airflow/dags/00_seed_demo_data.py                           1           0  0.16s           2026-09-03T10:02:28
/opt/airflow/dags/null_spike_dag.py                              1           0  0.15s           2026-09-03T10:02:28
================================================================================
[2026-09-03T10:03:05.803+0000] {manager.py:878} INFO - 
================================================================================
DAG File Processing Stats

File Path                               PID    Runtime      # DAGs    # Errors  Last Runtime    Last Run
--------------------------------------  -----  ---------  --------  ----------  --------------  -------------------
/opt/airflow/dags/null_spike_dag.py                              1           0  0.20s           2026-09-03T10:02:58
/opt/airflow/dags/flaky_etl_dag.py                               1           0  0.18s           2026-09-03T10:02:57
/opt/airflow/dags/schema_drift_dag.py                            1           0  0.18s           2026-09-03T10:02:57
/opt/airflow/dags/00_seed_demo_data.py                           1           0  0.17s           2026-09-03T10:02:58
================================================================================
[2026-09-03T10:03:36.436+0000] {manager.py:878} INFO - 
================================================================================
DAG File Processing Stats

File Path                               PID    Runtime      # DAGs    # Errors  Last Runtime    Last Run
--------------------------------------  -----  ---------  --------  ----------  --------------  -------------------
/opt/airflow/dags/null_spike_dag.py                              1           0  0.17s           2026-09-03T10:03:29
/opt/airflow/dags/00_seed_demo_data.py                           1           0  0.17s           2026-09-03T10:03:29
/opt/airflow/dags/flaky_etl_dag.py                               1           0  0.15s           2026-09-03T10:03:28
/opt/airflow/dags/schema_drift_dag.py                            1           0  0.14s           2026-09-03T10:03:28
================================================================================
[2026-09-03T10:04:06.951+0000] {manager.py:878} INFO - 
================================================================================
DAG File Processing Stats

File Path                               PID    Runtime      # DAGs    # Errors  Last Runtime    Last Run
--------------------------------------  -----  ---------  --------  ----------  --------------  -------------------
/opt/airflow/dags/schema_drift_dag.py                            1           0  0.15s           2026-09-03T10:03:58
/opt/airflow/dags/null_spike_dag.py                              1           0  0.15s           2026-09-03T10:04:00
/opt/airflow/dags/00_seed_demo_data.py                           1           0  0.12s           2026-09-03T10:03:59
/opt/airflow/dags/flaky_etl_dag.py                               1           0  0.11s           2026-09-03T10:03:58
================================================================================
[2026-09-03T10:04:37.483+0000] {manager.py:878} INFO - 
================================================================================
DAG File Processing Stats

File Path                               PID    Runtime      # DAGs    # Errors  Last Runtime    Last Run
--------------------------------------  -----  ---------  --------  ----------  --------------  -------------------
/opt/airflow/dags/null_spike_dag.py                              1           0  0.16s           2026-09-03T10:04:30
/opt/airflow/dags/00_seed_demo_data.py                           1           0  0.13s           2026-09-03T10:04:30
/opt/airflow/dags/schema_drift_dag.py                            1           0  0.13s           2026-09-03T10:04:29
/opt/airflow/dags/flaky_etl_dag.py                               1           0  0.13s           2026-09-03T10:04:29
================================================================================
[2026-09-03T10:05:08.060+0000] {manager.py:878} INFO - 
================================================================================
DAG File Processing Stats

File Path                               PID    Runtime      # DAGs    # Errors  Last Runtime    Last Run
--------------------------------------  -----  ---------  --------  ----------  --------------  -------------------
/opt/airflow/dags/null_spike_dag.py                              1           0  0.12s           2026-09-03T10:05:01
/opt/airflow/dags/00_seed_demo_data.py                           1           0  0.12s           2026-09-03T10:05:01
/opt/airflow/dags/schema_drift_dag.py                            1           0  0.12s           2026-09-03T10:04:59
/opt/airflow/dags/flaky_etl_dag.py                               1           0  0.12s           2026-09-03T10:04:59
================================================================================
[2026-09-03T10:05:38.704+0000] {manager.py:878} INFO - 
================================================================================
DAG File Processing Stats

File Path                               PID    Runtime      # DAGs    # Errors  Last Runtime    Last Run
--------------------------------------  -----  ---------  --------  ----------  --------------  -------------------
/opt/airflow/dags/schema_drift_dag.py                            1           0  0.14s           2026-09-03T10:05:30
/opt/airflow/dags/flaky_etl_dag.py                               1           0  0.13s           2026-09-03T10:05:30
/opt/airflow/dags/00_seed_demo_data.py                           1           0  0.12s           2026-09-03T10:05:31
/opt/airflow/dags/null_spike_dag.py                              1           0  0.12s           2026-09-03T10:05:31
================================================================================
[2026-09-03T10:06:09.358+0000] {manager.py:878} INFO - 
================================================================================
DAG File Processing Stats

File Path                               PID    Runtime      # DAGs    # Errors  Last Runtime    Last Run
--------------------------------------  -----  ---------  --------  ----------  --------------  -------------------
/opt/airflow/dags/schema_drift_dag.py                            1           0  0.18s           2026-09-03T10:06:01
/opt/airflow/dags/flaky_etl_dag.py                               1           0  0.18s           2026-09-03T10:06:01
/opt/airflow/dags/null_spike_dag.py                              1           0  0.17s           2026-09-03T10:06:02
/opt/airflow/dags/00_seed_demo_data.py                           1           0  0.15s           2026-09-03T10:06:02
================================================================================
[2026-09-03T10:06:39.928+0000] {manager.py:878} INFO - 
================================================================================
DAG File Processing Stats

File Path                               PID    Runtime      # DAGs    # Errors  Last Runtime    Last Run
--------------------------------------  -----  ---------  --------  ----------  --------------  -------------------
/opt/airflow/dags/schema_drift_dag.py                            1           0  0.15s           2026-09-03T10:06:31
/opt/airflow/dags/flaky_etl_dag.py                               1           0  0.15s           2026-09-03T10:06:31
/opt/airflow/dags/00_seed_demo_data.py                           1           0  0.11s           2026-09-03T10:06:32
/opt/airflow/dags/null_spike_dag.py                              1           0  0.11s           2026-09-03T10:06:32
================================================================================
[2026-09-03T10:07:10.470+0000] {manager.py:878} INFO - 
================================================================================
DAG File Processing Stats

File Path                               PID    Runtime      # DAGs    # Errors  Last Runtime    Last Run
--------------------------------------  -----  ---------  --------  ----------  --------------  -------------------
/opt/airflow/dags/schema_drift_dag.py                            1           0  0.14s           2026-09-03T10:07:02
/opt/airflow/dags/flaky_etl_dag.py                               1           0  0.14s           2026-09-03T10:07:02
/opt/airflow/dags/00_seed_demo_data.py                           1           0  0.13s           2026-09-03T10:07:03
/opt/airflow/dags/null_spike_dag.py                              1           0  0.12s           2026-09-03T10:07:03
================================================================================
[2026-09-03T10:07:21.605+0000] {manager.py:737} INFO - Searching for files in /opt/airflow/dags
[2026-09-03T10:07:21.655+0000] {manager.py:740} INFO - There are 4 files in /opt/airflow/dags
[2026-09-03T11:34:26.397+0000] {manager.py:737} INFO - Searching for files in /opt/airflow/dags
[2026-09-03T11:34:28.918+0000] {manager.py:740} INFO - There are 4 files in /opt/airflow/dags
[2026-09-03T11:55:15.053+0000] {manager.py:737} INFO - Searching for files in /opt/airflow/dags
[2026-09-03T11:55:16.851+0000] {manager.py:740} INFO - There are 4 files in /opt/airflow/dags
[2026-09-03T11:55:16.949+0000] {manager.py:1203} ERROR - Processor for /opt/airflow/dags/00_seed_demo_data.py with PID 9982 started at 2026-09-03T11:34:30.192979+00:00 has timed out, killing it.
[2026-09-03T11:55:21.733+0000] {manager.py:878} INFO - 
================================================================================
DAG File Processing Stats

File Path                               PID    Runtime      # DAGs    # Errors  Last Runtime    Last Run
--------------------------------------  -----  ---------  --------  ----------  --------------  -------------------
/opt/airflow/dags/00_seed_demo_data.py                           0           1  1246.76s        2026-09-03T11:55:16
/opt/airflow/dags/schema_drift_dag.py                            1           0  0.70s           2026-09-03T11:55:17
/opt/airflow/dags/flaky_etl_dag.py                               1           0  0.54s           2026-09-03T11:55:17
/opt/airflow/dags/null_spike_dag.py                              1           0  0.52s           2026-09-03T11:55:18
================================================================================
[2026-09-03T11:55:52.225+0000] {manager.py:878} INFO - 
================================================================================
DAG File Processing Stats

File Path                               PID    Runtime      # DAGs    # Errors  Last Runtime    Last Run
--------------------------------------  -----  ---------  --------  ----------  --------------  -------------------
/opt/airflow/dags/00_seed_demo_data.py                           1           0  0.19s           2026-09-03T11:55:47
/opt/airflow/dags/schema_drift_dag.py                            1           0  0.18s           2026-09-03T11:55:48
/opt/airflow/dags/flaky_etl_dag.py                               1           0  0.14s           2026-09-03T11:55:48
/opt/airflow/dags/null_spike_dag.py                              1           0  0.13s           2026-09-03T11:55:48
================================================================================
[2026-09-03T11:56:22.772+0000] {manager.py:878} INFO - 
================================================================================
DAG File Processing Stats

File Path                               PID    Runtime      # DAGs    # Errors  Last Runtime    Last Run
--------------------------------------  -----  ---------  --------  ----------  --------------  -------------------
/opt/airflow/dags/null_spike_dag.py                              1           0  0.21s           2026-09-03T11:56:18
/opt/airflow/dags/flaky_etl_dag.py                               1           0  0.18s           2026-09-03T11:56:18
/opt/airflow/dags/schema_drift_dag.py                            1           0  0.16s           2026-09-03T11:56:18
/opt/airflow/dags/00_seed_demo_data.py                           1           0  0.15s           2026-09-03T11:56:17
================================================================================
[2026-09-03T11:56:53.352+0000] {manager.py:878} INFO - 
================================================================================
DAG File Processing Stats

File Path                               PID    Runtime      # DAGs    # Errors  Last Runtime    Last Run
--------------------------------------  -----  ---------  --------  ----------  --------------  -------------------
/opt/airflow/dags/flaky_etl_dag.py                               1           0  0.14s           2026-09-03T11:56:49
/opt/airflow/dags/schema_drift_dag.py                            1           0  0.13s           2026-09-03T11:56:49
/opt/airflow/dags/null_spike_dag.py                              1           0  0.13s           2026-09-03T11:56:49
/opt/airflow/dags/00_seed_demo_data.py                           1           0  0.11s           2026-09-03T11:56:48
================================================================================
[2026-09-03T11:57:24.065+0000] {manager.py:878} INFO - 
================================================================================
DAG File Processing Stats

File Path                               PID    Runtime      # DAGs    # Errors  Last Runtime    Last Run
--------------------------------------  -----  ---------  --------  ----------  --------------  -------------------
/opt/airflow/dags/flaky_etl_dag.py                               1           0  0.12s           2026-09-03T11:57:20
/opt/airflow/dags/schema_drift_dag.py                            1           0  0.12s           2026-09-03T11:57:19
/opt/airflow/dags/00_seed_demo_data.py                           1           0  0.11s           2026-09-03T11:57:18
/opt/airflow/dags/null_spike_dag.py                              1           0  0.11s           2026-09-03T11:57:20
================================================================================
[2026-09-03T11:57:54.687+0000] {manager.py:878} INFO - 
================================================================================
DAG File Processing Stats

File Path                               PID    Runtime      # DAGs    # Errors  Last Runtime    Last Run
--------------------------------------  -----  ---------  --------  ----------  --------------  -------------------
/opt/airflow/dags/00_seed_demo_data.py                           1           0  0.14s           2026-09-03T11:57:49
/opt/airflow/dags/flaky_etl_dag.py                               1           0  0.13s           2026-09-03T11:57:50
/opt/airflow/dags/schema_drift_dag.py                            1           0  0.12s           2026-09-03T11:57:50
/opt/airflow/dags/null_spike_dag.py                              1           0  0.11s           2026-09-03T11:57:50
================================================================================
[2026-09-03T11:58:25.350+0000] {manager.py:878} INFO - 
================================================================================
DAG File Processing Stats

File Path                               PID    Runtime      # DAGs    # Errors  Last Runtime    Last Run
--------------------------------------  -----  ---------  --------  ----------  --------------  -------------------
/opt/airflow/dags/flaky_etl_dag.py                               1           0  0.13s           2026-09-03T11:58:21
/opt/airflow/dags/schema_drift_dag.py                            1           0  0.12s           2026-09-03T11:58:21
/opt/airflow/dags/null_spike_dag.py                              1           0  0.11s           2026-09-03T11:58:21
/opt/airflow/dags/00_seed_demo_data.py                           1           0  0.10s           2026-09-03T11:58:20
================================================================================
[2026-09-03T11:58:56.073+0000] {manager.py:878} INFO - 
================================================================================
DAG File Processing Stats

File Path                               PID    Runtime      # DAGs    # Errors  Last Runtime    Last Run
--------------------------------------  -----  ---------  --------  ----------  --------------  -------------------
/opt/airflow/dags/null_spike_dag.py                              1           0  0.19s           2026-09-03T11:58:52
/opt/airflow/dags/flaky_etl_dag.py                               1           0  0.17s           2026-09-03T11:58:52
/opt/airflow/dags/schema_drift_dag.py                            1           0  0.16s           2026-09-03T11:58:52
/opt/airflow/dags/00_seed_demo_data.py                           1           0  0.11s           2026-09-03T11:58:50
================================================================================
[2026-09-03T11:59:26.612+0000] {manager.py:878} INFO - 
================================================================================
DAG File Processing Stats

File Path                               PID    Runtime      # DAGs    # Errors  Last Runtime    Last Run
--------------------------------------  -----  ---------  --------  ----------  --------------  -------------------
/opt/airflow/dags/null_spike_dag.py                              1           0  0.13s           2026-09-03T11:59:22
/opt/airflow/dags/flaky_etl_dag.py                               1           0  0.13s           2026-09-03T11:59:22
/opt/airflow/dags/schema_drift_dag.py                            1           0  0.12s           2026-09-03T11:59:22
/opt/airflow/dags/00_seed_demo_data.py                           1           0  0.11s           2026-09-03T11:59:21
================================================================================
[2026-09-03T11:59:57.269+0000] {manager.py:878} INFO - 
================================================================================
DAG File Processing Stats

File Path                               PID    Runtime      # DAGs    # Errors  Last Runtime    Last Run
--------------------------------------  -----  ---------  --------  ----------  --------------  -------------------
/opt/airflow/dags/flaky_etl_dag.py                               1           0  0.13s           2026-09-03T11:59:53
/opt/airflow/dags/schema_drift_dag.py                            1           0  0.12s           2026-09-03T11:59:53
/opt/airflow/dags/00_seed_demo_data.py                           1           0  0.11s           2026-09-03T11:59:52
/opt/airflow/dags/null_spike_dag.py                              1           0  0.10s           2026-09-03T11:59:53
================================================================================
[2026-09-03T12:00:15.417+0000] {manager.py:737} INFO - Searching for files in /opt/airflow/dags
[2026-09-03T12:00:15.465+0000] {manager.py:740} INFO - There are 4 files in /opt/airflow/dags
[2026-09-03T12:00:27.783+0000] {manager.py:878} INFO - 
================================================================================
DAG File Processing Stats

File Path                               PID    Runtime      # DAGs    # Errors  Last Runtime    Last Run
--------------------------------------  -----  ---------  --------  ----------  --------------  -------------------
/opt/airflow/dags/null_spike_dag.py                              1           0  0.13s           2026-09-03T12:00:23
/opt/airflow/dags/flaky_etl_dag.py                               1           0  0.13s           2026-09-03T12:00:23
/opt/airflow/dags/schema_drift_dag.py                            1           0  0.12s           2026-09-03T12:00:23
/opt/airflow/dags/00_seed_demo_data.py                           1           0  0.12s           2026-09-03T12:00:22
================================================================================
[2026-09-03T12:00:58.390+0000] {manager.py:878} INFO - 
================================================================================
DAG File Processing Stats

File Path                               PID    Runtime      # DAGs    # Errors  Last Runtime    Last Run
--------------------------------------  -----  ---------  --------  ----------  --------------  -------------------
/opt/airflow/dags/flaky_etl_dag.py                               1           0  0.12s           2026-09-03T12:00:54
/opt/airflow/dags/schema_drift_dag.py                            1           0  0.12s           2026-09-03T12:00:54
/opt/airflow/dags/null_spike_dag.py                              1           0  0.11s           2026-09-03T12:00:54
/opt/airflow/dags/00_seed_demo_data.py                           1           0  0.10s           2026-09-03T12:00:53
================================================================================
[2026-09-03T12:01:29.141+0000] {manager.py:878} INFO - 
================================================================================
DAG File Processing Stats

File Path                               PID    Runtime      # DAGs    # Errors  Last Runtime    Last Run
--------------------------------------  -----  ---------  --------  ----------  --------------  -------------------
/opt/airflow/dags/null_spike_dag.py                              1           0  0.16s           2026-09-03T12:01:25
/opt/airflow/dags/00_seed_demo_data.py                           1           0  0.16s           2026-09-03T12:01:23
/opt/airflow/dags/flaky_etl_dag.py                               1           0  0.15s           2026-09-03T12:01:25
/opt/airflow/dags/schema_drift_dag.py                            1           0  0.14s           2026-09-03T12:01:25
================================================================================
[2026-09-03T12:01:59.686+0000] {manager.py:878} INFO - 
================================================================================
DAG File Processing Stats

File Path                               PID    Runtime      # DAGs    # Errors  Last Runtime    Last Run
--------------------------------------  -----  ---------  --------  ----------  --------------  -------------------
/opt/airflow/dags/flaky_etl_dag.py                               1           0  0.12s           2026-09-03T12:01:55
/opt/airflow/dags/schema_drift_dag.py                            1           0  0.12s           2026-09-03T12:01:55
/opt/airflow/dags/00_seed_demo_data.py                           1           0  0.11s           2026-09-03T12:01:54
/opt/airflow/dags/null_spike_dag.py                              1           0  0.10s           2026-09-03T12:01:55
================================================================================
[2026-09-03T12:02:30.337+0000] {manager.py:878} INFO - 
================================================================================
DAG File Processing Stats

File Path                               PID    Runtime      # DAGs    # Errors  Last Runtime    Last Run
--------------------------------------  -----  ---------  --------  ----------  --------------  -------------------
/opt/airflow/dags/00_seed_demo_data.py                           1           0  0.15s           2026-09-03T12:02:25
/opt/airflow/dags/flaky_etl_dag.py                               1           0  0.12s           2026-09-03T12:02:26
/opt/airflow/dags/null_spike_dag.py                              1           0  0.12s           2026-09-03T12:02:26
/opt/airflow/dags/schema_drift_dag.py                            1           0  0.11s           2026-09-03T12:02:26
================================================================================
[2026-09-03T12:03:01.083+0000] {manager.py:878} INFO - 
================================================================================
DAG File Processing Stats

File Path                               PID    Runtime      # DAGs    # Errors  Last Runtime    Last Run
--------------------------------------  -----  ---------  --------  ----------  --------------  -------------------
/opt/airflow/dags/flaky_etl_dag.py                               1           0  0.18s           2026-09-03T12:02:57
/opt/airflow/dags/schema_drift_dag.py                            1           0  0.18s           2026-09-03T12:02:57
/opt/airflow/dags/null_spike_dag.py                              1           0  0.13s           2026-09-03T12:02:57
/opt/airflow/dags/00_seed_demo_data.py                           1           0  0.11s           2026-09-03T12:02:55
================================================================================
[2026-09-03T12:03:31.793+0000] {manager.py:878} INFO - 
================================================================================
DAG File Processing Stats

File Path                               PID    Runtime      # DAGs    # Errors  Last Runtime    Last Run
--------------------------------------  -----  ---------  --------  ----------  --------------  -------------------
/opt/airflow/dags/null_spike_dag.py                              1           0  0.15s           2026-09-03T12:03:27
/opt/airflow/dags/flaky_etl_dag.py                               1           0  0.15s           2026-09-03T12:03:27
/opt/airflow/dags/schema_drift_dag.py                            1           0  0.14s           2026-09-03T12:03:27
/opt/airflow/dags/00_seed_demo_data.py                           1           0  0.13s           2026-09-03T12:03:26
================================================================================
[2026-09-03T12:04:02.296+0000] {manager.py:878} INFO - 
================================================================================
DAG File Processing Stats

File Path                               PID    Runtime      # DAGs    # Errors  Last Runtime    Last Run
--------------------------------------  -----  ---------  --------  ----------  --------------  -------------------
/opt/airflow/dags/flaky_etl_dag.py                               1           0  0.14s           2026-09-03T12:03:58
/opt/airflow/dags/schema_drift_dag.py                            1           0  0.14s           2026-09-03T12:03:58
/opt/airflow/dags/00_seed_demo_data.py                           1           0  0.12s           2026-09-03T12:03:57
/opt/airflow/dags/null_spike_dag.py                              1           0  0.11s           2026-09-03T12:03:58
================================================================================
[2026-09-03T12:04:32.898+0000] {manager.py:878} INFO - 
================================================================================
DAG File Processing Stats

File Path                               PID    Runtime      # DAGs    # Errors  Last Runtime    Last Run
--------------------------------------  -----  ---------  --------  ----------  --------------  -------------------
/opt/airflow/dags/flaky_etl_dag.py                               1           0  0.16s           2026-09-03T12:04:28
/opt/airflow/dags/schema_drift_dag.py                            1           0  0.15s           2026-09-03T12:04:28
/opt/airflow/dags/00_seed_demo_data.py                           1           0  0.13s           2026-09-03T12:04:27
/opt/airflow/dags/null_spike_dag.py                              1           0  0.11s           2026-09-03T12:04:28
================================================================================
[2026-09-03T12:05:03.567+0000] {manager.py:878} INFO - 
================================================================================
DAG File Processing Stats

File Path                               PID    Runtime      # DAGs    # Errors  Last Runtime    Last Run
--------------------------------------  -----  ---------  --------  ----------  --------------  -------------------
/opt/airflow/dags/flaky_etl_dag.py                               1           0  0.15s           2026-09-03T12:04:59
/opt/airflow/dags/schema_drift_dag.py                            1           0  0.14s           2026-09-03T12:04:59
/opt/airflow/dags/null_spike_dag.py                              1           0  0.11s           2026-09-03T12:04:59
/opt/airflow/dags/00_seed_demo_data.py                           1           0  0.11s           2026-09-03T12:04:58
================================================================================
[2026-09-03T12:05:15.760+0000] {manager.py:737} INFO - Searching for files in /opt/airflow/dags
[2026-09-03T12:05:15.808+0000] {manager.py:740} INFO - There are 4 files in /opt/airflow/dags
[2026-09-03T12:05:34.286+0000] {manager.py:878} INFO - 
================================================================================
DAG File Processing Stats

File Path                               PID    Runtime      # DAGs    # Errors  Last Runtime    Last Run
--------------------------------------  -----  ---------  --------  ----------  --------------  -------------------
/opt/airflow/dags/flaky_etl_dag.py                               1           0  0.19s           2026-09-03T12:05:30
/opt/airflow/dags/schema_drift_dag.py                            1           0  0.18s           2026-09-03T12:05:30
/opt/airflow/dags/00_seed_demo_data.py                           1           0  0.12s           2026-09-03T12:05:29
/opt/airflow/dags/null_spike_dag.py                              1           0  0.11s           2026-09-03T12:05:30
================================================================================
[2026-09-03T12:06:04.933+0000] {manager.py:878} INFO - 
================================================================================
DAG File Processing Stats

File Path                               PID    Runtime      # DAGs    # Errors  Last Runtime    Last Run
--------------------------------------  -----  ---------  --------  ----------  --------------  -------------------
/opt/airflow/dags/flaky_etl_dag.py                               1           0  0.13s           2026-09-03T12:06:00
/opt/airflow/dags/schema_drift_dag.py                            1           0  0.12s           2026-09-03T12:06:00
/opt/airflow/dags/00_seed_demo_data.py                           1           0  0.11s           2026-09-03T12:05:59
/opt/airflow/dags/null_spike_dag.py                              1           0  0.10s           2026-09-03T12:06:00
================================================================================
[2026-09-03T12:06:35.651+0000] {manager.py:878} INFO - 
================================================================================
DAG File Processing Stats

File Path                               PID    Runtime      # DAGs    # Errors  Last Runtime    Last Run
--------------------------------------  -----  ---------  --------  ----------  --------------  -------------------
/opt/airflow/dags/flaky_etl_dag.py                               1           0  0.16s           2026-09-03T12:06:31
/opt/airflow/dags/schema_drift_dag.py                            1           0  0.15s           2026-09-03T12:06:31
/opt/airflow/dags/00_seed_demo_data.py                           1           0  0.14s           2026-09-03T12:06:30
/opt/airflow/dags/null_spike_dag.py                              1           0  0.11s           2026-09-03T12:06:31
================================================================================
[2026-09-03T12:07:06.385+0000] {manager.py:878} INFO - 
================================================================================
DAG File Processing Stats

File Path                               PID    Runtime      # DAGs    # Errors  Last Runtime    Last Run
--------------------------------------  -----  ---------  --------  ----------  --------------  -------------------
/opt/airflow/dags/schema_drift_dag.py                            1           0  0.16s           2026-09-03T12:07:02
/opt/airflow/dags/flaky_etl_dag.py                               1           0  0.16s           2026-09-03T12:07:02
/opt/airflow/dags/00_seed_demo_data.py                           1           0  0.12s           2026-09-03T12:07:01
/opt/airflow/dags/null_spike_dag.py                              1           0  0.11s           2026-09-03T12:07:02
================================================================================
[2026-09-03T12:07:37.125+0000] {manager.py:878} INFO - 
================================================================================
DAG File Processing Stats

File Path                               PID    Runtime      # DAGs    # Errors  Last Runtime    Last Run
--------------------------------------  -----  ---------  --------  ----------  --------------  -------------------
/opt/airflow/dags/schema_drift_dag.py                            1           0  0.25s           2026-09-03T12:07:33
/opt/airflow/dags/flaky_etl_dag.py                               1           0  0.22s           2026-09-03T12:07:33
/opt/airflow/dags/null_spike_dag.py                              1           0  0.15s           2026-09-03T12:07:33
/opt/airflow/dags/00_seed_demo_data.py                           1           0  0.13s           2026-09-03T12:07:31
================================================================================
[2026-09-03T12:08:07.760+0000] {manager.py:878} INFO - 
================================================================================
DAG File Processing Stats

File Path                               PID    Runtime      # DAGs    # Errors  Last Runtime    Last Run
--------------------------------------  -----  ---------  --------  ----------  --------------  -------------------
/opt/airflow/dags/flaky_etl_dag.py                               1           0  0.12s           2026-09-03T12:08:03
/opt/airflow/dags/schema_drift_dag.py                            1           0  0.12s           2026-09-03T12:08:03
/opt/airflow/dags/null_spike_dag.py                              1           0  0.11s           2026-09-03T12:08:03
/opt/airflow/dags/00_seed_demo_data.py                           1           0  0.10s           2026-09-03T12:08:02
================================================================================
[2026-09-03T12:08:38.372+0000] {manager.py:878} INFO - 
================================================================================
DAG File Processing Stats

File Path                               PID    Runtime      # DAGs    # Errors  Last Runtime    Last Run
--------------------------------------  -----  ---------  --------  ----------  --------------  -------------------
/opt/airflow/dags/flaky_etl_dag.py                               1           0  0.12s           2026-09-03T12:08:34
/opt/airflow/dags/schema_drift_dag.py                            1           0  0.11s           2026-09-03T12:08:34
/opt/airflow/dags/00_seed_demo_data.py                           1           0  0.11s           2026-09-03T12:08:33
/opt/airflow/dags/null_spike_dag.py                              1           0  0.11s           2026-09-03T12:08:34
================================================================================
[2026-09-03T12:09:08.435+0000] {manager.py:878} INFO - 
================================================================================
DAG File Processing Stats

File Path                               PID    Runtime      # DAGs    # Errors  Last Runtime    Last Run
--------------------------------------  -----  ---------  --------  ----------  --------------  -------------------
/opt/airflow/dags/null_spike_dag.py                              1           0  0.40s           2026-09-03T12:09:05
/opt/airflow/dags/schema_drift_dag.py                            1           0  0.19s           2026-09-03T12:09:04
/opt/airflow/dags/flaky_etl_dag.py                               1           0  0.16s           2026-09-03T12:09:04
/opt/airflow/dags/00_seed_demo_data.py                           1           0  0.14s           2026-09-03T12:09:03
================================================================================
[2026-09-03T12:09:38.676+0000] {manager.py:878} INFO - 
================================================================================
DAG File Processing Stats

File Path                               PID    Runtime      # DAGs    # Errors  Last Runtime    Last Run
--------------------------------------  -----  ---------  --------  ----------  --------------  -------------------
/opt/airflow/dags/flaky_etl_dag.py                               1           0  0.18s           2026-09-03T12:09:35
/opt/airflow/dags/schema_drift_dag.py                            1           0  0.17s           2026-09-03T12:09:35
/opt/airflow/dags/null_spike_dag.py                              1           0  0.16s           2026-09-03T12:09:35
/opt/airflow/dags/00_seed_demo_data.py                           1           0  0.11s           2026-09-03T12:09:34
================================================================================
[2026-09-03T12:10:09.327+0000] {manager.py:878} INFO - 
================================================================================
DAG File Processing Stats

File Path                               PID    Runtime      # DAGs    # Errors  Last Runtime    Last Run
--------------------------------------  -----  ---------  --------  ----------  --------------  -------------------
/opt/airflow/dags/flaky_etl_dag.py                               1           0  0.15s           2026-09-03T12:10:06
/opt/airflow/dags/schema_drift_dag.py                            1           0  0.14s           2026-09-03T12:10:06
/opt/airflow/dags/00_seed_demo_data.py                           1           0  0.13s           2026-09-03T12:10:05
/opt/airflow/dags/null_spike_dag.py                              1           0  0.12s           2026-09-03T12:10:06
================================================================================
[2026-09-03T12:10:16.414+0000] {manager.py:737} INFO - Searching for files in /opt/airflow/dags
[2026-09-03T12:10:16.460+0000] {manager.py:740} INFO - There are 4 files in /opt/airflow/dags
[2026-09-03T12:10:39.990+0000] {manager.py:878} INFO - 
================================================================================
DAG File Processing Stats

File Path                               PID    Runtime      # DAGs    # Errors  Last Runtime    Last Run
--------------------------------------  -----  ---------  --------  ----------  --------------  -------------------
/opt/airflow/dags/schema_drift_dag.py                            1           0  0.15s           2026-09-03T12:10:36
/opt/airflow/dags/00_seed_demo_data.py                           1           0  0.14s           2026-09-03T12:10:35
/opt/airflow/dags/flaky_etl_dag.py                               1           0  0.12s           2026-09-03T12:10:36
/opt/airflow/dags/null_spike_dag.py                              1           0  0.11s           2026-09-03T12:10:37
================================================================================
[2026-09-03T12:11:10.582+0000] {manager.py:878} INFO - 
================================================================================
DAG File Processing Stats

File Path                               PID    Runtime      # DAGs    # Errors  Last Runtime    Last Run
--------------------------------------  -----  ---------  --------  ----------  --------------  -------------------
/opt/airflow/dags/schema_drift_dag.py                            1           0  0.14s           2026-09-03T12:11:07
/opt/airflow/dags/flaky_etl_dag.py                               1           0  0.13s           2026-09-03T12:11:07
/opt/airflow/dags/null_spike_dag.py                              1           0  0.12s           2026-09-03T12:11:07
/opt/airflow/dags/00_seed_demo_data.py                           1           0  0.11s           2026-09-03T12:11:06
================================================================================
[2026-09-03T12:11:41.289+0000] {manager.py:878} INFO - 
================================================================================
DAG File Processing Stats

File Path                               PID    Runtime      # DAGs    # Errors  Last Runtime    Last Run
--------------------------------------  -----  ---------  --------  ----------  --------------  -------------------
/opt/airflow/dags/00_seed_demo_data.py                           1           0  0.14s           2026-09-03T12:11:37
/opt/airflow/dags/schema_drift_dag.py                            1           0  0.12s           2026-09-03T12:11:38
/opt/airflow/dags/flaky_etl_dag.py                               1           0  0.12s           2026-09-03T12:11:38
/opt/airflow/dags/null_spike_dag.py                              1           0  0.11s           2026-09-03T12:11:38
================================================================================
[2026-09-03T12:12:11.343+0000] {manager.py:878} INFO - 
================================================================================
DAG File Processing Stats

File Path                               PID    Runtime      # DAGs    # Errors  Last Runtime    Last Run
--------------------------------------  -----  ---------  --------  ----------  --------------  -------------------
/opt/airflow/dags/schema_drift_dag.py                            1           0  0.28s           2026-09-03T12:12:09
/opt/airflow/dags/flaky_etl_dag.py                               1           0  0.27s           2026-09-03T12:12:09
/opt/airflow/dags/00_seed_demo_data.py                           1           0  0.18s           2026-09-03T12:12:07
/opt/airflow/dags/null_spike_dag.py                              1           0  0.17s           2026-09-03T12:12:09
================================================================================
[2026-09-03T12:12:41.913+0000] {manager.py:878} INFO - 
================================================================================
DAG File Processing Stats

File Path                               PID    Runtime      # DAGs    # Errors  Last Runtime    Last Run
--------------------------------------  -----  ---------  --------  ----------  --------------  -------------------
/opt/airflow/dags/flaky_etl_dag.py                               1           0  0.27s           2026-09-03T12:12:39
/opt/airflow/dags/schema_drift_dag.py                            1           0  0.21s           2026-09-03T12:12:39
/opt/airflow/dags/null_spike_dag.py                              1           0  0.14s           2026-09-03T12:12:40
/opt/airflow/dags/00_seed_demo_data.py                           1           0  0.11s           2026-09-03T12:12:38
================================================================================
[2026-09-03T12:13:12.530+0000] {manager.py:878} INFO - 
================================================================================
DAG File Processing Stats

File Path                               PID    Runtime      # DAGs    # Errors  Last Runtime    Last Run
--------------------------------------  -----  ---------  --------  ----------  --------------  -------------------
/opt/airflow/dags/00_seed_demo_data.py                           1           0  0.24s           2026-09-03T12:13:09
/opt/airflow/dags/flaky_etl_dag.py                               1           0  0.17s           2026-09-03T12:13:10
/opt/airflow/dags/schema_drift_dag.py                            1           0  0.16s           2026-09-03T12:13:10
/opt/airflow/dags/null_spike_dag.py                              1           0  0.11s           2026-09-03T12:13:10
================================================================================
[2026-09-03T12:13:43.065+0000] {manager.py:878} INFO - 
================================================================================
DAG File Processing Stats

File Path                               PID    Runtime      # DAGs    # Errors  Last Runtime    Last Run
--------------------------------------  -----  ---------  --------  ----------  --------------  -------------------
/opt/airflow/dags/null_spike_dag.py                              1           0  0.13s           2026-09-03T12:13:41
/opt/airflow/dags/flaky_etl_dag.py                               1           0  0.12s           2026-09-03T12:13:41
/opt/airflow/dags/schema_drift_dag.py                            1           0  0.12s           2026-09-03T12:13:41
/opt/airflow/dags/00_seed_demo_data.py                           1           0  0.11s           2026-09-03T12:13:39
================================================================================
[2026-09-03T12:14:13.593+0000] {manager.py:878} INFO - 
================================================================================
DAG File Processing Stats

File Path                               PID    Runtime      # DAGs    # Errors  Last Runtime    Last Run
--------------------------------------  -----  ---------  --------  ----------  --------------  -------------------
/opt/airflow/dags/flaky_etl_dag.py                               1           0  0.15s           2026-09-03T12:14:11
/opt/airflow/dags/schema_drift_dag.py                            1           0  0.14s           2026-09-03T12:14:11
/opt/airflow/dags/null_spike_dag.py                              1           0  0.13s           2026-09-03T12:14:11
/opt/airflow/dags/00_seed_demo_data.py                           1           0  0.11s           2026-09-03T12:14:10
================================================================================
[2026-09-03T12:14:44.116+0000] {manager.py:878} INFO - 
================================================================================
DAG File Processing Stats

File Path                               PID    Runtime      # DAGs    # Errors  Last Runtime    Last Run
--------------------------------------  -----  ---------  --------  ----------  --------------  -------------------
/opt/airflow/dags/00_seed_demo_data.py                           1           0  0.14s           2026-09-03T12:14:41
/opt/airflow/dags/flaky_etl_dag.py                               1           0  0.13s           2026-09-03T12:14:42
/opt/airflow/dags/schema_drift_dag.py                            1           0  0.13s           2026-09-03T12:14:42
/opt/airflow/dags/null_spike_dag.py                              1           0  0.12s           2026-09-03T12:14:42
================================================================================
[2026-09-03T12:15:14.738+0000] {manager.py:878} INFO - 
================================================================================
DAG File Processing Stats

File Path                               PID    Runtime      # DAGs    # Errors  Last Runtime    Last Run
--------------------------------------  -----  ---------  --------  ----------  --------------  -------------------
/opt/airflow/dags/null_spike_dag.py                              1           0  0.21s           2026-09-03T12:15:12
/opt/airflow/dags/schema_drift_dag.py                            1           0  0.20s           2026-09-03T12:15:12
/opt/airflow/dags/flaky_etl_dag.py                               1           0  0.19s           2026-09-03T12:15:12
/opt/airflow/dags/00_seed_demo_data.py                           1           0  0.15s           2026-09-03T12:15:11
================================================================================
[2026-09-03T12:15:16.832+0000] {manager.py:737} INFO - Searching for files in /opt/airflow/dags
[2026-09-03T12:15:16.891+0000] {manager.py:740} INFO - There are 4 files in /opt/airflow/dags
[2026-09-03T12:15:44.758+0000] {manager.py:878} INFO - 
================================================================================
DAG File Processing Stats

File Path                               PID    Runtime      # DAGs    # Errors  Last Runtime    Last Run
--------------------------------------  -----  ---------  --------  ----------  --------------  -------------------
/opt/airflow/dags/flaky_etl_dag.py                               1           0  0.18s           2026-09-03T12:15:43
/opt/airflow/dags/schema_drift_dag.py                            1           0  0.17s           2026-09-03T12:15:43
/opt/airflow/dags/null_spike_dag.py                              1           0  0.13s           2026-09-03T12:15:43
/opt/airflow/dags/00_seed_demo_data.py                           1           0  0.11s           2026-09-03T12:15:42
================================================================================
[2026-09-03T12:16:15.280+0000] {manager.py:878} INFO - 
================================================================================
DAG File Processing Stats

File Path                               PID    Runtime      # DAGs    # Errors  Last Runtime    Last Run
--------------------------------------  -----  ---------  --------  ----------  --------------  -------------------
/opt/airflow/dags/flaky_etl_dag.py                               1           0  0.17s           2026-09-03T12:16:14
/opt/airflow/dags/schema_drift_dag.py                            1           0  0.16s           2026-09-03T12:16:14
/opt/airflow/dags/00_seed_demo_data.py                           1           0  0.11s           2026-09-03T12:16:13
/opt/airflow/dags/null_spike_dag.py                              1           0  0.11s           2026-09-03T12:16:14
================================================================================
[2026-09-03T12:16:45.888+0000] {manager.py:878} INFO - 
================================================================================
DAG File Processing Stats

File Path                               PID    Runtime      # DAGs    # Errors  Last Runtime    Last Run
--------------------------------------  -----  ---------  --------  ----------  --------------  -------------------
/opt/airflow/dags/00_seed_demo_data.py                           1           0  0.14s           2026-09-03T12:16:43
/opt/airflow/dags/flaky_etl_dag.py                               1           0  0.14s           2026-09-03T12:16:44
/opt/airflow/dags/schema_drift_dag.py                            1           0  0.14s           2026-09-03T12:16:44
/opt/airflow/dags/null_spike_dag.py                              1           0  0.13s           2026-09-03T12:16:45
================================================================================
[2026-09-03T12:17:16.465+0000] {manager.py:878} INFO - 
================================================================================
DAG File Processing Stats

File Path                               PID    Runtime      # DAGs    # Errors  Last Runtime    Last Run
--------------------------------------  -----  ---------  --------  ----------  --------------  -------------------
/opt/airflow/dags/flaky_etl_dag.py                               1           0  0.18s           2026-09-03T12:17:15
/opt/airflow/dags/null_spike_dag.py                              1           0  0.17s           2026-09-03T12:17:15
/opt/airflow/dags/schema_drift_dag.py                            1           0  0.17s           2026-09-03T12:17:15
/opt/airflow/dags/00_seed_demo_data.py                           1           0  0.12s           2026-09-03T12:17:14
================================================================================
[2026-09-03T12:17:47.065+0000] {manager.py:878} INFO - 
================================================================================
DAG File Processing Stats

File Path                               PID    Runtime      # DAGs    # Errors  Last Runtime    Last Run
--------------------------------------  -----  ---------  --------  ----------  --------------  -------------------
/opt/airflow/dags/null_spike_dag.py                              1           0  0.37s           2026-09-03T12:17:46
/opt/airflow/dags/flaky_etl_dag.py                               1           0  0.29s           2026-09-03T12:17:46
/opt/airflow/dags/schema_drift_dag.py                            1           0  0.26s           2026-09-03T12:17:46
/opt/airflow/dags/00_seed_demo_data.py                           1           0  0.12s           2026-09-03T12:17:44
================================================================================
[2026-09-03T12:18:17.555+0000] {manager.py:878} INFO - 
================================================================================
DAG File Processing Stats

File Path                               PID    Runtime      # DAGs    # Errors  Last Runtime    Last Run
--------------------------------------  -----  ---------  --------  ----------  --------------  -------------------
/opt/airflow/dags/null_spike_dag.py                              1           0  0.19s           2026-09-03T12:18:16
/opt/airflow/dags/flaky_etl_dag.py                               1           0  0.18s           2026-09-03T12:18:16
/opt/airflow/dags/schema_drift_dag.py                            1           0  0.17s           2026-09-03T12:18:16
/opt/airflow/dags/00_seed_demo_data.py                           1           0  0.12s           2026-09-03T12:18:15
================================================================================
[2026-09-03T12:18:48.299+0000] {manager.py:878} INFO - 
================================================================================
DAG File Processing Stats

File Path                               PID    Runtime      # DAGs    # Errors  Last Runtime    Last Run
--------------------------------------  -----  ---------  --------  ----------  --------------  -------------------
/opt/airflow/dags/00_seed_demo_data.py                           1           0  0.32s           2026-09-03T12:18:46
/opt/airflow/dags/flaky_etl_dag.py                               1           0  0.19s           2026-09-03T12:18:47
/opt/airflow/dags/schema_drift_dag.py                            1           0  0.19s           2026-09-03T12:18:47
/opt/airflow/dags/null_spike_dag.py                              1           0  0.13s           2026-09-03T12:18:47
================================================================================
[2026-09-03T12:19:18.938+0000] {manager.py:878} INFO - 
================================================================================
DAG File Processing Stats

File Path                               PID    Runtime      # DAGs    # Errors  Last Runtime    Last Run
--------------------------------------  -----  ---------  --------  ----------  --------------  -------------------
/opt/airflow/dags/00_seed_demo_data.py                           1           0  0.16s           2026-09-03T12:19:16
/opt/airflow/dags/flaky_etl_dag.py                               1           0  0.13s           2026-09-03T12:19:17
/opt/airflow/dags/schema_drift_dag.py                            1           0  0.13s           2026-09-03T12:19:17
/opt/airflow/dags/null_spike_dag.py                              1           0  0.11s           2026-09-03T12:19:18
================================================================================
[2026-09-03T12:19:49.492+0000] {manager.py:878} INFO - 
================================================================================
DAG File Processing Stats

File Path                               PID    Runtime      # DAGs    # Errors  Last Runtime    Last Run
--------------------------------------  -----  ---------  --------  ----------  --------------  -------------------
/opt/airflow/dags/flaky_etl_dag.py                               1           0  0.15s           2026-09-03T12:19:48
/opt/airflow/dags/schema_drift_dag.py                            1           0  0.14s           2026-09-03T12:19:48
/opt/airflow/dags/null_spike_dag.py                              1           0  0.13s           2026-09-03T12:19:48
/opt/airflow/dags/00_seed_demo_data.py                           1           0  0.12s           2026-09-03T12:19:47
================================================================================
[2026-09-03T12:20:16.930+0000] {manager.py:737} INFO - Searching for files in /opt/airflow/dags
[2026-09-03T12:20:16.968+0000] {manager.py:740} INFO - There are 4 files in /opt/airflow/dags
[2026-09-03T12:20:20.030+0000] {manager.py:878} INFO - 
================================================================================
DAG File Processing Stats

File Path                               PID    Runtime      # DAGs    # Errors  Last Runtime    Last Run
--------------------------------------  -----  ---------  --------  ----------  --------------  -------------------
/opt/airflow/dags/flaky_etl_dag.py                               1           0  0.19s           2026-09-03T12:20:19
/opt/airflow/dags/schema_drift_dag.py                            1           0  0.18s           2026-09-03T12:20:18
/opt/airflow/dags/null_spike_dag.py                              1           0  0.16s           2026-09-03T12:20:19
/opt/airflow/dags/00_seed_demo_data.py                           1           0  0.13s           2026-09-03T12:20:17
================================================================================
[2026-09-03T12:20:50.615+0000] {manager.py:878} INFO - 
================================================================================
DAG File Processing Stats

File Path                               PID    Runtime      # DAGs    # Errors  Last Runtime    Last Run
--------------------------------------  -----  ---------  --------  ----------  --------------  -------------------
/opt/airflow/dags/00_seed_demo_data.py                           1           0  0.17s           2026-09-03T12:20:48
/opt/airflow/dags/schema_drift_dag.py                            1           0  0.14s           2026-09-03T12:20:49
/opt/airflow/dags/null_spike_dag.py                              1           0  0.11s           2026-09-03T12:20:49
/opt/airflow/dags/flaky_etl_dag.py                               1           0  0.11s           2026-09-03T12:20:49
================================================================================
[2026-09-03T12:21:21.217+0000] {manager.py:878} INFO - 
================================================================================
DAG File Processing Stats

File Path                               PID    Runtime      # DAGs    # Errors  Last Runtime    Last Run
--------------------------------------  -----  ---------  --------  ----------  --------------  -------------------
/opt/airflow/dags/flaky_etl_dag.py                               1           0  0.20s           2026-09-03T12:21:20
/opt/airflow/dags/schema_drift_dag.py                            1           0  0.20s           2026-09-03T12:21:20
/opt/airflow/dags/null_spike_dag.py                              1           0  0.17s           2026-09-03T12:21:20
/opt/airflow/dags/00_seed_demo_data.py                           1           0  0.12s           2026-09-03T12:21:19
================================================================================
[2026-09-03T12:21:51.912+0000] {manager.py:878} INFO - 
================================================================================
DAG File Processing Stats

File Path                               PID    Runtime      # DAGs    # Errors  Last Runtime    Last Run
--------------------------------------  -----  ---------  --------  ----------  --------------  -------------------
/opt/airflow/dags/flaky_etl_dag.py                               1           0  0.26s           2026-09-03T12:21:50
/opt/airflow/dags/schema_drift_dag.py                            1           0  0.25s           2026-09-03T12:21:50
/opt/airflow/dags/00_seed_demo_data.py                           1           0  0.21s           2026-09-03T12:21:49
/opt/airflow/dags/null_spike_dag.py                              1           0  0.16s           2026-09-03T12:21:51
================================================================================
[2026-09-03T12:22:22.337+0000] {manager.py:878} INFO - 
================================================================================
DAG File Processing Stats

File Path                               PID    Runtime      # DAGs    # Errors  Last Runtime    Last Run
--------------------------------------  -----  ---------  --------  ----------  --------------  -------------------
/opt/airflow/dags/null_spike_dag.py                              1           0  0.13s           2026-09-03T12:22:21
/opt/airflow/dags/flaky_etl_dag.py                               1           0  0.13s           2026-09-03T12:22:21
/opt/airflow/dags/00_seed_demo_data.py                           1           0  0.12s           2026-09-03T12:22:20
/opt/airflow/dags/schema_drift_dag.py                            1           0  0.12s           2026-09-03T12:22:21
================================================================================
[2026-09-03T12:22:52.946+0000] {manager.py:878} INFO - 
================================================================================
DAG File Processing Stats

File Path                               PID    Runtime      # DAGs    # Errors  Last Runtime    Last Run
--------------------------------------  -----  ---------  --------  ----------  --------------  -------------------
/opt/airflow/dags/00_seed_demo_data.py                           1           0  0.26s           2026-09-03T12:22:50
/opt/airflow/dags/flaky_etl_dag.py                               1           0  0.17s           2026-09-03T12:22:51
/opt/airflow/dags/schema_drift_dag.py                            1           0  0.16s           2026-09-03T12:22:51
/opt/airflow/dags/null_spike_dag.py                              1           0  0.14s           2026-09-03T12:22:52
================================================================================
[2026-09-03T12:23:23.544+0000] {manager.py:878} INFO - 
================================================================================
DAG File Processing Stats

File Path                               PID    Runtime      # DAGs    # Errors  Last Runtime    Last Run
--------------------------------------  -----  ---------  --------  ----------  --------------  -------------------
/opt/airflow/dags/schema_drift_dag.py                            1           0  0.17s           2026-09-03T12:23:22
/opt/airflow/dags/flaky_etl_dag.py                               1           0  0.17s           2026-09-03T12:23:22
/opt/airflow/dags/00_seed_demo_data.py                           1           0  0.13s           2026-09-03T12:23:21
/opt/airflow/dags/null_spike_dag.py                              1           0  0.12s           2026-09-03T12:23:22
================================================================================
[2026-09-03T12:23:54.212+0000] {manager.py:878} INFO - 
================================================================================
DAG File Processing Stats

File Path                               PID    Runtime      # DAGs    # Errors  Last Runtime    Last Run
--------------------------------------  -----  ---------  --------  ----------  --------------  -------------------
/opt/airflow/dags/flaky_etl_dag.py                               1           0  0.20s           2026-09-03T12:23:53
/opt/airflow/dags/schema_drift_dag.py                            1           0  0.19s           2026-09-03T12:23:53
/opt/airflow/dags/00_seed_demo_data.py                           1           0  0.15s           2026-09-03T12:23:51
/opt/airflow/dags/null_spike_dag.py                              1           0  0.14s           2026-09-03T12:23:53
================================================================================
[2026-09-03T12:24:24.794+0000] {manager.py:878} INFO - 
================================================================================
DAG File Processing Stats

File Path                               PID    Runtime      # DAGs    # Errors  Last Runtime    Last Run
--------------------------------------  -----  ---------  --------  ----------  --------------  -------------------
/opt/airflow/dags/flaky_etl_dag.py                               1           0  0.17s           2026-09-03T12:24:23
/opt/airflow/dags/schema_drift_dag.py                            1           0  0.16s           2026-09-03T12:24:23
/opt/airflow/dags/00_seed_demo_data.py                           1           0  0.13s           2026-09-03T12:24:22
/opt/airflow/dags/null_spike_dag.py                              1           0  0.12s           2026-09-03T12:24:23
================================================================================
[2026-09-03T12:24:55.307+0000] {manager.py:878} INFO - 
================================================================================
DAG File Processing Stats

File Path                               PID    Runtime      # DAGs    # Errors  Last Runtime    Last Run
--------------------------------------  -----  ---------  --------  ----------  --------------  -------------------
/opt/airflow/dags/flaky_etl_dag.py                               1           0  0.14s           2026-09-03T12:24:54
/opt/airflow/dags/schema_drift_dag.py                            1           0  0.13s           2026-09-03T12:24:54
/opt/airflow/dags/null_spike_dag.py                              1           0  0.13s           2026-09-03T12:24:54
/opt/airflow/dags/00_seed_demo_data.py                           1           0  0.11s           2026-09-03T12:24:53
================================================================================
[2026-09-03T12:25:17.546+0000] {manager.py:737} INFO - Searching for files in /opt/airflow/dags
[2026-09-03T12:25:17.585+0000] {manager.py:740} INFO - There are 4 files in /opt/airflow/dags
[2026-09-03T12:25:25.878+0000] {manager.py:878} INFO - 
================================================================================
DAG File Processing Stats

File Path                               PID    Runtime      # DAGs    # Errors  Last Runtime    Last Run
--------------------------------------  -----  ---------  --------  ----------  --------------  -------------------
/opt/airflow/dags/flaky_etl_dag.py                               1           0  0.12s           2026-09-03T12:25:24
/opt/airflow/dags/schema_drift_dag.py                            1           0  0.11s           2026-09-03T12:25:24
/opt/airflow/dags/00_seed_demo_data.py                           1           0  0.11s           2026-09-03T12:25:23
/opt/airflow/dags/null_spike_dag.py                              1           0  0.11s           2026-09-03T12:25:24
================================================================================
[2026-09-03T12:25:56.458+0000] {manager.py:878} INFO - 
================================================================================
DAG File Processing Stats

File Path                               PID    Runtime      # DAGs    # Errors  Last Runtime    Last Run
--------------------------------------  -----  ---------  --------  ----------  --------------  -------------------
/opt/airflow/dags/00_seed_demo_data.py                           1           0  0.15s           2026-09-03T12:25:54
/opt/airflow/dags/flaky_etl_dag.py                               1           0  0.12s           2026-09-03T12:25:55
/opt/airflow/dags/null_spike_dag.py                              1           0  0.12s           2026-09-03T12:25:55
/opt/airflow/dags/schema_drift_dag.py                            1           0  0.12s           2026-09-03T12:25:55
================================================================================
[2026-09-03T12:26:27.090+0000] {manager.py:878} INFO - 
================================================================================
DAG File Processing Stats

File Path                               PID    Runtime      # DAGs    # Errors  Last Runtime    Last Run
--------------------------------------  -----  ---------  --------  ----------  --------------  -------------------
/opt/airflow/dags/00_seed_demo_data.py                           1           0  0.15s           2026-09-03T12:26:24
/opt/airflow/dags/flaky_etl_dag.py                               1           0  0.13s           2026-09-03T12:26:26
/opt/airflow/dags/null_spike_dag.py                              1           0  0.12s           2026-09-03T12:26:26
/opt/airflow/dags/schema_drift_dag.py                            1           0  0.12s           2026-09-03T12:26:26
================================================================================
[2026-09-03T12:26:57.621+0000] {manager.py:878} INFO - 
================================================================================
DAG File Processing Stats

File Path                               PID    Runtime      # DAGs    # Errors  Last Runtime    Last Run
--------------------------------------  -----  ---------  --------  ----------  --------------  -------------------
/opt/airflow/dags/schema_drift_dag.py                            1           0  0.17s           2026-09-03T12:26:56
/opt/airflow/dags/flaky_etl_dag.py                               1           0  0.16s           2026-09-03T12:26:56
/opt/airflow/dags/null_spike_dag.py                              1           0  0.11s           2026-09-03T12:26:56
/opt/airflow/dags/00_seed_demo_data.py                           1           0  0.10s           2026-09-03T12:26:55
================================================================================
[2026-09-03T12:27:28.207+0000] {manager.py:878} INFO - 
================================================================================
DAG File Processing Stats

File Path                               PID    Runtime      # DAGs    # Errors  Last Runtime    Last Run
--------------------------------------  -----  ---------  --------  ----------  --------------  -------------------
/opt/airflow/dags/flaky_etl_dag.py                               1           0  0.15s           2026-09-03T12:27:27
/opt/airflow/dags/schema_drift_dag.py                            1           0  0.15s           2026-09-03T12:27:27
/opt/airflow/dags/00_seed_demo_data.py                           1           0  0.13s           2026-09-03T12:27:26
/opt/airflow/dags/null_spike_dag.py                              1           0  0.11s           2026-09-03T12:27:27
================================================================================
[2026-09-03T12:27:58.749+0000] {manager.py:878} INFO - 
================================================================================
DAG File Processing Stats

File Path                               PID    Runtime      # DAGs    # Errors  Last Runtime    Last Run
--------------------------------------  -----  ---------  --------  ----------  --------------  -------------------
/opt/airflow/dags/00_seed_demo_data.py                           1           0  0.13s           2026-09-03T12:27:56
/opt/airflow/dags/flaky_etl_dag.py                               1           0  0.13s           2026-09-03T12:27:57
/opt/airflow/dags/schema_drift_dag.py                            1           0  0.12s           2026-09-03T12:27:57
/opt/airflow/dags/null_spike_dag.py                              1           0  0.12s           2026-09-03T12:27:57
================================================================================
[2026-09-03T12:28:29.381+0000] {manager.py:878} INFO - 
================================================================================
DAG File Processing Stats

File Path                               PID    Runtime      # DAGs    # Errors  Last Runtime    Last Run
--------------------------------------  -----  ---------  --------  ----------  --------------  -------------------
/opt/airflow/dags/flaky_etl_dag.py                               1           0  0.17s           2026-09-03T12:28:28
/opt/airflow/dags/schema_drift_dag.py                            1           0  0.15s           2026-09-03T12:28:28
/opt/airflow/dags/null_spike_dag.py                              1           0  0.13s           2026-09-03T12:28:28
/opt/airflow/dags/00_seed_demo_data.py                           1           0  0.11s           2026-09-03T12:28:27
================================================================================
[2026-09-03T12:29:00.096+0000] {manager.py:878} INFO - 
================================================================================
DAG File Processing Stats

File Path                               PID    Runtime      # DAGs    # Errors  Last Runtime    Last Run
--------------------------------------  -----  ---------  --------  ----------  --------------  -------------------
/opt/airflow/dags/flaky_etl_dag.py                               1           0  0.21s           2026-09-03T12:28:59
/opt/airflow/dags/schema_drift_dag.py                            1           0  0.19s           2026-09-03T12:28:59
/opt/airflow/dags/null_spike_dag.py                              1           0  0.12s           2026-09-03T12:28:59
/opt/airflow/dags/00_seed_demo_data.py                           1           0  0.11s           2026-09-03T12:28:57
================================================================================
[2026-09-03T12:29:30.594+0000] {manager.py:878} INFO - 
================================================================================
DAG File Processing Stats

File Path                               PID    Runtime      # DAGs    # Errors  Last Runtime    Last Run
--------------------------------------  -----  ---------  --------  ----------  --------------  -------------------
/opt/airflow/dags/flaky_etl_dag.py                               1           0  0.12s           2026-09-03T12:29:29
/opt/airflow/dags/00_seed_demo_data.py                           1           0  0.12s           2026-09-03T12:29:28
/opt/airflow/dags/schema_drift_dag.py                            1           0  0.11s           2026-09-03T12:29:29
/opt/airflow/dags/null_spike_dag.py                              1           0  0.11s           2026-09-03T12:29:29
================================================================================
[2026-09-03T12:30:01.213+0000] {manager.py:878} INFO - 
================================================================================
DAG File Processing Stats

File Path                               PID    Runtime      # DAGs    # Errors  Last Runtime    Last Run
--------------------------------------  -----  ---------  --------  ----------  --------------  -------------------
/opt/airflow/dags/00_seed_demo_data.py                           1           0  0.14s           2026-09-03T12:29:59
/opt/airflow/dags/flaky_etl_dag.py                               1           0  0.13s           2026-09-03T12:30:00
/opt/airflow/dags/schema_drift_dag.py                            1           0  0.12s           2026-09-03T12:30:00
/opt/airflow/dags/null_spike_dag.py                              1           0  0.11s           2026-09-03T12:30:00
================================================================================
[2026-09-03T12:30:18.362+0000] {manager.py:737} INFO - Searching for files in /opt/airflow/dags
[2026-09-03T12:30:18.408+0000] {manager.py:740} INFO - There are 4 files in /opt/airflow/dags
[2026-09-03T12:30:31.745+0000] {manager.py:878} INFO - 
================================================================================
DAG File Processing Stats

File Path                               PID    Runtime      # DAGs    # Errors  Last Runtime    Last Run
--------------------------------------  -----  ---------  --------  ----------  --------------  -------------------
/opt/airflow/dags/null_spike_dag.py                              1           0  0.17s           2026-09-03T12:30:30
/opt/airflow/dags/00_seed_demo_data.py                           1           0  0.16s           2026-09-03T12:30:29
/opt/airflow/dags/flaky_etl_dag.py                               1           0  0.15s           2026-09-03T12:30:30
/opt/airflow/dags/schema_drift_dag.py                            1           0  0.15s           2026-09-03T12:30:30
================================================================================
[2026-09-03T12:31:02.346+0000] {manager.py:878} INFO - 
================================================================================
DAG File Processing Stats

File Path                               PID    Runtime      # DAGs    # Errors  Last Runtime    Last Run
--------------------------------------  -----  ---------  --------  ----------  --------------  -------------------
/opt/airflow/dags/00_seed_demo_data.py                           1           0  0.16s           2026-09-03T12:31:00
/opt/airflow/dags/flaky_etl_dag.py                               1           0  0.12s           2026-09-03T12:31:01
/opt/airflow/dags/null_spike_dag.py                              1           0  0.12s           2026-09-03T12:31:01
/opt/airflow/dags/schema_drift_dag.py                            1           0  0.11s           2026-09-03T12:31:01
================================================================================
[2026-09-03T12:31:32.908+0000] {manager.py:878} INFO - 
================================================================================
DAG File Processing Stats

File Path                               PID    Runtime      # DAGs    # Errors  Last Runtime    Last Run
--------------------------------------  -----  ---------  --------  ----------  --------------  -------------------
/opt/airflow/dags/00_seed_demo_data.py                           1           0  0.17s           2026-09-03T12:31:30
/opt/airflow/dags/flaky_etl_dag.py                               1           0  0.14s           2026-09-03T12:31:31
/opt/airflow/dags/schema_drift_dag.py                            1           0  0.13s           2026-09-03T12:31:31
/opt/airflow/dags/null_spike_dag.py                              1           0  0.13s           2026-09-03T12:31:32
================================================================================
[2026-09-03T12:32:03.439+0000] {manager.py:878} INFO - 
================================================================================
DAG File Processing Stats

File Path                               PID    Runtime      # DAGs    # Errors  Last Runtime    Last Run
--------------------------------------  -----  ---------  --------  ----------  --------------  -------------------
/opt/airflow/dags/00_seed_demo_data.py                           1           0  0.14s           2026-09-03T12:32:01
/opt/airflow/dags/flaky_etl_dag.py                               1           0  0.13s           2026-09-03T12:32:02
/opt/airflow/dags/schema_drift_dag.py                            1           0  0.12s           2026-09-03T12:32:02
/opt/airflow/dags/null_spike_dag.py                              1           0  0.11s           2026-09-03T12:32:02
================================================================================
[2026-09-03T12:32:34.054+0000] {manager.py:878} INFO - 
================================================================================
DAG File Processing Stats

File Path                               PID    Runtime      # DAGs    # Errors  Last Runtime    Last Run
--------------------------------------  -----  ---------  --------  ----------  --------------  -------------------
/opt/airflow/dags/flaky_etl_dag.py                               1           0  0.17s           2026-09-03T12:32:33
/opt/airflow/dags/schema_drift_dag.py                            1           0  0.16s           2026-09-03T12:32:33
/opt/airflow/dags/00_seed_demo_data.py                           1           0  0.16s           2026-09-03T12:32:31
/opt/airflow/dags/null_spike_dag.py                              1           0  0.13s           2026-09-03T12:32:33
================================================================================
[2026-09-03T12:33:04.710+0000] {manager.py:878} INFO - 
================================================================================
DAG File Processing Stats

File Path                               PID    Runtime      # DAGs    # Errors  Last Runtime    Last Run
--------------------------------------  -----  ---------  --------  ----------  --------------  -------------------
/opt/airflow/dags/00_seed_demo_data.py                           1           0  0.14s           2026-09-03T12:33:02
/opt/airflow/dags/flaky_etl_dag.py                               1           0  0.13s           2026-09-03T12:33:03
/opt/airflow/dags/schema_drift_dag.py                            1           0  0.12s           2026-09-03T12:33:03
/opt/airflow/dags/null_spike_dag.py                              1           0  0.11s           2026-09-03T12:33:03
================================================================================
[2026-09-03T12:33:35.487+0000] {manager.py:878} INFO - 
================================================================================
DAG File Processing Stats

File Path                               PID    Runtime      # DAGs    # Errors  Last Runtime    Last Run
--------------------------------------  -----  ---------  --------  ----------  --------------  -------------------
/opt/airflow/dags/schema_drift_dag.py                            1           0  0.36s           2026-09-03T12:33:34
/opt/airflow/dags/flaky_etl_dag.py                               1           0  0.35s           2026-09-03T12:33:34
/opt/airflow/dags/null_spike_dag.py                              1           0  0.17s           2026-09-03T12:33:34
/opt/airflow/dags/00_seed_demo_data.py                           1           0  0.13s           2026-09-03T12:33:33
================================================================================
[2026-09-03T12:34:06.008+0000] {manager.py:878} INFO - 
================================================================================
DAG File Processing Stats

File Path                               PID    Runtime      # DAGs    # Errors  Last Runtime    Last Run
--------------------------------------  -----  ---------  --------  ----------  --------------  -------------------
/opt/airflow/dags/flaky_etl_dag.py                               1           0  0.17s           2026-09-03T12:34:05
/opt/airflow/dags/schema_drift_dag.py                            1           0  0.16s           2026-09-03T12:34:04
/opt/airflow/dags/null_spike_dag.py                              1           0  0.11s           2026-09-03T12:34:05
/opt/airflow/dags/00_seed_demo_data.py                           1           0  0.11s           2026-09-03T12:34:03
================================================================================
[2026-09-03T12:34:36.475+0000] {manager.py:878} INFO - 
================================================================================
DAG File Processing Stats

File Path                               PID    Runtime      # DAGs    # Errors  Last Runtime    Last Run
--------------------------------------  -----  ---------  --------  ----------  --------------  -------------------
/opt/airflow/dags/flaky_etl_dag.py                               1           0  0.16s           2026-09-03T12:34:35
/opt/airflow/dags/schema_drift_dag.py                            1           0  0.15s           2026-09-03T12:34:35
/opt/airflow/dags/00_seed_demo_data.py                           1           0  0.12s           2026-09-03T12:34:34
/opt/airflow/dags/null_spike_dag.py                              1           0  0.11s           2026-09-03T12:34:35
================================================================================
[2026-09-03T12:35:07.046+0000] {manager.py:878} INFO - 
================================================================================
DAG File Processing Stats

File Path                               PID    Runtime      # DAGs    # Errors  Last Runtime    Last Run
--------------------------------------  -----  ---------  --------  ----------  --------------  -------------------
/opt/airflow/dags/00_seed_demo_data.py                           1           0  0.13s           2026-09-03T12:35:04
/opt/airflow/dags/flaky_etl_dag.py                               1           0  0.13s           2026-09-03T12:35:06
/opt/airflow/dags/schema_drift_dag.py                            1           0  0.12s           2026-09-03T12:35:06
/opt/airflow/dags/null_spike_dag.py                              1           0  0.12s           2026-09-03T12:35:06
================================================================================
[2026-09-03T12:35:19.141+0000] {manager.py:737} INFO - Searching for files in /opt/airflow/dags
[2026-09-03T12:35:19.201+0000] {manager.py:740} INFO - There are 4 files in /opt/airflow/dags
[2026-09-03T12:35:37.614+0000] {manager.py:878} INFO - 
================================================================================
DAG File Processing Stats

File Path                               PID    Runtime      # DAGs    # Errors  Last Runtime    Last Run
--------------------------------------  -----  ---------  --------  ----------  --------------  -------------------
/opt/airflow/dags/null_spike_dag.py                              1           0  0.21s           2026-09-03T12:35:36
/opt/airflow/dags/flaky_etl_dag.py                               1           0  0.15s           2026-09-03T12:35:36
/opt/airflow/dags/schema_drift_dag.py                            1           0  0.14s           2026-09-03T12:35:36
/opt/airflow/dags/00_seed_demo_data.py                           1           0  0.12s           2026-09-03T12:35:35
================================================================================
[2026-09-03T12:36:08.122+0000] {manager.py:878} INFO - 
================================================================================
DAG File Processing Stats

File Path                               PID    Runtime      # DAGs    # Errors  Last Runtime    Last Run
--------------------------------------  -----  ---------  --------  ----------  --------------  -------------------
/opt/airflow/dags/flaky_etl_dag.py                               1           0  0.15s           2026-09-03T12:36:07
/opt/airflow/dags/schema_drift_dag.py                            1           0  0.14s           2026-09-03T12:36:07
/opt/airflow/dags/null_spike_dag.py                              1           0  0.11s           2026-09-03T12:36:07
/opt/airflow/dags/00_seed_demo_data.py                           1           0  0.11s           2026-09-03T12:36:06
================================================================================
[2026-09-03T12:36:38.769+0000] {manager.py:878} INFO - 
================================================================================
DAG File Processing Stats

File Path                               PID    Runtime      # DAGs    # Errors  Last Runtime    Last Run
--------------------------------------  -----  ---------  --------  ----------  --------------  -------------------
/opt/airflow/dags/flaky_etl_dag.py                               1           0  0.21s           2026-09-03T12:36:37
/opt/airflow/dags/schema_drift_dag.py                            1           0  0.21s           2026-09-03T12:36:37
/opt/airflow/dags/null_spike_dag.py                              1           0  0.16s           2026-09-03T12:36:37
/opt/airflow/dags/00_seed_demo_data.py                           1           0  0.14s           2026-09-03T12:36:36
================================================================================
[2026-09-03T12:37:09.345+0000] {manager.py:878} INFO - 
================================================================================
DAG File Processing Stats

File Path                               PID    Runtime      # DAGs    # Errors  Last Runtime    Last Run
--------------------------------------  -----  ---------  --------  ----------  --------------  -------------------
/opt/airflow/dags/00_seed_demo_data.py                           1           0  0.15s           2026-09-03T12:37:07
/opt/airflow/dags/flaky_etl_dag.py                               1           0  0.12s           2026-09-03T12:37:08
/opt/airflow/dags/null_spike_dag.py                              1           0  0.12s           2026-09-03T12:37:08
/opt/airflow/dags/schema_drift_dag.py                            1           0  0.12s           2026-09-03T12:37:08
================================================================================
[2026-09-03T12:37:40.019+0000] {manager.py:878} INFO - 
================================================================================
DAG File Processing Stats

File Path                               PID    Runtime      # DAGs    # Errors  Last Runtime    Last Run
--------------------------------------  -----  ---------  --------  ----------  --------------  -------------------
/opt/airflow/dags/schema_drift_dag.py                            1           0  0.18s           2026-09-03T12:37:39
/opt/airflow/dags/flaky_etl_dag.py                               1           0  0.15s           2026-09-03T12:37:38
/opt/airflow/dags/00_seed_demo_data.py                           1           0  0.13s           2026-09-03T12:37:37
/opt/airflow/dags/null_spike_dag.py                              1           0  0.13s           2026-09-03T12:37:39
================================================================================
[2026-09-03T12:38:10.739+0000] {manager.py:878} INFO - 
================================================================================
DAG File Processing Stats

File Path                               PID    Runtime      # DAGs    # Errors  Last Runtime    Last Run
--------------------------------------  -----  ---------  --------  ----------  --------------  -------------------
/opt/airflow/dags/flaky_etl_dag.py                               1           0  0.20s           2026-09-03T12:38:09
/opt/airflow/dags/schema_drift_dag.py                            1           0  0.20s           2026-09-03T12:38:09
/opt/airflow/dags/00_seed_demo_data.py                           1           0  0.18s           2026-09-03T12:38:08
/opt/airflow/dags/null_spike_dag.py                              1           0  0.12s           2026-09-03T12:38:09
================================================================================
[2026-09-03T12:38:41.334+0000] {manager.py:878} INFO - 
================================================================================
DAG File Processing Stats

File Path                               PID    Runtime      # DAGs    # Errors  Last Runtime    Last Run
--------------------------------------  -----  ---------  --------  ----------  --------------  -------------------
/opt/airflow/dags/schema_drift_dag.py                            1           0  0.22s           2026-09-03T12:38:40
/opt/airflow/dags/flaky_etl_dag.py                               1           0  0.18s           2026-09-03T12:38:40
/opt/airflow/dags/null_spike_dag.py                              1           0  0.18s           2026-09-03T12:38:40
/opt/airflow/dags/00_seed_demo_data.py                           1           0  0.13s           2026-09-03T12:38:39
================================================================================
[2026-09-03T12:39:11.796+0000] {manager.py:878} INFO - 
================================================================================
DAG File Processing Stats

File Path                               PID    Runtime      # DAGs    # Errors  Last Runtime    Last Run
--------------------------------------  -----  ---------  --------  ----------  --------------  -------------------
/opt/airflow/dags/00_seed_demo_data.py                           1           0  0.15s           2026-09-03T12:39:09
/opt/airflow/dags/flaky_etl_dag.py                               1           0  0.14s           2026-09-03T12:39:10
/opt/airflow/dags/schema_drift_dag.py                            1           0  0.13s           2026-09-03T12:39:10
/opt/airflow/dags/null_spike_dag.py                              1           0  0.12s           2026-09-03T12:39:10
================================================================================
[2026-09-03T12:39:42.367+0000] {manager.py:878} INFO - 
================================================================================
DAG File Processing Stats

File Path                               PID    Runtime      # DAGs    # Errors  Last Runtime    Last Run
--------------------------------------  -----  ---------  --------  ----------  --------------  -------------------
/opt/airflow/dags/00_seed_demo_data.py                           1           0  0.14s           2026-09-03T12:39:40
/opt/airflow/dags/flaky_etl_dag.py                               1           0  0.13s           2026-09-03T12:39:41
/opt/airflow/dags/schema_drift_dag.py                            1           0  0.12s           2026-09-03T12:39:41
/opt/airflow/dags/null_spike_dag.py                              1           0  0.12s           2026-09-03T12:39:41
================================================================================
[2026-09-03T12:40:12.897+0000] {manager.py:878} INFO - 
================================================================================
DAG File Processing Stats

File Path                               PID    Runtime      # DAGs    # Errors  Last Runtime    Last Run
--------------------------------------  -----  ---------  --------  ----------  --------------  -------------------
/opt/airflow/dags/null_spike_dag.py                              1           0  0.16s           2026-09-03T12:40:12
/opt/airflow/dags/flaky_etl_dag.py                               1           0  0.15s           2026-09-03T12:40:11
/opt/airflow/dags/schema_drift_dag.py                            1           0  0.15s           2026-09-03T12:40:11
/opt/airflow/dags/00_seed_demo_data.py                           1           0  0.12s           2026-09-03T12:40:10
================================================================================
[2026-09-03T12:40:19.960+0000] {manager.py:737} INFO - Searching for files in /opt/airflow/dags
[2026-09-03T12:40:20.007+0000] {manager.py:740} INFO - There are 4 files in /opt/airflow/dags
[2026-09-03T12:40:43.506+0000] {manager.py:878} INFO - 
================================================================================
DAG File Processing Stats

File Path                               PID    Runtime      # DAGs    # Errors  Last Runtime    Last Run
--------------------------------------  -----  ---------  --------  ----------  --------------  -------------------
/opt/airflow/dags/flaky_etl_dag.py                               1           0  0.15s           2026-09-03T12:40:42
/opt/airflow/dags/00_seed_demo_data.py                           1           0  0.15s           2026-09-03T12:40:41
/opt/airflow/dags/schema_drift_dag.py                            1           0  0.15s           2026-09-03T12:40:42
/opt/airflow/dags/null_spike_dag.py                              1           0  0.11s           2026-09-03T12:40:42
================================================================================
[2026-09-03T12:41:14.082+0000] {manager.py:878} INFO - 
================================================================================
DAG File Processing Stats

File Path                               PID    Runtime      # DAGs    # Errors  Last Runtime    Last Run
--------------------------------------  -----  ---------  --------  ----------  --------------  -------------------
/opt/airflow/dags/flaky_etl_dag.py                               1           0  0.13s           2026-09-03T12:41:13
/opt/airflow/dags/schema_drift_dag.py                            1           0  0.12s           2026-09-03T12:41:13
/opt/airflow/dags/00_seed_demo_data.py                           1           0  0.11s           2026-09-03T12:41:11
/opt/airflow/dags/null_spike_dag.py                              1           0  0.11s           2026-09-03T12:41:13
================================================================================
[2026-09-03T12:41:44.611+0000] {manager.py:878} INFO - 
================================================================================
DAG File Processing Stats

File Path                               PID    Runtime      # DAGs    # Errors  Last Runtime    Last Run
--------------------------------------  -----  ---------  --------  ----------  --------------  -------------------
/opt/airflow/dags/schema_drift_dag.py                            1           0  0.16s           2026-09-03T12:41:43
/opt/airflow/dags/flaky_etl_dag.py                               1           0  0.16s           2026-09-03T12:41:43
/opt/airflow/dags/00_seed_demo_data.py                           1           0  0.12s           2026-09-03T12:41:42
/opt/airflow/dags/null_spike_dag.py                              1           0  0.10s           2026-09-03T12:41:43
================================================================================
[2026-09-03T12:42:15.136+0000] {manager.py:878} INFO - 
================================================================================
DAG File Processing Stats

File Path                               PID    Runtime      # DAGs    # Errors  Last Runtime    Last Run
--------------------------------------  -----  ---------  --------  ----------  --------------  -------------------
/opt/airflow/dags/00_seed_demo_data.py                           1           0  0.15s           2026-09-03T12:42:13
/opt/airflow/dags/flaky_etl_dag.py                               1           0  0.13s           2026-09-03T12:42:14
/opt/airflow/dags/schema_drift_dag.py                            1           0  0.12s           2026-09-03T12:42:14
/opt/airflow/dags/null_spike_dag.py                              1           0  0.11s           2026-09-03T12:42:14
================================================================================
[2026-09-03T12:42:45.799+0000] {manager.py:878} INFO - 
================================================================================
DAG File Processing Stats

File Path                               PID    Runtime      # DAGs    # Errors  Last Runtime    Last Run
--------------------------------------  -----  ---------  --------  ----------  --------------  -------------------
/opt/airflow/dags/flaky_etl_dag.py                               1           0  0.17s           2026-09-03T12:42:44
/opt/airflow/dags/schema_drift_dag.py                            1           0  0.16s           2026-09-03T12:42:44
/opt/airflow/dags/null_spike_dag.py                              1           0  0.12s           2026-09-03T12:42:44
/opt/airflow/dags/00_seed_demo_data.py                           1           0  0.11s           2026-09-03T12:42:43
================================================================================
[2026-09-03T12:43:16.367+0000] {manager.py:878} INFO - 
================================================================================
DAG File Processing Stats

File Path                               PID    Runtime      # DAGs    # Errors  Last Runtime    Last Run
--------------------------------------  -----  ---------  --------  ----------  --------------  -------------------
/opt/airflow/dags/flaky_etl_dag.py                               1           0  0.12s           2026-09-03T12:43:15
/opt/airflow/dags/schema_drift_dag.py                            1           0  0.12s           2026-09-03T12:43:15
/opt/airflow/dags/null_spike_dag.py                              1           0  0.11s           2026-09-03T12:43:15
/opt/airflow/dags/00_seed_demo_data.py                           1           0  0.11s           2026-09-03T12:43:14
================================================================================
[2026-09-03T12:43:47.118+0000] {manager.py:878} INFO - 
================================================================================
DAG File Processing Stats

File Path                               PID    Runtime      # DAGs    # Errors  Last Runtime    Last Run
--------------------------------------  -----  ---------  --------  ----------  --------------  -------------------
/opt/airflow/dags/flaky_etl_dag.py                               1           0  0.22s           2026-09-03T12:43:46
/opt/airflow/dags/schema_drift_dag.py                            1           0  0.22s           2026-09-03T12:43:46
/opt/airflow/dags/00_seed_demo_data.py                           1           0  0.15s           2026-09-03T12:43:44
/opt/airflow/dags/null_spike_dag.py                              1           0  0.13s           2026-09-03T12:43:46
================================================================================
[2026-09-03T12:44:17.754+0000] {manager.py:878} INFO - 
================================================================================
DAG File Processing Stats

File Path                               PID    Runtime      # DAGs    # Errors  Last Runtime    Last Run
--------------------------------------  -----  ---------  --------  ----------  --------------  -------------------
/opt/airflow/dags/flaky_etl_dag.py                               1           0  0.15s           2026-09-03T12:44:16
/opt/airflow/dags/schema_drift_dag.py                            1           0  0.15s           2026-09-03T12:44:16
/opt/airflow/dags/00_seed_demo_data.py                           1           0  0.11s           2026-09-03T12:44:15
/opt/airflow/dags/null_spike_dag.py                              1           0  0.11s           2026-09-03T12:44:16
================================================================================
[2026-09-03T12:44:48.353+0000] {manager.py:878} INFO - 
================================================================================
DAG File Processing Stats

File Path                               PID    Runtime      # DAGs    # Errors  Last Runtime    Last Run
--------------------------------------  -----  ---------  --------  ----------  --------------  -------------------
/opt/airflow/dags/schema_drift_dag.py                            1           0  0.18s           2026-09-03T12:44:47
/opt/airflow/dags/flaky_etl_dag.py                               1           0  0.18s           2026-09-03T12:44:47
/opt/airflow/dags/00_seed_demo_data.py                           1           0  0.13s           2026-09-03T12:44:46
/opt/airflow/dags/null_spike_dag.py                              1           0  0.12s           2026-09-03T12:44:47
================================================================================
[2026-09-03T12:45:18.823+0000] {manager.py:878} INFO - 
================================================================================
DAG File Processing Stats

File Path                               PID    Runtime      # DAGs    # Errors  Last Runtime    Last Run
--------------------------------------  -----  ---------  --------  ----------  --------------  -------------------
/opt/airflow/dags/flaky_etl_dag.py                               1           0  0.15s           2026-09-03T12:45:17
/opt/airflow/dags/00_seed_demo_data.py                           1           0  0.14s           2026-09-03T12:45:16
/opt/airflow/dags/schema_drift_dag.py                            1           0  0.13s           2026-09-03T12:45:17
/opt/airflow/dags/null_spike_dag.py                              1           0  0.12s           2026-09-03T12:45:17
================================================================================
[2026-09-03T12:45:20.844+0000] {manager.py:737} INFO - Searching for files in /opt/airflow/dags
[2026-09-03T12:45:20.916+0000] {manager.py:740} INFO - There are 4 files in /opt/airflow/dags
[2026-09-03T12:45:49.400+0000] {manager.py:878} INFO - 
================================================================================
DAG File Processing Stats

File Path                               PID    Runtime      # DAGs    # Errors  Last Runtime    Last Run
--------------------------------------  -----  ---------  --------  ----------  --------------  -------------------
/opt/airflow/dags/00_seed_demo_data.py                           1           0  0.15s           2026-09-03T12:45:47
/opt/airflow/dags/flaky_etl_dag.py                               1           0  0.13s           2026-09-03T12:45:48
/opt/airflow/dags/schema_drift_dag.py                            1           0  0.12s           2026-09-03T12:45:48
/opt/airflow/dags/null_spike_dag.py                              1           0  0.12s           2026-09-03T12:45:48
================================================================================
[2026-09-03T12:46:20.041+0000] {manager.py:878} INFO - 
================================================================================
DAG File Processing Stats

File Path                               PID    Runtime      # DAGs    # Errors  Last Runtime    Last Run
--------------------------------------  -----  ---------  --------  ----------  --------------  -------------------
/opt/airflow/dags/flaky_etl_dag.py                               1           0  0.15s           2026-09-03T12:46:19
/opt/airflow/dags/schema_drift_dag.py                            1           0  0.15s           2026-09-03T12:46:19
/opt/airflow/dags/null_spike_dag.py                              1           0  0.13s           2026-09-03T12:46:19
/opt/airflow/dags/00_seed_demo_data.py                           1           0  0.10s           2026-09-03T12:46:17
================================================================================
[2026-09-03T12:46:50.652+0000] {manager.py:878} INFO - 
================================================================================
DAG File Processing Stats

File Path                               PID    Runtime      # DAGs    # Errors  Last Runtime    Last Run
--------------------------------------  -----  ---------  --------  ----------  --------------  -------------------
/opt/airflow/dags/flaky_etl_dag.py                               1           0  0.15s           2026-09-03T12:46:49
/opt/airflow/dags/schema_drift_dag.py                            1           0  0.13s           2026-09-03T12:46:49
/opt/airflow/dags/null_spike_dag.py                              1           0  0.12s           2026-09-03T12:46:49
/opt/airflow/dags/00_seed_demo_data.py                           1           0  0.11s           2026-09-03T12:46:48
================================================================================
[2026-09-03T12:47:21.256+0000] {manager.py:878} INFO - 
================================================================================
DAG File Processing Stats

File Path                               PID    Runtime      # DAGs    # Errors  Last Runtime    Last Run
--------------------------------------  -----  ---------  --------  ----------  --------------  -------------------
/opt/airflow/dags/flaky_etl_dag.py                               1           0  0.17s           2026-09-03T12:47:20
/opt/airflow/dags/schema_drift_dag.py                            1           0  0.16s           2026-09-03T12:47:20
/opt/airflow/dags/00_seed_demo_data.py                           1           0  0.15s           2026-09-03T12:47:19
/opt/airflow/dags/null_spike_dag.py                              1           0  0.14s           2026-09-03T12:47:20
================================================================================
[2026-09-03T12:47:51.667+0000] {manager.py:878} INFO - 
================================================================================
DAG File Processing Stats

File Path                               PID    Runtime      # DAGs    # Errors  Last Runtime    Last Run
--------------------------------------  -----  ---------  --------  ----------  --------------  -------------------
/opt/airflow/dags/00_seed_demo_data.py                           1           0  0.14s           2026-09-03T12:47:49
/opt/airflow/dags/flaky_etl_dag.py                               1           0  0.13s           2026-09-03T12:47:50
/opt/airflow/dags/schema_drift_dag.py                            1           0  0.12s           2026-09-03T12:47:50
/opt/airflow/dags/null_spike_dag.py                              1           0  0.11s           2026-09-03T12:47:50
================================================================================
[2026-09-03T12:48:22.291+0000] {manager.py:878} INFO - 
================================================================================
DAG File Processing Stats

File Path                               PID    Runtime      # DAGs    # Errors  Last Runtime    Last Run
--------------------------------------  -----  ---------  --------  ----------  --------------  -------------------
/opt/airflow/dags/flaky_etl_dag.py                               1           0  0.19s           2026-09-03T12:48:21
/opt/airflow/dags/schema_drift_dag.py                            1           0  0.18s           2026-09-03T12:48:21
/opt/airflow/dags/null_spike_dag.py                              1           0  0.13s           2026-09-03T12:48:21
/opt/airflow/dags/00_seed_demo_data.py                           1           0  0.12s           2026-09-03T12:48:20
================================================================================
[2026-09-03T12:48:52.927+0000] {manager.py:878} INFO - 
================================================================================
DAG File Processing Stats

File Path                               PID    Runtime      # DAGs    # Errors  Last Runtime    Last Run
--------------------------------------  -----  ---------  --------  ----------  --------------  -------------------
/opt/airflow/dags/00_seed_demo_data.py                           1           0  0.15s           2026-09-03T12:48:50
/opt/airflow/dags/schema_drift_dag.py                            1           0  0.14s           2026-09-03T12:48:51
/opt/airflow/dags/null_spike_dag.py                              1           0  0.13s           2026-09-03T12:48:52
/opt/airflow/dags/flaky_etl_dag.py                               1           0  0.13s           2026-09-03T12:48:51
================================================================================
[2026-09-03T12:49:23.506+0000] {manager.py:878} INFO - 
================================================================================
DAG File Processing Stats

File Path                               PID    Runtime      # DAGs    # Errors  Last Runtime    Last Run
--------------------------------------  -----  ---------  --------  ----------  --------------  -------------------
/opt/airflow/dags/flaky_etl_dag.py                               1           0  0.14s           2026-09-03T12:49:22
/opt/airflow/dags/00_seed_demo_data.py                           1           0  0.14s           2026-09-03T12:49:21
/opt/airflow/dags/schema_drift_dag.py                            1           0  0.13s           2026-09-03T12:49:22
/opt/airflow/dags/null_spike_dag.py                              1           0  0.13s           2026-09-03T12:49:22
================================================================================
[2026-09-03T12:49:54.148+0000] {manager.py:878} INFO - 
================================================================================
DAG File Processing Stats

File Path                               PID    Runtime      # DAGs    # Errors  Last Runtime    Last Run
--------------------------------------  -----  ---------  --------  ----------  --------------  -------------------
/opt/airflow/dags/flaky_etl_dag.py                               1           0  0.17s           2026-09-03T12:49:53
/opt/airflow/dags/schema_drift_dag.py                            1           0  0.16s           2026-09-03T12:49:53
/opt/airflow/dags/00_seed_demo_data.py                           1           0  0.15s           2026-09-03T12:49:51
/opt/airflow/dags/null_spike_dag.py                              1           0  0.12s           2026-09-03T12:49:53
================================================================================
[2026-09-03T12:50:21.484+0000] {manager.py:737} INFO - Searching for files in /opt/airflow/dags
[2026-09-03T12:50:21.530+0000] {manager.py:740} INFO - There are 4 files in /opt/airflow/dags
[2026-09-03T12:50:24.744+0000] {manager.py:878} INFO - 
================================================================================
DAG File Processing Stats

File Path                               PID    Runtime      # DAGs    # Errors  Last Runtime    Last Run
--------------------------------------  -----  ---------  --------  ----------  --------------  -------------------
/opt/airflow/dags/00_seed_demo_data.py                           1           0  0.15s           2026-09-03T12:50:22
/opt/airflow/dags/flaky_etl_dag.py                               1           0  0.15s           2026-09-03T12:50:23
/opt/airflow/dags/schema_drift_dag.py                            1           0  0.14s           2026-09-03T12:50:23
/opt/airflow/dags/null_spike_dag.py                              1           0  0.11s           2026-09-03T12:50:23
================================================================================
[2026-09-03T12:50:55.300+0000] {manager.py:878} INFO - 
================================================================================
DAG File Processing Stats

File Path                               PID    Runtime      # DAGs    # Errors  Last Runtime    Last Run
--------------------------------------  -----  ---------  --------  ----------  --------------  -------------------
/opt/airflow/dags/00_seed_demo_data.py                           1           0  0.14s           2026-09-03T12:50:53
/opt/airflow/dags/flaky_etl_dag.py                               1           0  0.13s           2026-09-03T12:50:54
/opt/airflow/dags/schema_drift_dag.py                            1           0  0.12s           2026-09-03T12:50:54
/opt/airflow/dags/null_spike_dag.py                              1           0  0.12s           2026-09-03T12:50:54
================================================================================
[2026-09-03T12:51:25.848+0000] {manager.py:878} INFO - 
================================================================================
DAG File Processing Stats

File Path                               PID    Runtime      # DAGs    # Errors  Last Runtime    Last Run
--------------------------------------  -----  ---------  --------  ----------  --------------  -------------------
/opt/airflow/dags/schema_drift_dag.py                            1           0  0.14s           2026-09-03T12:51:24
/opt/airflow/dags/null_spike_dag.py                              1           0  0.12s           2026-09-03T12:51:24
/opt/airflow/dags/flaky_etl_dag.py                               1           0  0.11s           2026-09-03T12:51:24
/opt/airflow/dags/00_seed_demo_data.py                           1           0  0.11s           2026-09-03T12:51:23
================================================================================
[2026-09-03T12:51:56.331+0000] {manager.py:878} INFO - 
================================================================================
DAG File Processing Stats

File Path                               PID    Runtime      # DAGs    # Errors  Last Runtime    Last Run
--------------------------------------  -----  ---------  --------  ----------  --------------  -------------------
/opt/airflow/dags/flaky_etl_dag.py                               1           0  0.12s           2026-09-03T12:51:55
/opt/airflow/dags/00_seed_demo_data.py                           1           0  0.12s           2026-09-03T12:51:54
/opt/airflow/dags/schema_drift_dag.py                            1           0  0.12s           2026-09-03T12:51:55
/opt/airflow/dags/null_spike_dag.py                              1           0  0.11s           2026-09-03T12:51:55
================================================================================
[2026-09-03T12:52:26.945+0000] {manager.py:878} INFO - 
================================================================================
DAG File Processing Stats

File Path                               PID    Runtime      # DAGs    # Errors  Last Runtime    Last Run
--------------------------------------  -----  ---------  --------  ----------  --------------  -------------------
/opt/airflow/dags/flaky_etl_dag.py                               1           0  0.13s           2026-09-03T12:52:25
/opt/airflow/dags/schema_drift_dag.py                            1           0  0.12s           2026-09-03T12:52:25
/opt/airflow/dags/null_spike_dag.py                              1           0  0.12s           2026-09-03T12:52:26
/opt/airflow/dags/00_seed_demo_data.py                           1           0  0.11s           2026-09-03T12:52:24
================================================================================
[2026-09-03T12:52:57.535+0000] {manager.py:878} INFO - 
================================================================================
DAG File Processing Stats

File Path                               PID    Runtime      # DAGs    # Errors  Last Runtime    Last Run
--------------------------------------  -----  ---------  --------  ----------  --------------  -------------------
/opt/airflow/dags/flaky_etl_dag.py                               1           0  0.19s           2026-09-03T12:52:56
/opt/airflow/dags/schema_drift_dag.py                            1           0  0.19s           2026-09-03T12:52:56
/opt/airflow/dags/null_spike_dag.py                              1           0  0.15s           2026-09-03T12:52:56
/opt/airflow/dags/00_seed_demo_data.py                           1           0  0.11s           2026-09-03T12:52:55
================================================================================
[2026-09-03T12:53:28.073+0000] {manager.py:878} INFO - 
================================================================================
DAG File Processing Stats

File Path                               PID    Runtime      # DAGs    # Errors  Last Runtime    Last Run
--------------------------------------  -----  ---------  --------  ----------  --------------  -------------------
/opt/airflow/dags/00_seed_demo_data.py                           1           0  0.14s           2026-09-03T12:53:25
/opt/airflow/dags/flaky_etl_dag.py                               1           0  0.13s           2026-09-03T12:53:27
/opt/airflow/dags/schema_drift_dag.py                            1           0  0.12s           2026-09-03T12:53:27
/opt/airflow/dags/null_spike_dag.py                              1           0  0.12s           2026-09-03T12:53:27
================================================================================
[2026-09-03T12:53:58.880+0000] {manager.py:878} INFO - 
================================================================================
DAG File Processing Stats

File Path                               PID    Runtime      # DAGs    # Errors  Last Runtime    Last Run
--------------------------------------  -----  ---------  --------  ----------  --------------  -------------------
/opt/airflow/dags/schema_drift_dag.py                            1           0  0.25s           2026-09-03T12:53:57
/opt/airflow/dags/flaky_etl_dag.py                               1           0  0.21s           2026-09-03T12:53:57
/opt/airflow/dags/null_spike_dag.py                              1           0  0.13s           2026-09-03T12:53:57
/opt/airflow/dags/00_seed_demo_data.py                           1           0  0.12s           2026-09-03T12:53:56
================================================================================
[2026-09-03T12:54:29.459+0000] {manager.py:878} INFO - 
================================================================================
DAG File Processing Stats

File Path                               PID    Runtime      # DAGs    # Errors  Last Runtime    Last Run
--------------------------------------  -----  ---------  --------  ----------  --------------  -------------------
/opt/airflow/dags/00_seed_demo_data.py                           1           0  0.15s           2026-09-03T12:54:27
/opt/airflow/dags/flaky_etl_dag.py                               1           0  0.14s           2026-09-03T12:54:28
/opt/airflow/dags/schema_drift_dag.py                            1           0  0.14s           2026-09-03T12:54:28
/opt/airflow/dags/null_spike_dag.py                              1           0  0.11s           2026-09-03T12:54:28
================================================================================
[2026-09-03T12:55:00.050+0000] {manager.py:878} INFO - 
================================================================================
DAG File Processing Stats

File Path                               PID    Runtime      # DAGs    # Errors  Last Runtime    Last Run
--------------------------------------  -----  ---------  --------  ----------  --------------  -------------------
/opt/airflow/dags/schema_drift_dag.py                            1           0  0.16s           2026-09-03T12:54:59
/opt/airflow/dags/00_seed_demo_data.py                           1           0  0.14s           2026-09-03T12:54:57
/opt/airflow/dags/flaky_etl_dag.py                               1           0  0.13s           2026-09-03T12:54:59
/opt/airflow/dags/null_spike_dag.py                              1           0  0.11s           2026-09-03T12:54:59
================================================================================
[2026-09-03T12:55:22.333+0000] {manager.py:737} INFO - Searching for files in /opt/airflow/dags
[2026-09-03T12:55:22.390+0000] {manager.py:740} INFO - There are 4 files in /opt/airflow/dags
[2026-09-03T12:55:30.739+0000] {manager.py:878} INFO - 
================================================================================
DAG File Processing Stats

File Path                               PID    Runtime      # DAGs    # Errors  Last Runtime    Last Run
--------------------------------------  -----  ---------  --------  ----------  --------------  -------------------
/opt/airflow/dags/flaky_etl_dag.py                               1           0  0.13s           2026-09-03T12:55:29
/opt/airflow/dags/null_spike_dag.py                              1           0  0.12s           2026-09-03T12:55:29
/opt/airflow/dags/schema_drift_dag.py                            1           0  0.12s           2026-09-03T12:55:29
/opt/airflow/dags/00_seed_demo_data.py                           1           0  0.11s           2026-09-03T12:55:28
================================================================================
[2026-09-03T12:56:01.358+0000] {manager.py:878} INFO - 
================================================================================
DAG File Processing Stats

File Path                               PID    Runtime      # DAGs    # Errors  Last Runtime    Last Run
--------------------------------------  -----  ---------  --------  ----------  --------------  -------------------
/opt/airflow/dags/00_seed_demo_data.py                           1           0  0.15s           2026-09-03T12:55:59
/opt/airflow/dags/flaky_etl_dag.py                               1           0  0.13s           2026-09-03T12:56:00
/opt/airflow/dags/schema_drift_dag.py                            1           0  0.12s           2026-09-03T12:56:00
/opt/airflow/dags/null_spike_dag.py                              1           0  0.11s           2026-09-03T12:56:00
================================================================================
[2026-09-03T12:56:32.044+0000] {manager.py:878} INFO - 
================================================================================
DAG File Processing Stats

File Path                               PID    Runtime      # DAGs    # Errors  Last Runtime    Last Run
--------------------------------------  -----  ---------  --------  ----------  --------------  -------------------
/opt/airflow/dags/flaky_etl_dag.py                               1           0  0.12s           2026-09-03T12:56:31
/opt/airflow/dags/00_seed_demo_data.py                           1           0  0.12s           2026-09-03T12:56:29
/opt/airflow/dags/schema_drift_dag.py                            1           0  0.12s           2026-09-03T12:56:31
/opt/airflow/dags/null_spike_dag.py                              1           0  0.12s           2026-09-03T12:56:31
================================================================================
[2026-09-03T12:57:02.619+0000] {manager.py:878} INFO - 
================================================================================
DAG File Processing Stats

File Path                               PID    Runtime      # DAGs    # Errors  Last Runtime    Last Run
--------------------------------------  -----  ---------  --------  ----------  --------------  -------------------
/opt/airflow/dags/flaky_etl_dag.py                               1           0  0.15s           2026-09-03T12:57:01
/opt/airflow/dags/schema_drift_dag.py                            1           0  0.14s           2026-09-03T12:57:01
/opt/airflow/dags/00_seed_demo_data.py                           1           0  0.14s           2026-09-03T12:57:00
/opt/airflow/dags/null_spike_dag.py                              1           0  0.13s           2026-09-03T12:57:01
================================================================================
[2026-09-03T12:57:32.635+0000] {manager.py:878} INFO - 
================================================================================
DAG File Processing Stats

File Path                               PID    Runtime      # DAGs    # Errors  Last Runtime    Last Run
--------------------------------------  -----  ---------  --------  ----------  --------------  -------------------
/opt/airflow/dags/flaky_etl_dag.py                               1           0  0.15s           2026-09-03T12:57:32
/opt/airflow/dags/null_spike_dag.py                              1           0  0.15s           2026-09-03T12:57:32
/opt/airflow/dags/schema_drift_dag.py                            1           0  0.14s           2026-09-03T12:57:32
/opt/airflow/dags/00_seed_demo_data.py                           1           0  0.13s           2026-09-03T12:57:31
================================================================================
[2026-09-03T12:58:03.016+0000] {manager.py:878} INFO - 
================================================================================
DAG File Processing Stats

File Path                                 PID  Runtime      # DAGs    # Errors  Last Runtime    Last Run
--------------------------------------  -----  ---------  --------  ----------  --------------  -------------------
/opt/airflow/dags/00_seed_demo_data.py                           1           0  0.20s           2026-09-03T12:58:02
/opt/airflow/dags/flaky_etl_dag.py      13213  0.00s             1           0  0.15s           2026-09-03T12:57:32
/opt/airflow/dags/null_spike_dag.py                              1           0  0.15s           2026-09-03T12:57:32
/opt/airflow/dags/schema_drift_dag.py   13210  0.01s             1           0  0.14s           2026-09-03T12:57:32
================================================================================
[2026-09-03T12:58:33.778+0000] {manager.py:878} INFO - 
================================================================================
DAG File Processing Stats

File Path                                 PID  Runtime      # DAGs    # Errors  Last Runtime    Last Run
--------------------------------------  -----  ---------  --------  ----------  --------------  -------------------
/opt/airflow/dags/00_seed_demo_data.py                           1           0  0.13s           2026-09-03T12:58:32
/opt/airflow/dags/flaky_etl_dag.py      13239  0.00s             1           0  0.12s           2026-09-03T12:58:03
/opt/airflow/dags/null_spike_dag.py                              1           0  0.11s           2026-09-03T12:58:03
/opt/airflow/dags/schema_drift_dag.py   13236  0.02s             1           0  0.11s           2026-09-03T12:58:03
================================================================================
[2026-09-03T12:59:04.338+0000] {manager.py:878} INFO - 
================================================================================
DAG File Processing Stats

File Path                                 PID  Runtime      # DAGs    # Errors  Last Runtime    Last Run
--------------------------------------  -----  ---------  --------  ----------  --------------  -------------------
/opt/airflow/dags/flaky_etl_dag.py      13265  0.00s             1           0  0.12s           2026-09-03T12:58:33
/opt/airflow/dags/schema_drift_dag.py   13262  0.01s             1           0  0.12s           2026-09-03T12:58:33
/opt/airflow/dags/null_spike_dag.py                              1           0  0.12s           2026-09-03T12:58:34
/opt/airflow/dags/00_seed_demo_data.py                           1           0  0.10s           2026-09-03T12:59:03
================================================================================
[2026-09-03T12:59:35.000+0000] {manager.py:878} INFO - 
================================================================================
DAG File Processing Stats

File Path                                 PID  Runtime      # DAGs    # Errors  Last Runtime    Last Run
--------------------------------------  -----  ---------  --------  ----------  --------------  -------------------
/opt/airflow/dags/00_seed_demo_data.py                           1           0  0.16s           2026-09-03T12:59:34
/opt/airflow/dags/flaky_etl_dag.py      13291  0.00s             1           0  0.11s           2026-09-03T12:59:04
/opt/airflow/dags/null_spike_dag.py                              1           0  0.11s           2026-09-03T12:59:04
/opt/airflow/dags/schema_drift_dag.py   13288  0.01s             1           0  0.10s           2026-09-03T12:59:04
================================================================================
[2026-09-03T13:00:05.600+0000] {manager.py:878} INFO - 
================================================================================
DAG File Processing Stats

File Path                                 PID  Runtime      # DAGs    # Errors  Last Runtime    Last Run
--------------------------------------  -----  ---------  --------  ----------  --------------  -------------------
/opt/airflow/dags/flaky_etl_dag.py      13317  0.01s             1           0  0.16s           2026-09-03T12:59:35
/opt/airflow/dags/schema_drift_dag.py   13314  0.02s             1           0  0.15s           2026-09-03T12:59:35
/opt/airflow/dags/00_seed_demo_data.py                           1           0  0.11s           2026-09-03T13:00:04
/opt/airflow/dags/null_spike_dag.py                              1           0  0.11s           2026-09-03T12:59:35
================================================================================
[2026-09-03T13:00:22.911+0000] {manager.py:737} INFO - Searching for files in /opt/airflow/dags
[2026-09-03T13:00:22.955+0000] {manager.py:740} INFO - There are 4 files in /opt/airflow/dags
[2026-09-03T13:00:36.173+0000] {manager.py:878} INFO - 
================================================================================
DAG File Processing Stats

File Path                                 PID  Runtime      # DAGs    # Errors  Last Runtime    Last Run
--------------------------------------  -----  ---------  --------  ----------  --------------  -------------------
/opt/airflow/dags/flaky_etl_dag.py      13343  0.00s             1           0  0.16s           2026-09-03T13:00:05
/opt/airflow/dags/schema_drift_dag.py   13340  0.01s             1           0  0.16s           2026-09-03T13:00:05
/opt/airflow/dags/null_spike_dag.py                              1           0  0.14s           2026-09-03T13:00:05
/opt/airflow/dags/00_seed_demo_data.py                           1           0  0.11s           2026-09-03T13:00:35
================================================================================
[2026-09-03T13:01:06.790+0000] {manager.py:878} INFO - 
================================================================================
DAG File Processing Stats

File Path                                 PID  Runtime      # DAGs    # Errors  Last Runtime    Last Run
--------------------------------------  -----  ---------  --------  ----------  --------------  -------------------
/opt/airflow/dags/flaky_etl_dag.py      13369  0.00s             1           0  0.13s           2026-09-03T13:00:36
/opt/airflow/dags/schema_drift_dag.py   13366  0.02s             1           0  0.12s           2026-09-03T13:00:36
/opt/airflow/dags/null_spike_dag.py                              1           0  0.11s           2026-09-03T13:00:36
/opt/airflow/dags/00_seed_demo_data.py                           1           0  0.11s           2026-09-03T13:01:05
================================================================================
[2026-09-03T13:01:37.474+0000] {manager.py:878} INFO - 
================================================================================
DAG File Processing Stats

File Path                                 PID  Runtime      # DAGs    # Errors  Last Runtime    Last Run
--------------------------------------  -----  ---------  --------  ----------  --------------  -------------------
/opt/airflow/dags/schema_drift_dag.py   13392  0.01s             1           0  0.13s           2026-09-03T13:01:06
/opt/airflow/dags/null_spike_dag.py                              1           0  0.12s           2026-09-03T13:01:07
/opt/airflow/dags/flaky_etl_dag.py      13395  0.00s             1           0  0.10s           2026-09-03T13:01:06
/opt/airflow/dags/00_seed_demo_data.py                           1           0  0.10s           2026-09-03T13:01:36
================================================================================
[2026-09-03T13:02:08.084+0000] {manager.py:878} INFO - 
================================================================================
DAG File Processing Stats

File Path                                 PID  Runtime      # DAGs    # Errors  Last Runtime    Last Run
--------------------------------------  -----  ---------  --------  ----------  --------------  -------------------
/opt/airflow/dags/00_seed_demo_data.py                           1           0  0.16s           2026-09-03T13:02:07
/opt/airflow/dags/flaky_etl_dag.py      13421  0.01s             1           0  0.12s           2026-09-03T13:01:37
/opt/airflow/dags/schema_drift_dag.py   13418  0.02s             1           0  0.11s           2026-09-03T13:01:37
/opt/airflow/dags/null_spike_dag.py                              1           0  0.10s           2026-09-03T13:01:37
================================================================================
[2026-09-03T13:02:38.882+0000] {manager.py:878} INFO - 
================================================================================
DAG File Processing Stats

File Path                                 PID  Runtime      # DAGs    # Errors  Last Runtime    Last Run
--------------------------------------  -----  ---------  --------  ----------  --------------  -------------------
/opt/airflow/dags/flaky_etl_dag.py      13447  0.00s             1           0  0.14s           2026-09-03T13:02:08
/opt/airflow/dags/00_seed_demo_data.py                           1           0  0.14s           2026-09-03T13:02:37
/opt/airflow/dags/schema_drift_dag.py   13444  0.01s             1           0  0.14s           2026-09-03T13:02:08
/opt/airflow/dags/null_spike_dag.py                              1           0  0.12s           2026-09-03T13:02:08
================================================================================
[2026-09-03T13:03:09.472+0000] {manager.py:878} INFO - 
================================================================================
DAG File Processing Stats

File Path                                 PID  Runtime      # DAGs    # Errors  Last Runtime    Last Run
--------------------------------------  -----  ---------  --------  ----------  --------------  -------------------
/opt/airflow/dags/flaky_etl_dag.py      13473  0.01s             1           0  0.12s           2026-09-03T13:02:38
/opt/airflow/dags/null_spike_dag.py                              1           0  0.12s           2026-09-03T13:02:39
/opt/airflow/dags/schema_drift_dag.py   13470  0.02s             1           0  0.11s           2026-09-03T13:02:38
/opt/airflow/dags/00_seed_demo_data.py                           1           0  0.11s           2026-09-03T13:03:08
================================================================================
[2026-09-03T13:03:40.211+0000] {manager.py:878} INFO - 
================================================================================
DAG File Processing Stats

File Path                                 PID  Runtime      # DAGs    # Errors  Last Runtime    Last Run
--------------------------------------  -----  ---------  --------  ----------  --------------  -------------------
/opt/airflow/dags/schema_drift_dag.py   13496  0.02s             1           0  0.22s           2026-09-03T13:03:09
/opt/airflow/dags/flaky_etl_dag.py      13499  0.01s             1           0  0.18s           2026-09-03T13:03:09
/opt/airflow/dags/null_spike_dag.py                              1           0  0.14s           2026-09-03T13:03:09
/opt/airflow/dags/00_seed_demo_data.py                           1           0  0.11s           2026-09-03T13:03:39
================================================================================
[2026-09-03T13:04:10.882+0000] {manager.py:878} INFO - 
================================================================================
DAG File Processing Stats

File Path                                 PID  Runtime      # DAGs    # Errors  Last Runtime    Last Run
--------------------------------------  -----  ---------  --------  ----------  --------------  -------------------
/opt/airflow/dags/flaky_etl_dag.py      13525  0.01s             1           0  0.15s           2026-09-03T13:03:40
/opt/airflow/dags/schema_drift_dag.py   13522  0.03s             1           0  0.14s           2026-09-03T13:03:40
/opt/airflow/dags/00_seed_demo_data.py                           1           0  0.12s           2026-09-03T13:04:09
/opt/airflow/dags/null_spike_dag.py                              1           0  0.10s           2026-09-03T13:03:40
================================================================================
[2026-09-03T13:04:41.577+0000] {manager.py:878} INFO - 
================================================================================
DAG File Processing Stats

File Path                                 PID  Runtime      # DAGs    # Errors  Last Runtime    Last Run
--------------------------------------  -----  ---------  --------  ----------  --------------  -------------------
/opt/airflow/dags/00_seed_demo_data.py                           1           0  0.14s           2026-09-03T13:04:40
/opt/airflow/dags/schema_drift_dag.py   13548  0.02s             1           0  0.14s           2026-09-03T13:04:10
/opt/airflow/dags/flaky_etl_dag.py      13551  0.00s             1           0  0.14s           2026-09-03T13:04:11
/opt/airflow/dags/null_spike_dag.py                              1           0  0.11s           2026-09-03T13:04:11
================================================================================
[2026-09-03T13:05:12.233+0000] {manager.py:878} INFO - 
================================================================================
DAG File Processing Stats

File Path                                 PID  Runtime      # DAGs    # Errors  Last Runtime    Last Run
--------------------------------------  -----  ---------  --------  ----------  --------------  -------------------
/opt/airflow/dags/flaky_etl_dag.py      13577  0.00s             1           0  0.15s           2026-09-03T13:04:41
/opt/airflow/dags/schema_drift_dag.py   13574  0.01s             1           0  0.14s           2026-09-03T13:04:41
/opt/airflow/dags/00_seed_demo_data.py                           1           0  0.11s           2026-09-03T13:05:11
/opt/airflow/dags/null_spike_dag.py                              1           0  0.11s           2026-09-03T13:04:41
================================================================================
[2026-09-03T13:05:23.499+0000] {manager.py:737} INFO - Searching for files in /opt/airflow/dags
[2026-09-03T13:05:23.538+0000] {manager.py:740} INFO - There are 4 files in /opt/airflow/dags
[2026-09-03T13:05:42.965+0000] {manager.py:878} INFO - 
================================================================================
DAG File Processing Stats

File Path                                 PID  Runtime      # DAGs    # Errors  Last Runtime    Last Run
--------------------------------------  -----  ---------  --------  ----------  --------------  -------------------
/opt/airflow/dags/00_seed_demo_data.py                           1           0  0.14s           2026-09-03T13:05:41
/opt/airflow/dags/flaky_etl_dag.py      13603  0.00s             1           0  0.12s           2026-09-03T13:05:12
/opt/airflow/dags/schema_drift_dag.py   13600  0.02s             1           0  0.12s           2026-09-03T13:05:12
/opt/airflow/dags/null_spike_dag.py                              1           0  0.11s           2026-09-03T13:05:12
================================================================================
[2026-09-03T13:06:13.540+0000] {manager.py:878} INFO - 
================================================================================
DAG File Processing Stats

File Path                                 PID  Runtime      # DAGs    # Errors  Last Runtime    Last Run
--------------------------------------  -----  ---------  --------  ----------  --------------  -------------------
/opt/airflow/dags/flaky_etl_dag.py      13629  0.00s             1           0  0.18s           2026-09-03T13:05:43
/opt/airflow/dags/schema_drift_dag.py   13626  0.01s             1           0  0.17s           2026-09-03T13:05:43
/opt/airflow/dags/00_seed_demo_data.py                           1           0  0.14s           2026-09-03T13:06:12
/opt/airflow/dags/null_spike_dag.py                              1           0  0.10s           2026-09-03T13:05:43
================================================================================
[2026-09-03T13:06:44.176+0000] {manager.py:878} INFO - 
================================================================================
DAG File Processing Stats

File Path                                 PID  Runtime      # DAGs    # Errors  Last Runtime    Last Run
--------------------------------------  -----  ---------  --------  ----------  --------------  -------------------
/opt/airflow/dags/00_seed_demo_data.py                           1           0  0.13s           2026-09-03T13:06:43
/opt/airflow/dags/flaky_etl_dag.py      13655  0.00s             1           0  0.12s           2026-09-03T13:06:13
/opt/airflow/dags/schema_drift_dag.py   13652  0.01s             1           0  0.11s           2026-09-03T13:06:13
/opt/airflow/dags/null_spike_dag.py                              1           0  0.11s           2026-09-03T13:06:13
================================================================================
[2026-09-03T13:07:14.831+0000] {manager.py:878} INFO - 
================================================================================
DAG File Processing Stats

File Path                                 PID  Runtime      # DAGs    # Errors  Last Runtime    Last Run
--------------------------------------  -----  ---------  --------  ----------  --------------  -------------------
/opt/airflow/dags/schema_drift_dag.py   13678  0.01s             1           0  0.13s           2026-09-03T13:06:44
/opt/airflow/dags/00_seed_demo_data.py                           1           0  0.11s           2026-09-03T13:07:13
/opt/airflow/dags/null_spike_dag.py                              1           0  0.11s           2026-09-03T13:06:44
/opt/airflow/dags/flaky_etl_dag.py      13681  0.00s             1           0  0.10s           2026-09-03T13:06:44
================================================================================
[2026-09-03T13:07:45.470+0000] {manager.py:878} INFO - 
================================================================================
DAG File Processing Stats

File Path                                 PID  Runtime      # DAGs    # Errors  Last Runtime    Last Run
--------------------------------------  -----  ---------  --------  ----------  --------------  -------------------
/opt/airflow/dags/flaky_etl_dag.py      13707  0.01s             1           0  0.13s           2026-09-03T13:07:14
/opt/airflow/dags/schema_drift_dag.py   13704  0.02s             1           0  0.12s           2026-09-03T13:07:14
/opt/airflow/dags/null_spike_dag.py                              1           0  0.11s           2026-09-03T13:07:15
/opt/airflow/dags/00_seed_demo_data.py                           1           0  0.11s           2026-09-03T13:07:44
================================================================================
[2026-09-03T13:08:16.154+0000] {manager.py:878} INFO - 
================================================================================
DAG File Processing Stats

File Path                                 PID  Runtime      # DAGs    # Errors  Last Runtime    Last Run
--------------------------------------  -----  ---------  --------  ----------  --------------  -------------------
/opt/airflow/dags/flaky_etl_dag.py      13733  0.00s             1           0  0.14s           2026-09-03T13:07:45
/opt/airflow/dags/schema_drift_dag.py   13730  0.02s             1           0  0.14s           2026-09-03T13:07:45
/opt/airflow/dags/00_seed_demo_data.py                           1           0  0.14s           2026-09-03T13:08:15
/opt/airflow/dags/null_spike_dag.py                              1           0  0.11s           2026-09-03T13:07:45
================================================================================
[2026-09-03T13:08:46.835+0000] {manager.py:878} INFO - 
================================================================================
DAG File Processing Stats

File Path                                 PID  Runtime      # DAGs    # Errors  Last Runtime    Last Run
--------------------------------------  -----  ---------  --------  ----------  --------------  -------------------
/opt/airflow/dags/flaky_etl_dag.py      13759  0.00s             1           0  0.12s           2026-09-03T13:08:16
/opt/airflow/dags/00_seed_demo_data.py                           1           0  0.11s           2026-09-03T13:08:45
/opt/airflow/dags/schema_drift_dag.py   13756  0.02s             1           0  0.11s           2026-09-03T13:08:16
/opt/airflow/dags/null_spike_dag.py                              1           0  0.11s           2026-09-03T13:08:16
================================================================================
[2026-09-03T13:09:17.492+0000] {manager.py:878} INFO - 
================================================================================
DAG File Processing Stats

File Path                                 PID  Runtime      # DAGs    # Errors  Last Runtime    Last Run
--------------------------------------  -----  ---------  --------  ----------  --------------  -------------------
/opt/airflow/dags/00_seed_demo_data.py                           1           0  0.13s           2026-09-03T13:09:16
/opt/airflow/dags/flaky_etl_dag.py      13785  0.00s             1           0  0.12s           2026-09-03T13:08:46
/opt/airflow/dags/schema_drift_dag.py   13782  0.01s             1           0  0.12s           2026-09-03T13:08:46
/opt/airflow/dags/null_spike_dag.py                              1           0  0.10s           2026-09-03T13:08:47
================================================================================
[2026-09-03T13:09:48.131+0000] {manager.py:878} INFO - 
================================================================================
DAG File Processing Stats

File Path                                 PID  Runtime      # DAGs    # Errors  Last Runtime    Last Run
--------------------------------------  -----  ---------  --------  ----------  --------------  -------------------
/opt/airflow/dags/00_seed_demo_data.py                           1           0  0.16s           2026-09-03T13:09:47
/opt/airflow/dags/flaky_etl_dag.py      13811  0.00s             1           0  0.14s           2026-09-03T13:09:17
/opt/airflow/dags/schema_drift_dag.py   13808  0.02s             1           0  0.13s           2026-09-03T13:09:17
/opt/airflow/dags/null_spike_dag.py                              1           0  0.11s           2026-09-03T13:09:17
================================================================================
[2026-09-03T13:10:18.741+0000] {manager.py:878} INFO - 
================================================================================
DAG File Processing Stats

File Path                                 PID  Runtime      # DAGs    # Errors  Last Runtime    Last Run
--------------------------------------  -----  ---------  --------  ----------  --------------  -------------------
/opt/airflow/dags/null_spike_dag.py                              1           0  0.19s           2026-09-03T13:09:48
/opt/airflow/dags/00_seed_demo_data.py                           1           0  0.17s           2026-09-03T13:10:17
/opt/airflow/dags/flaky_etl_dag.py      13837  0.00s             1           0  0.14s           2026-09-03T13:09:48
/opt/airflow/dags/schema_drift_dag.py   13834  0.01s             1           0  0.12s           2026-09-03T13:09:48
================================================================================
[2026-09-03T13:10:23.943+0000] {manager.py:737} INFO - Searching for files in /opt/airflow/dags
[2026-09-03T13:10:23.983+0000] {manager.py:740} INFO - There are 4 files in /opt/airflow/dags
[2026-09-03T13:10:49.465+0000] {manager.py:878} INFO - 
================================================================================
DAG File Processing Stats

File Path                                 PID  Runtime      # DAGs    # Errors  Last Runtime    Last Run
--------------------------------------  -----  ---------  --------  ----------  --------------  -------------------
/opt/airflow/dags/00_seed_demo_data.py                           1           0  0.20s           2026-09-03T13:10:48
/opt/airflow/dags/schema_drift_dag.py   13860  0.02s             1           0  0.18s           2026-09-03T13:10:18
/opt/airflow/dags/flaky_etl_dag.py      13863  0.01s             1           0  0.15s           2026-09-03T13:10:18
/opt/airflow/dags/null_spike_dag.py                              1           0  0.11s           2026-09-03T13:10:19
================================================================================
[2026-09-03T13:11:20.175+0000] {manager.py:878} INFO - 
================================================================================
DAG File Processing Stats

File Path                                 PID  Runtime      # DAGs    # Errors  Last Runtime    Last Run
--------------------------------------  -----  ---------  --------  ----------  --------------  -------------------
/opt/airflow/dags/schema_drift_dag.py   13887  0.01s             1           0  0.19s           2026-09-03T13:10:49
/opt/airflow/dags/flaky_etl_dag.py      13890  0.00s             1           0  0.16s           2026-09-03T13:10:49
/opt/airflow/dags/null_spike_dag.py                              1           0  0.12s           2026-09-03T13:10:49
/opt/airflow/dags/00_seed_demo_data.py                           1           0  0.11s           2026-09-03T13:11:19
================================================================================
[2026-09-03T13:11:50.899+0000] {manager.py:878} INFO - 
================================================================================
DAG File Processing Stats

File Path                                 PID  Runtime      # DAGs    # Errors  Last Runtime    Last Run
--------------------------------------  -----  ---------  --------  ----------  --------------  -------------------
/opt/airflow/dags/00_seed_demo_data.py                           1           0  0.14s           2026-09-03T13:11:49
/opt/airflow/dags/flaky_etl_dag.py      13916  0.01s             1           0  0.13s           2026-09-03T13:11:20
/opt/airflow/dags/schema_drift_dag.py   13913  0.02s             1           0  0.12s           2026-09-03T13:11:20
/opt/airflow/dags/null_spike_dag.py                              1           0  0.11s           2026-09-03T13:11:20
================================================================================
[2026-09-03T13:12:21.494+0000] {manager.py:878} INFO - 
================================================================================
DAG File Processing Stats

File Path                                 PID  Runtime      # DAGs    # Errors  Last Runtime    Last Run
--------------------------------------  -----  ---------  --------  ----------  --------------  -------------------
/opt/airflow/dags/flaky_etl_dag.py      13942  0.01s             1           0  0.13s           2026-09-03T13:11:51
/opt/airflow/dags/schema_drift_dag.py   13939  0.02s             1           0  0.12s           2026-09-03T13:11:51
/opt/airflow/dags/null_spike_dag.py                              1           0  0.12s           2026-09-03T13:11:51
/opt/airflow/dags/00_seed_demo_data.py                           1           0  0.12s           2026-09-03T13:12:20
================================================================================
[2026-09-03T13:12:52.099+0000] {manager.py:878} INFO - 
================================================================================
DAG File Processing Stats

File Path                                 PID  Runtime      # DAGs    # Errors  Last Runtime    Last Run
--------------------------------------  -----  ---------  --------  ----------  --------------  -------------------
/opt/airflow/dags/00_seed_demo_data.py                           1           0  0.16s           2026-09-03T13:12:51
/opt/airflow/dags/schema_drift_dag.py   13965  0.02s             1           0  0.15s           2026-09-03T13:12:21
/opt/airflow/dags/null_spike_dag.py                              1           0  0.12s           2026-09-03T13:12:21
/opt/airflow/dags/flaky_etl_dag.py      13968  0.01s             1           0  0.12s           2026-09-03T13:12:21
================================================================================
[2026-09-03T13:13:22.887+0000] {manager.py:878} INFO - 
================================================================================
DAG File Processing Stats

File Path                                 PID  Runtime      # DAGs    # Errors  Last Runtime    Last Run
--------------------------------------  -----  ---------  --------  ----------  --------------  -------------------
/opt/airflow/dags/flaky_etl_dag.py      13994  0.00s             1           0  0.17s           2026-09-03T13:12:52
/opt/airflow/dags/schema_drift_dag.py   13991  0.01s             1           0  0.16s           2026-09-03T13:12:52
/opt/airflow/dags/null_spike_dag.py                              1           0  0.13s           2026-09-03T13:12:52
/opt/airflow/dags/00_seed_demo_data.py                           1           0  0.11s           2026-09-03T13:13:21
================================================================================
[2026-09-03T13:13:53.611+0000] {manager.py:878} INFO - 
================================================================================
DAG File Processing Stats

File Path                                 PID  Runtime      # DAGs    # Errors  Last Runtime    Last Run
--------------------------------------  -----  ---------  --------  ----------  --------------  -------------------
/opt/airflow/dags/schema_drift_dag.py   14017  0.02s             1           0  0.18s           2026-09-03T13:13:23
/opt/airflow/dags/flaky_etl_dag.py      14020  0.00s             1           0  0.15s           2026-09-03T13:13:23
/opt/airflow/dags/00_seed_demo_data.py                           1           0  0.11s           2026-09-03T13:13:52
/opt/airflow/dags/null_spike_dag.py                              1           0  0.11s           2026-09-03T13:13:23
================================================================================
[2026-09-03T13:14:24.148+0000] {manager.py:878} INFO - 
================================================================================
DAG File Processing Stats

File Path                                 PID  Runtime      # DAGs    # Errors  Last Runtime    Last Run
--------------------------------------  -----  ---------  --------  ----------  --------------  -------------------
/opt/airflow/dags/flaky_etl_dag.py      14046  0.00s             1           0  0.12s           2026-09-03T13:13:53
/opt/airflow/dags/schema_drift_dag.py   14043  0.01s             1           0  0.12s           2026-09-03T13:13:53
/opt/airflow/dags/null_spike_dag.py                              1           0  0.11s           2026-09-03T13:13:53
/opt/airflow/dags/00_seed_demo_data.py                           1           0  0.10s           2026-09-03T13:14:23
================================================================================
[2026-09-03T13:14:54.822+0000] {manager.py:878} INFO - 
================================================================================
DAG File Processing Stats

File Path                                 PID  Runtime      # DAGs    # Errors  Last Runtime    Last Run
--------------------------------------  -----  ---------  --------  ----------  --------------  -------------------
/opt/airflow/dags/schema_drift_dag.py   14069  0.02s             1           0  0.15s           2026-09-03T13:14:24
/opt/airflow/dags/null_spike_dag.py                              1           0  0.12s           2026-09-03T13:14:24
/opt/airflow/dags/flaky_etl_dag.py      14072  0.01s             1           0  0.12s           2026-09-03T13:14:24
/opt/airflow/dags/00_seed_demo_data.py                           1           0  0.10s           2026-09-03T13:14:53
================================================================================
[2026-09-03T13:15:24.246+0000] {manager.py:737} INFO - Searching for files in /opt/airflow/dags
[2026-09-03T13:15:24.291+0000] {manager.py:740} INFO - There are 4 files in /opt/airflow/dags
[2026-09-03T13:15:25.365+0000] {manager.py:878} INFO - 
================================================================================
DAG File Processing Stats

File Path                                 PID  Runtime      # DAGs    # Errors  Last Runtime    Last Run
--------------------------------------  -----  ---------  --------  ----------  --------------  -------------------
/opt/airflow/dags/flaky_etl_dag.py      14098  0.01s             1           0  0.13s           2026-09-03T13:14:54
/opt/airflow/dags/schema_drift_dag.py   14095  0.02s             1           0  0.12s           2026-09-03T13:14:54
/opt/airflow/dags/null_spike_dag.py                              1           0  0.11s           2026-09-03T13:14:55
/opt/airflow/dags/00_seed_demo_data.py                           1           0  0.10s           2026-09-03T13:15:24
================================================================================
[2026-09-03T13:15:55.996+0000] {manager.py:878} INFO - 
================================================================================
DAG File Processing Stats

File Path                                 PID  Runtime      # DAGs    # Errors  Last Runtime    Last Run
--------------------------------------  -----  ---------  --------  ----------  --------------  -------------------
/opt/airflow/dags/00_seed_demo_data.py                           1           0  0.17s           2026-09-03T13:15:55
/opt/airflow/dags/flaky_etl_dag.py      14125  0.00s             1           0  0.13s           2026-09-03T13:15:25
/opt/airflow/dags/schema_drift_dag.py   14122  0.02s             1           0  0.12s           2026-09-03T13:15:25
/opt/airflow/dags/null_spike_dag.py                              1           0  0.12s           2026-09-03T13:15:25
================================================================================
[2026-09-03T13:16:26.677+0000] {manager.py:878} INFO - 
================================================================================
DAG File Processing Stats

File Path                                 PID  Runtime      # DAGs    # Errors  Last Runtime    Last Run
--------------------------------------  -----  ---------  --------  ----------  --------------  -------------------
/opt/airflow/dags/flaky_etl_dag.py      14151  0.00s             1           0  0.16s           2026-09-03T13:15:56
/opt/airflow/dags/schema_drift_dag.py   14148  0.02s             1           0  0.15s           2026-09-03T13:15:56
/opt/airflow/dags/null_spike_dag.py                              1           0  0.10s           2026-09-03T13:15:56
/opt/airflow/dags/00_seed_demo_data.py                           1           0  0.10s           2026-09-03T13:16:25
================================================================================
[2026-09-03T13:17:06.600+0000] {manager.py:878} INFO - 
================================================================================
DAG File Processing Stats

File Path                               PID    Runtime      # DAGs    # Errors  Last Runtime    Last Run
--------------------------------------  -----  ---------  --------  ----------  --------------  -------------------
/opt/airflow/dags/schema_drift_dag.py                            1           0  1.25s           2026-09-03T13:17:01
/opt/airflow/dags/flaky_etl_dag.py                               1           0  1.02s           2026-09-03T13:17:00
/opt/airflow/dags/00_seed_demo_data.py                           1           0  0.61s           2026-09-03T13:17:01
/opt/airflow/dags/null_spike_dag.py                              1           0  0.52s           2026-09-03T13:17:01
================================================================================
[2026-09-03T13:17:37.392+0000] {manager.py:878} INFO - 
================================================================================
DAG File Processing Stats

File Path                               PID    Runtime      # DAGs    # Errors  Last Runtime    Last Run
--------------------------------------  -----  ---------  --------  ----------  --------------  -------------------
/opt/airflow/dags/flaky_etl_dag.py                               1           0  0.29s           2026-09-03T13:17:31
/opt/airflow/dags/schema_drift_dag.py                            1           0  0.17s           2026-09-03T13:17:31
/opt/airflow/dags/00_seed_demo_data.py                           1           0  0.13s           2026-09-03T13:17:32
/opt/airflow/dags/null_spike_dag.py                              1           0  0.12s           2026-09-03T13:17:32
================================================================================
[2026-09-03T13:18:08.046+0000] {manager.py:878} INFO - 
================================================================================
DAG File Processing Stats

File Path                               PID    Runtime      # DAGs    # Errors  Last Runtime    Last Run
--------------------------------------  -----  ---------  --------  ----------  --------------  -------------------
/opt/airflow/dags/00_seed_demo_data.py                           1           0  0.19s           2026-09-03T13:18:03
/opt/airflow/dags/null_spike_dag.py                              1           0  0.19s           2026-09-03T13:18:02
/opt/airflow/dags/schema_drift_dag.py                            1           0  0.13s           2026-09-03T13:18:01
/opt/airflow/dags/flaky_etl_dag.py                               1           0  0.13s           2026-09-03T13:18:01
================================================================================
[2026-09-03T13:18:38.574+0000] {manager.py:878} INFO - 
================================================================================
DAG File Processing Stats

File Path                               PID    Runtime      # DAGs    # Errors  Last Runtime    Last Run
--------------------------------------  -----  ---------  --------  ----------  --------------  -------------------
/opt/airflow/dags/null_spike_dag.py                              1           0  0.13s           2026-09-03T13:18:33
/opt/airflow/dags/flaky_etl_dag.py                               1           0  0.12s           2026-09-03T13:18:32
/opt/airflow/dags/00_seed_demo_data.py                           1           0  0.12s           2026-09-03T13:18:33
/opt/airflow/dags/schema_drift_dag.py                            1           0  0.12s           2026-09-03T13:18:32
================================================================================
[2026-09-03T13:19:09.094+0000] {manager.py:878} INFO - 
================================================================================
DAG File Processing Stats

File Path                               PID    Runtime      # DAGs    # Errors  Last Runtime    Last Run
--------------------------------------  -----  ---------  --------  ----------  --------------  -------------------
/opt/airflow/dags/schema_drift_dag.py                            1           0  0.16s           2026-09-03T13:19:03
/opt/airflow/dags/flaky_etl_dag.py                               1           0  0.15s           2026-09-03T13:19:03
/opt/airflow/dags/null_spike_dag.py                              1           0  0.13s           2026-09-03T13:19:04
/opt/airflow/dags/00_seed_demo_data.py                           1           0  0.13s           2026-09-03T13:19:04
================================================================================
[2026-09-03T13:19:39.750+0000] {manager.py:878} INFO - 
================================================================================
DAG File Processing Stats

File Path                               PID    Runtime      # DAGs    # Errors  Last Runtime    Last Run
--------------------------------------  -----  ---------  --------  ----------  --------------  -------------------
/opt/airflow/dags/null_spike_dag.py                              1           0  0.21s           2026-09-03T13:19:34
/opt/airflow/dags/00_seed_demo_data.py                           1           0  0.21s           2026-09-03T13:19:34
/opt/airflow/dags/schema_drift_dag.py                            1           0  0.16s           2026-09-03T13:19:33
/opt/airflow/dags/flaky_etl_dag.py                               1           0  0.16s           2026-09-03T13:19:33
================================================================================
[2026-09-03T13:20:10.254+0000] {manager.py:878} INFO - 
================================================================================
DAG File Processing Stats

File Path                               PID    Runtime      # DAGs    # Errors  Last Runtime    Last Run
--------------------------------------  -----  ---------  --------  ----------  --------------  -------------------
/opt/airflow/dags/schema_drift_dag.py                            1           0  0.14s           2026-09-03T13:20:04
/opt/airflow/dags/flaky_etl_dag.py                               1           0  0.14s           2026-09-03T13:20:04
/opt/airflow/dags/null_spike_dag.py                              1           0  0.12s           2026-09-03T13:20:05
/opt/airflow/dags/00_seed_demo_data.py                           1           0  0.12s           2026-09-03T13:20:05
================================================================================
[2026-09-03T13:20:24.455+0000] {manager.py:737} INFO - Searching for files in /opt/airflow/dags
[2026-09-03T13:20:24.503+0000] {manager.py:740} INFO - There are 4 files in /opt/airflow/dags
[2026-09-03T13:20:40.797+0000] {manager.py:878} INFO - 
================================================================================
DAG File Processing Stats

File Path                               PID    Runtime      # DAGs    # Errors  Last Runtime    Last Run
--------------------------------------  -----  ---------  --------  ----------  --------------  -------------------
/opt/airflow/dags/schema_drift_dag.py                            1           0  0.18s           2026-09-03T13:20:34
/opt/airflow/dags/flaky_etl_dag.py                               1           0  0.18s           2026-09-03T13:20:34
/opt/airflow/dags/null_spike_dag.py                              1           0  0.12s           2026-09-03T13:20:35
/opt/airflow/dags/00_seed_demo_data.py                           1           0  0.12s           2026-09-03T13:20:35
================================================================================
[2026-09-03T13:21:11.309+0000] {manager.py:878} INFO - 
================================================================================
DAG File Processing Stats

File Path                               PID    Runtime      # DAGs    # Errors  Last Runtime    Last Run
--------------------------------------  -----  ---------  --------  ----------  --------------  -------------------
/opt/airflow/dags/schema_drift_dag.py                            1           0  0.15s           2026-09-03T13:21:05
/opt/airflow/dags/flaky_etl_dag.py                               1           0  0.15s           2026-09-03T13:21:05
/opt/airflow/dags/null_spike_dag.py                              1           0  0.12s           2026-09-03T13:21:06
/opt/airflow/dags/00_seed_demo_data.py                           1           0  0.11s           2026-09-03T13:21:06
================================================================================
[2026-09-03T13:21:41.835+0000] {manager.py:878} INFO - 
================================================================================
DAG File Processing Stats

File Path                               PID    Runtime      # DAGs    # Errors  Last Runtime    Last Run
--------------------------------------  -----  ---------  --------  ----------  --------------  -------------------
/opt/airflow/dags/schema_drift_dag.py                            1           0  0.20s           2026-09-03T13:21:35
/opt/airflow/dags/null_spike_dag.py                              1           0  0.18s           2026-09-03T13:21:36
/opt/airflow/dags/flaky_etl_dag.py                               1           0  0.17s           2026-09-03T13:21:35
/opt/airflow/dags/00_seed_demo_data.py                           1           0  0.17s           2026-09-03T13:21:36
================================================================================
[2026-09-03T13:22:12.347+0000] {manager.py:878} INFO - 
================================================================================
DAG File Processing Stats

File Path                               PID    Runtime      # DAGs    # Errors  Last Runtime    Last Run
--------------------------------------  -----  ---------  --------  ----------  --------------  -------------------
/opt/airflow/dags/schema_drift_dag.py                            1           0  0.21s           2026-09-03T13:22:06
/opt/airflow/dags/flaky_etl_dag.py                               1           0  0.21s           2026-09-03T13:22:06
/opt/airflow/dags/00_seed_demo_data.py                           1           0  0.16s           2026-09-03T13:22:07
/opt/airflow/dags/null_spike_dag.py                              1           0  0.16s           2026-09-03T13:22:07
================================================================================
[2026-09-03T13:22:42.812+0000] {manager.py:878} INFO - 
================================================================================
DAG File Processing Stats

File Path                               PID    Runtime      # DAGs    # Errors  Last Runtime    Last Run
--------------------------------------  -----  ---------  --------  ----------  --------------  -------------------
/opt/airflow/dags/null_spike_dag.py                              1           0  0.16s           2026-09-03T13:22:37
/opt/airflow/dags/00_seed_demo_data.py                           1           0  0.15s           2026-09-03T13:22:37
/opt/airflow/dags/schema_drift_dag.py                            1           0  0.15s           2026-09-03T13:22:36
/opt/airflow/dags/flaky_etl_dag.py                               1           0  0.13s           2026-09-03T13:22:36
================================================================================
[2026-09-03T13:23:13.305+0000] {manager.py:878} INFO - 
================================================================================
DAG File Processing Stats

File Path                               PID    Runtime      # DAGs    # Errors  Last Runtime    Last Run
--------------------------------------  -----  ---------  --------  ----------  --------------  -------------------
/opt/airflow/dags/schema_drift_dag.py                            1           0  0.20s           2026-09-03T13:23:07
/opt/airflow/dags/flaky_etl_dag.py                               1           0  0.17s           2026-09-03T13:23:07
/opt/airflow/dags/null_spike_dag.py                              1           0  0.17s           2026-09-03T13:23:08
/opt/airflow/dags/00_seed_demo_data.py                           1           0  0.13s           2026-09-03T13:23:08
================================================================================
[2026-09-03T13:23:43.816+0000] {manager.py:878} INFO - 
================================================================================
DAG File Processing Stats

File Path                               PID    Runtime      # DAGs    # Errors  Last Runtime    Last Run
--------------------------------------  -----  ---------  --------  ----------  --------------  -------------------
/opt/airflow/dags/null_spike_dag.py                              1           0  0.18s           2026-09-03T13:23:38
/opt/airflow/dags/schema_drift_dag.py                            1           0  0.18s           2026-09-03T13:23:37
/opt/airflow/dags/00_seed_demo_data.py                           1           0  0.18s           2026-09-03T13:23:38
/opt/airflow/dags/flaky_etl_dag.py                               1           0  0.15s           2026-09-03T13:23:37
================================================================================
[2026-09-03T13:24:14.337+0000] {manager.py:878} INFO - 
================================================================================
DAG File Processing Stats

File Path                               PID    Runtime      # DAGs    # Errors  Last Runtime    Last Run
--------------------------------------  -----  ---------  --------  ----------  --------------  -------------------
/opt/airflow/dags/null_spike_dag.py                              1           0  0.17s           2026-09-03T13:24:09
/opt/airflow/dags/00_seed_demo_data.py                           1           0  0.16s           2026-09-03T13:24:09
/opt/airflow/dags/schema_drift_dag.py                            1           0  0.15s           2026-09-03T13:24:08
/opt/airflow/dags/flaky_etl_dag.py                               1           0  0.14s           2026-09-03T13:24:08
================================================================================
[2026-09-03T13:24:44.840+0000] {manager.py:878} INFO - 
================================================================================
DAG File Processing Stats

File Path                               PID    Runtime      # DAGs    # Errors  Last Runtime    Last Run
--------------------------------------  -----  ---------  --------  ----------  --------------  -------------------
/opt/airflow/dags/flaky_etl_dag.py                               1           0  0.23s           2026-09-03T13:24:38
/opt/airflow/dags/schema_drift_dag.py                            1           0  0.23s           2026-09-03T13:24:38
/opt/airflow/dags/null_spike_dag.py                              1           0  0.14s           2026-09-03T13:24:39
/opt/airflow/dags/00_seed_demo_data.py                           1           0  0.14s           2026-09-03T13:24:39
================================================================================
[2026-09-03T13:25:15.346+0000] {manager.py:878} INFO - 
================================================================================
DAG File Processing Stats

File Path                               PID    Runtime      # DAGs    # Errors  Last Runtime    Last Run
--------------------------------------  -----  ---------  --------  ----------  --------------  -------------------
/opt/airflow/dags/00_seed_demo_data.py                           1           0  0.15s           2026-09-03T13:25:10
/opt/airflow/dags/null_spike_dag.py                              1           0  0.15s           2026-09-03T13:25:10
/opt/airflow/dags/flaky_etl_dag.py                               1           0  0.14s           2026-09-03T13:25:09
/opt/airflow/dags/schema_drift_dag.py                            1           0  0.14s           2026-09-03T13:25:09
================================================================================
[2026-09-03T13:25:24.633+0000] {manager.py:737} INFO - Searching for files in /opt/airflow/dags
[2026-09-03T13:25:24.681+0000] {manager.py:740} INFO - There are 4 files in /opt/airflow/dags
[2026-09-03T13:25:45.862+0000] {manager.py:878} INFO - 
================================================================================
DAG File Processing Stats

File Path                               PID    Runtime      # DAGs    # Errors  Last Runtime    Last Run
--------------------------------------  -----  ---------  --------  ----------  --------------  -------------------
/opt/airflow/dags/flaky_etl_dag.py                               1           0  0.18s           2026-09-03T13:25:39
/opt/airflow/dags/schema_drift_dag.py                            1           0  0.17s           2026-09-03T13:25:39
/opt/airflow/dags/null_spike_dag.py                              1           0  0.13s           2026-09-03T13:25:40
/opt/airflow/dags/00_seed_demo_data.py                           1           0  0.12s           2026-09-03T13:25:40
================================================================================
[2026-09-03T13:26:16.335+0000] {manager.py:878} INFO - 
================================================================================
DAG File Processing Stats

File Path                               PID    Runtime      # DAGs    # Errors  Last Runtime    Last Run
--------------------------------------  -----  ---------  --------  ----------  --------------  -------------------
/opt/airflow/dags/schema_drift_dag.py                            1           0  0.12s           2026-09-03T13:26:10
/opt/airflow/dags/flaky_etl_dag.py                               1           0  0.12s           2026-09-03T13:26:10
/opt/airflow/dags/null_spike_dag.py                              1           0  0.12s           2026-09-03T13:26:11
/opt/airflow/dags/00_seed_demo_data.py                           1           0  0.12s           2026-09-03T13:26:11
================================================================================
[2026-09-03T13:26:46.866+0000] {manager.py:878} INFO - 
================================================================================
DAG File Processing Stats

File Path                               PID    Runtime      # DAGs    # Errors  Last Runtime    Last Run
--------------------------------------  -----  ---------  --------  ----------  --------------  -------------------
/opt/airflow/dags/00_seed_demo_data.py                           1           0  0.14s           2026-09-03T13:26:41
/opt/airflow/dags/null_spike_dag.py                              1           0  0.13s           2026-09-03T13:26:41
/opt/airflow/dags/schema_drift_dag.py                            1           0  0.13s           2026-09-03T13:26:40
/opt/airflow/dags/flaky_etl_dag.py                               1           0  0.13s           2026-09-03T13:26:40
================================================================================
[2026-09-03T13:27:17.353+0000] {manager.py:878} INFO - 
================================================================================
DAG File Processing Stats

File Path                               PID    Runtime      # DAGs    # Errors  Last Runtime    Last Run
--------------------------------------  -----  ---------  --------  ----------  --------------  -------------------
/opt/airflow/dags/schema_drift_dag.py                            1           0  0.15s           2026-09-03T13:27:11
/opt/airflow/dags/flaky_etl_dag.py                               1           0  0.15s           2026-09-03T13:27:11
/opt/airflow/dags/00_seed_demo_data.py                           1           0  0.14s           2026-09-03T13:27:12
/opt/airflow/dags/null_spike_dag.py                              1           0  0.13s           2026-09-03T13:27:12
================================================================================
[2026-09-03T13:27:47.859+0000] {manager.py:878} INFO - 
================================================================================
DAG File Processing Stats

File Path                               PID    Runtime      # DAGs    # Errors  Last Runtime    Last Run
--------------------------------------  -----  ---------  --------  ----------  --------------  -------------------
/opt/airflow/dags/00_seed_demo_data.py                           1           0  0.16s           2026-09-03T13:27:42
/opt/airflow/dags/null_spike_dag.py                              1           0  0.16s           2026-09-03T13:27:42
/opt/airflow/dags/schema_drift_dag.py                            1           0  0.13s           2026-09-03T13:27:41
/opt/airflow/dags/flaky_etl_dag.py                               1           0  0.13s           2026-09-03T13:27:41
================================================================================
[2026-09-03T13:28:18.324+0000] {manager.py:878} INFO - 
================================================================================
DAG File Processing Stats

File Path                               PID    Runtime      # DAGs    # Errors  Last Runtime    Last Run
--------------------------------------  -----  ---------  --------  ----------  --------------  -------------------
/opt/airflow/dags/schema_drift_dag.py                            1           0  0.13s           2026-09-03T13:28:12
/opt/airflow/dags/flaky_etl_dag.py                               1           0  0.13s           2026-09-03T13:28:12
/opt/airflow/dags/null_spike_dag.py                              1           0  0.13s           2026-09-03T13:28:13
/opt/airflow/dags/00_seed_demo_data.py                           1           0  0.13s           2026-09-03T13:28:13
================================================================================
[2026-09-03T13:28:48.805+0000] {manager.py:878} INFO - 
================================================================================
DAG File Processing Stats

File Path                               PID    Runtime      # DAGs    # Errors  Last Runtime    Last Run
--------------------------------------  -----  ---------  --------  ----------  --------------  -------------------
/opt/airflow/dags/schema_drift_dag.py                            1           0  0.16s           2026-09-03T13:28:42
/opt/airflow/dags/flaky_etl_dag.py                               1           0  0.16s           2026-09-03T13:28:42
/opt/airflow/dags/null_spike_dag.py                              1           0  0.16s           2026-09-03T13:28:43
/opt/airflow/dags/00_seed_demo_data.py                           1           0  0.16s           2026-09-03T13:28:43
================================================================================
[2026-09-03T13:29:19.332+0000] {manager.py:878} INFO - 
================================================================================
DAG File Processing Stats

File Path                               PID    Runtime      # DAGs    # Errors  Last Runtime    Last Run
--------------------------------------  -----  ---------  --------  ----------  --------------  -------------------
/opt/airflow/dags/flaky_etl_dag.py                               1           0  0.17s           2026-09-03T13:29:13
/opt/airflow/dags/schema_drift_dag.py                            1           0  0.17s           2026-09-03T13:29:13
/opt/airflow/dags/null_spike_dag.py                              1           0  0.16s           2026-09-03T13:29:14
/opt/airflow/dags/00_seed_demo_data.py                           1           0  0.16s           2026-09-03T13:29:14
================================================================================
[2026-09-03T13:29:49.916+0000] {manager.py:878} INFO - 
================================================================================
DAG File Processing Stats

File Path                               PID    Runtime      # DAGs    # Errors  Last Runtime    Last Run
--------------------------------------  -----  ---------  --------  ----------  --------------  -------------------
/opt/airflow/dags/flaky_etl_dag.py                               1           0  0.21s           2026-09-03T13:29:43
/opt/airflow/dags/null_spike_dag.py                              1           0  0.21s           2026-09-03T13:29:45
/opt/airflow/dags/schema_drift_dag.py                            1           0  0.20s           2026-09-03T13:29:43
/opt/airflow/dags/00_seed_demo_data.py                           1           0  0.18s           2026-09-03T13:29:45
================================================================================
[2026-09-03T13:30:20.421+0000] {manager.py:878} INFO - 
================================================================================
DAG File Processing Stats

File Path                               PID    Runtime      # DAGs    # Errors  Last Runtime    Last Run
--------------------------------------  -----  ---------  --------  ----------  --------------  -------------------
/opt/airflow/dags/null_spike_dag.py                              1           0  0.21s           2026-09-03T13:30:15
/opt/airflow/dags/schema_drift_dag.py                            1           0  0.19s           2026-09-03T13:30:14
/opt/airflow/dags/00_seed_demo_data.py                           1           0  0.19s           2026-09-03T13:30:15
/opt/airflow/dags/flaky_etl_dag.py                               1           0  0.19s           2026-09-03T13:30:14
================================================================================
[2026-09-03T13:30:25.458+0000] {manager.py:737} INFO - Searching for files in /opt/airflow/dags
[2026-09-03T13:30:25.506+0000] {manager.py:740} INFO - There are 4 files in /opt/airflow/dags
[2026-09-03T13:30:50.955+0000] {manager.py:878} INFO - 
================================================================================
DAG File Processing Stats

File Path                               PID    Runtime      # DAGs    # Errors  Last Runtime    Last Run
--------------------------------------  -----  ---------  --------  ----------  --------------  -------------------
/opt/airflow/dags/null_spike_dag.py                              1           0  0.16s           2026-09-03T13:30:45
/opt/airflow/dags/00_seed_demo_data.py                           1           0  0.16s           2026-09-03T13:30:45
/opt/airflow/dags/schema_drift_dag.py                            1           0  0.14s           2026-09-03T13:30:44
/opt/airflow/dags/flaky_etl_dag.py                               1           0  0.13s           2026-09-03T13:30:44
================================================================================
[2026-09-03T13:31:21.559+0000] {manager.py:878} INFO - 
================================================================================
DAG File Processing Stats

File Path                               PID    Runtime      # DAGs    # Errors  Last Runtime    Last Run
--------------------------------------  -----  ---------  --------  ----------  --------------  -------------------
/opt/airflow/dags/null_spike_dag.py                              1           0  0.19s           2026-09-03T13:31:16
/opt/airflow/dags/00_seed_demo_data.py                           1           0  0.18s           2026-09-03T13:31:16
/opt/airflow/dags/schema_drift_dag.py                            1           0  0.17s           2026-09-03T13:31:15
/opt/airflow/dags/flaky_etl_dag.py                               1           0  0.16s           2026-09-03T13:31:15
================================================================================
[2026-09-03T13:31:52.244+0000] {manager.py:878} INFO - 
================================================================================
DAG File Processing Stats

File Path                               PID    Runtime      # DAGs    # Errors  Last Runtime    Last Run
--------------------------------------  -----  ---------  --------  ----------  --------------  -------------------
/opt/airflow/dags/flaky_etl_dag.py                               1           0  0.34s           2026-09-03T13:31:46
/opt/airflow/dags/schema_drift_dag.py                            1           0  0.32s           2026-09-03T13:31:46
/opt/airflow/dags/00_seed_demo_data.py                           1           0  0.14s           2026-09-03T13:31:47
/opt/airflow/dags/null_spike_dag.py                              1           0  0.13s           2026-09-03T13:31:47
================================================================================
[2026-09-03T13:32:22.734+0000] {manager.py:878} INFO - 
================================================================================
DAG File Processing Stats

File Path                               PID    Runtime      # DAGs    # Errors  Last Runtime    Last Run
--------------------------------------  -----  ---------  --------  ----------  --------------  -------------------
/opt/airflow/dags/schema_drift_dag.py                            1           0  0.17s           2026-09-03T13:32:16
/opt/airflow/dags/flaky_etl_dag.py                               1           0  0.16s           2026-09-03T13:32:16
/opt/airflow/dags/null_spike_dag.py                              1           0  0.15s           2026-09-03T13:32:17
/opt/airflow/dags/00_seed_demo_data.py                           1           0  0.14s           2026-09-03T13:32:17
================================================================================
[2026-09-03T13:32:53.225+0000] {manager.py:878} INFO - 
================================================================================
DAG File Processing Stats

File Path                               PID    Runtime      # DAGs    # Errors  Last Runtime    Last Run
--------------------------------------  -----  ---------  --------  ----------  --------------  -------------------
/opt/airflow/dags/schema_drift_dag.py                            1           0  0.16s           2026-09-03T13:32:47
/opt/airflow/dags/flaky_etl_dag.py                               1           0  0.16s           2026-09-03T13:32:47
/opt/airflow/dags/null_spike_dag.py                              1           0  0.16s           2026-09-03T13:32:48
/opt/airflow/dags/00_seed_demo_data.py                           1           0  0.16s           2026-09-03T13:32:48
================================================================================
[2026-09-03T13:33:23.732+0000] {manager.py:878} INFO - 
================================================================================
DAG File Processing Stats

File Path                               PID    Runtime      # DAGs    # Errors  Last Runtime    Last Run
--------------------------------------  -----  ---------  --------  ----------  --------------  -------------------
/opt/airflow/dags/flaky_etl_dag.py                               1           0  0.16s           2026-09-03T13:33:17
/opt/airflow/dags/schema_drift_dag.py                            1           0  0.16s           2026-09-03T13:33:17
/opt/airflow/dags/00_seed_demo_data.py                           1           0  0.13s           2026-09-03T13:33:18
/opt/airflow/dags/null_spike_dag.py                              1           0  0.13s           2026-09-03T13:33:18
================================================================================
[2026-09-03T13:33:54.227+0000] {manager.py:878} INFO - 
================================================================================
DAG File Processing Stats

File Path                               PID    Runtime      # DAGs    # Errors  Last Runtime    Last Run
--------------------------------------  -----  ---------  --------  ----------  --------------  -------------------
/opt/airflow/dags/flaky_etl_dag.py                               1           0  0.14s           2026-09-03T13:33:48
/opt/airflow/dags/schema_drift_dag.py                            1           0  0.14s           2026-09-03T13:33:48
/opt/airflow/dags/null_spike_dag.py                              1           0  0.13s           2026-09-03T13:33:49
/opt/airflow/dags/00_seed_demo_data.py                           1           0  0.13s           2026-09-03T13:33:49
================================================================================
[2026-09-03T13:34:24.699+0000] {manager.py:878} INFO - 
================================================================================
DAG File Processing Stats

File Path                               PID    Runtime      # DAGs    # Errors  Last Runtime    Last Run
--------------------------------------  -----  ---------  --------  ----------  --------------  -------------------
/opt/airflow/dags/null_spike_dag.py                              1           0  0.15s           2026-09-03T13:34:19
/opt/airflow/dags/00_seed_demo_data.py                           1           0  0.15s           2026-09-03T13:34:19
/opt/airflow/dags/schema_drift_dag.py                            1           0  0.12s           2026-09-03T13:34:18
/opt/airflow/dags/flaky_etl_dag.py                               1           0  0.11s           2026-09-03T13:34:18
================================================================================
[2026-09-03T13:34:55.246+0000] {manager.py:878} INFO - 
================================================================================
DAG File Processing Stats

File Path                               PID    Runtime      # DAGs    # Errors  Last Runtime    Last Run
--------------------------------------  -----  ---------  --------  ----------  --------------  -------------------
/opt/airflow/dags/flaky_etl_dag.py                               1           0  0.14s           2026-09-03T13:34:49
/opt/airflow/dags/schema_drift_dag.py                            1           0  0.14s           2026-09-03T13:34:49
/opt/airflow/dags/null_spike_dag.py                              1           0  0.12s           2026-09-03T13:34:50
/opt/airflow/dags/00_seed_demo_data.py                           1           0  0.12s           2026-09-03T13:34:50
================================================================================
[2026-09-03T13:35:25.735+0000] {manager.py:737} INFO - Searching for files in /opt/airflow/dags
[2026-09-03T13:35:25.795+0000] {manager.py:740} INFO - There are 4 files in /opt/airflow/dags
[2026-09-03T13:35:25.806+0000] {manager.py:878} INFO - 
================================================================================
DAG File Processing Stats

File Path                               PID    Runtime      # DAGs    # Errors  Last Runtime    Last Run
--------------------------------------  -----  ---------  --------  ----------  --------------  -------------------
/opt/airflow/dags/null_spike_dag.py                              1           0  0.19s           2026-09-03T13:35:20
/opt/airflow/dags/00_seed_demo_data.py                           1           0  0.17s           2026-09-03T13:35:20
/opt/airflow/dags/schema_drift_dag.py                            1           0  0.15s           2026-09-03T13:35:19
/opt/airflow/dags/flaky_etl_dag.py                               1           0  0.12s           2026-09-03T13:35:19
================================================================================
[2026-09-03T13:35:56.284+0000] {manager.py:878} INFO - 
================================================================================
DAG File Processing Stats

File Path                               PID    Runtime      # DAGs    # Errors  Last Runtime    Last Run
--------------------------------------  -----  ---------  --------  ----------  --------------  -------------------
/opt/airflow/dags/00_seed_demo_data.py                           1           0  0.13s           2026-09-03T13:35:51
/opt/airflow/dags/null_spike_dag.py                              1           0  0.13s           2026-09-03T13:35:51
/opt/airflow/dags/flaky_etl_dag.py                               1           0  0.13s           2026-09-03T13:35:50
/opt/airflow/dags/schema_drift_dag.py                            1           0  0.12s           2026-09-03T13:35:50
================================================================================
[2026-09-03T13:36:26.749+0000] {manager.py:878} INFO - 
================================================================================
DAG File Processing Stats

File Path                               PID    Runtime      # DAGs    # Errors  Last Runtime    Last Run
--------------------------------------  -----  ---------  --------  ----------  --------------  -------------------
/opt/airflow/dags/00_seed_demo_data.py                           1           0  0.17s           2026-09-03T13:36:21
/opt/airflow/dags/null_spike_dag.py                              1           0  0.17s           2026-09-03T13:36:21
/opt/airflow/dags/schema_drift_dag.py                            1           0  0.15s           2026-09-03T13:36:20
/opt/airflow/dags/flaky_etl_dag.py                               1           0  0.14s           2026-09-03T13:36:20
================================================================================
[2026-09-03T13:36:57.315+0000] {manager.py:878} INFO - 
================================================================================
DAG File Processing Stats

File Path                               PID    Runtime      # DAGs    # Errors  Last Runtime    Last Run
--------------------------------------  -----  ---------  --------  ----------  --------------  -------------------
/opt/airflow/dags/schema_drift_dag.py                            1           0  0.15s           2026-09-03T13:36:51
/opt/airflow/dags/flaky_etl_dag.py                               1           0  0.15s           2026-09-03T13:36:51
/opt/airflow/dags/null_spike_dag.py                              1           0  0.15s           2026-09-03T13:36:52
/opt/airflow/dags/00_seed_demo_data.py                           1           0  0.13s           2026-09-03T13:36:52
================================================================================
[2026-09-03T13:37:27.788+0000] {manager.py:878} INFO - 
================================================================================
DAG File Processing Stats

File Path                               PID    Runtime      # DAGs    # Errors  Last Runtime    Last Run
--------------------------------------  -----  ---------  --------  ----------  --------------  -------------------
/opt/airflow/dags/00_seed_demo_data.py                           1           0  0.15s           2026-09-03T13:37:22
/opt/airflow/dags/null_spike_dag.py                              1           0  0.15s           2026-09-03T13:37:22
/opt/airflow/dags/schema_drift_dag.py                            1           0  0.15s           2026-09-03T13:37:21
/opt/airflow/dags/flaky_etl_dag.py                               1           0  0.14s           2026-09-03T13:37:21
================================================================================
[2026-09-03T13:37:58.324+0000] {manager.py:878} INFO - 
================================================================================
DAG File Processing Stats

File Path                               PID    Runtime      # DAGs    # Errors  Last Runtime    Last Run
--------------------------------------  -----  ---------  --------  ----------  --------------  -------------------
/opt/airflow/dags/flaky_etl_dag.py                               1           0  0.17s           2026-09-03T13:37:52
/opt/airflow/dags/schema_drift_dag.py                            1           0  0.17s           2026-09-03T13:37:52
/opt/airflow/dags/null_spike_dag.py                              1           0  0.16s           2026-09-03T13:37:53
/opt/airflow/dags/00_seed_demo_data.py                           1           0  0.16s           2026-09-03T13:37:53
================================================================================
[2026-09-03T13:38:28.823+0000] {manager.py:878} INFO - 
================================================================================
DAG File Processing Stats

File Path                               PID    Runtime      # DAGs    # Errors  Last Runtime    Last Run
--------------------------------------  -----  ---------  --------  ----------  --------------  -------------------
/opt/airflow/dags/flaky_etl_dag.py                               1           0  0.15s           2026-09-03T13:38:22
/opt/airflow/dags/schema_drift_dag.py                            1           0  0.15s           2026-09-03T13:38:22
/opt/airflow/dags/00_seed_demo_data.py                           1           0  0.14s           2026-09-03T13:38:23
/opt/airflow/dags/null_spike_dag.py                              1           0  0.14s           2026-09-03T13:38:23
================================================================================
[2026-09-03T13:38:59.348+0000] {manager.py:878} INFO - 
================================================================================
DAG File Processing Stats

File Path                               PID    Runtime      # DAGs    # Errors  Last Runtime    Last Run
--------------------------------------  -----  ---------  --------  ----------  --------------  -------------------
/opt/airflow/dags/schema_drift_dag.py                            1           0  0.15s           2026-09-03T13:38:53
/opt/airflow/dags/flaky_etl_dag.py                               1           0  0.15s           2026-09-03T13:38:53
/opt/airflow/dags/null_spike_dag.py                              1           0  0.13s           2026-09-03T13:38:54
/opt/airflow/dags/00_seed_demo_data.py                           1           0  0.13s           2026-09-03T13:38:54
================================================================================
[2026-09-03T13:39:29.852+0000] {manager.py:878} INFO - 
================================================================================
DAG File Processing Stats

File Path                               PID    Runtime      # DAGs    # Errors  Last Runtime    Last Run
--------------------------------------  -----  ---------  --------  ----------  --------------  -------------------
/opt/airflow/dags/null_spike_dag.py                              1           0  0.18s           2026-09-03T13:39:24
/opt/airflow/dags/00_seed_demo_data.py                           1           0  0.18s           2026-09-03T13:39:24
/opt/airflow/dags/flaky_etl_dag.py                               1           0  0.17s           2026-09-03T13:39:23
/opt/airflow/dags/schema_drift_dag.py                            1           0  0.17s           2026-09-03T13:39:23
================================================================================
[2026-09-03T13:40:00.364+0000] {manager.py:878} INFO - 
================================================================================
DAG File Processing Stats

File Path                               PID    Runtime      # DAGs    # Errors  Last Runtime    Last Run
--------------------------------------  -----  ---------  --------  ----------  --------------  -------------------
/opt/airflow/dags/null_spike_dag.py                              1           0  0.13s           2026-09-03T13:39:55
/opt/airflow/dags/00_seed_demo_data.py                           1           0  0.13s           2026-09-03T13:39:55
/opt/airflow/dags/schema_drift_dag.py                            1           0  0.13s           2026-09-03T13:39:54
/opt/airflow/dags/flaky_etl_dag.py                               1           0  0.12s           2026-09-03T13:39:54
================================================================================
[2026-09-03T13:40:25.821+0000] {manager.py:737} INFO - Searching for files in /opt/airflow/dags
[2026-09-03T13:40:25.902+0000] {manager.py:740} INFO - There are 4 files in /opt/airflow/dags
[2026-09-03T13:40:30.973+0000] {manager.py:878} INFO - 
================================================================================
DAG File Processing Stats

File Path                               PID    Runtime      # DAGs    # Errors  Last Runtime    Last Run
--------------------------------------  -----  ---------  --------  ----------  --------------  -------------------
/opt/airflow/dags/null_spike_dag.py                              1           0  0.23s           2026-09-03T13:40:25
/opt/airflow/dags/00_seed_demo_data.py                           1           0  0.22s           2026-09-03T13:40:25
/opt/airflow/dags/schema_drift_dag.py                            1           0  0.16s           2026-09-03T13:40:24
/opt/airflow/dags/flaky_etl_dag.py                               1           0  0.16s           2026-09-03T13:40:24
================================================================================
[2026-09-03T13:41:01.469+0000] {manager.py:878} INFO - 
================================================================================
DAG File Processing Stats

File Path                               PID    Runtime      # DAGs    # Errors  Last Runtime    Last Run
--------------------------------------  -----  ---------  --------  ----------  --------------  -------------------
/opt/airflow/dags/00_seed_demo_data.py                           1           0  0.20s           2026-09-03T13:40:56
/opt/airflow/dags/null_spike_dag.py                              1           0  0.19s           2026-09-03T13:40:56
/opt/airflow/dags/schema_drift_dag.py                            1           0  0.14s           2026-09-03T13:40:55
/opt/airflow/dags/flaky_etl_dag.py                               1           0  0.14s           2026-09-03T13:40:55
================================================================================
[2026-09-03T13:41:32.173+0000] {manager.py:878} INFO - 
================================================================================
DAG File Processing Stats

File Path                               PID    Runtime      # DAGs    # Errors  Last Runtime    Last Run
--------------------------------------  -----  ---------  --------  ----------  --------------  -------------------
/opt/airflow/dags/schema_drift_dag.py                            1           0  0.47s           2026-09-03T13:41:26
/opt/airflow/dags/flaky_etl_dag.py                               1           0  0.27s           2026-09-03T13:41:26
/opt/airflow/dags/00_seed_demo_data.py                           1           0  0.13s           2026-09-03T13:41:27
/opt/airflow/dags/null_spike_dag.py                              1           0  0.13s           2026-09-03T13:41:27
================================================================================
[2026-09-03T13:42:02.781+0000] {manager.py:878} INFO - 
================================================================================
DAG File Processing Stats

File Path                               PID    Runtime      # DAGs    # Errors  Last Runtime    Last Run
--------------------------------------  -----  ---------  --------  ----------  --------------  -------------------
/opt/airflow/dags/schema_drift_dag.py                            1           0  0.15s           2026-09-03T13:41:56
/opt/airflow/dags/flaky_etl_dag.py                               1           0  0.15s           2026-09-03T13:41:56
/opt/airflow/dags/00_seed_demo_data.py                           1           0  0.12s           2026-09-03T13:41:57
/opt/airflow/dags/null_spike_dag.py                              1           0  0.11s           2026-09-03T13:41:57
================================================================================
[2026-09-03T13:42:33.296+0000] {manager.py:878} INFO - 
================================================================================
DAG File Processing Stats

File Path                               PID    Runtime      # DAGs    # Errors  Last Runtime    Last Run
--------------------------------------  -----  ---------  --------  ----------  --------------  -------------------
/opt/airflow/dags/null_spike_dag.py                              1           0  0.15s           2026-09-03T13:42:28
/opt/airflow/dags/00_seed_demo_data.py                           1           0  0.15s           2026-09-03T13:42:28
/opt/airflow/dags/schema_drift_dag.py                            1           0  0.14s           2026-09-03T13:42:27
/opt/airflow/dags/flaky_etl_dag.py                               1           0  0.13s           2026-09-03T13:42:27
================================================================================
[2026-09-03T13:43:04.076+0000] {manager.py:878} INFO - 
================================================================================
DAG File Processing Stats

File Path                               PID    Runtime      # DAGs    # Errors  Last Runtime    Last Run
--------------------------------------  -----  ---------  --------  ----------  --------------  -------------------
/opt/airflow/dags/flaky_etl_dag.py                               1           0  0.17s           2026-09-03T13:42:57
/opt/airflow/dags/schema_drift_dag.py                            1           0  0.17s           2026-09-03T13:42:57
/opt/airflow/dags/null_spike_dag.py                              1           0  0.13s           2026-09-03T13:42:59
/opt/airflow/dags/00_seed_demo_data.py                           1           0  0.13s           2026-09-03T13:42:59
================================================================================
[2026-09-03T13:43:34.627+0000] {manager.py:878} INFO - 
================================================================================
DAG File Processing Stats

File Path                               PID    Runtime      # DAGs    # Errors  Last Runtime    Last Run
--------------------------------------  -----  ---------  --------  ----------  --------------  -------------------
/opt/airflow/dags/null_spike_dag.py                              1           0  0.15s           2026-09-03T13:43:29
/opt/airflow/dags/00_seed_demo_data.py                           1           0  0.14s           2026-09-03T13:43:29
/opt/airflow/dags/schema_drift_dag.py                            1           0  0.14s           2026-09-03T13:43:28
/opt/airflow/dags/flaky_etl_dag.py                               1           0  0.14s           2026-09-03T13:43:28
================================================================================
[2026-09-03T13:44:05.121+0000] {manager.py:878} INFO - 
================================================================================
DAG File Processing Stats

File Path                               PID    Runtime      # DAGs    # Errors  Last Runtime    Last Run
--------------------------------------  -----  ---------  --------  ----------  --------------  -------------------
/opt/airflow/dags/null_spike_dag.py                              1           0  0.13s           2026-09-03T13:44:00
/opt/airflow/dags/00_seed_demo_data.py                           1           0  0.13s           2026-09-03T13:44:00
/opt/airflow/dags/schema_drift_dag.py                            1           0  0.12s           2026-09-03T13:43:59
/opt/airflow/dags/flaky_etl_dag.py                               1           0  0.12s           2026-09-03T13:43:59
================================================================================
[2026-09-03T13:44:35.711+0000] {manager.py:878} INFO - 
================================================================================
DAG File Processing Stats

File Path                               PID    Runtime      # DAGs    # Errors  Last Runtime    Last Run
--------------------------------------  -----  ---------  --------  ----------  --------------  -------------------
/opt/airflow/dags/schema_drift_dag.py                            1           0  0.12s           2026-09-03T13:44:29
/opt/airflow/dags/flaky_etl_dag.py                               1           0  0.12s           2026-09-03T13:44:29
/opt/airflow/dags/null_spike_dag.py                              1           0  0.12s           2026-09-03T13:44:30
/opt/airflow/dags/00_seed_demo_data.py                           1           0  0.11s           2026-09-03T13:44:30
================================================================================
[2026-09-03T13:45:06.214+0000] {manager.py:878} INFO - 
================================================================================
DAG File Processing Stats

File Path                               PID    Runtime      # DAGs    # Errors  Last Runtime    Last Run
--------------------------------------  -----  ---------  --------  ----------  --------------  -------------------
/opt/airflow/dags/null_spike_dag.py                              1           0  0.21s           2026-09-03T13:45:01
/opt/airflow/dags/00_seed_demo_data.py                           1           0  0.21s           2026-09-03T13:45:01
/opt/airflow/dags/schema_drift_dag.py                            1           0  0.12s           2026-09-03T13:45:00
/opt/airflow/dags/flaky_etl_dag.py                               1           0  0.12s           2026-09-03T13:45:00
================================================================================
[2026-09-03T13:45:26.359+0000] {manager.py:737} INFO - Searching for files in /opt/airflow/dags
[2026-09-03T13:45:26.408+0000] {manager.py:740} INFO - There are 4 files in /opt/airflow/dags
[2026-09-03T13:45:36.806+0000] {manager.py:878} INFO - 
================================================================================
DAG File Processing Stats

File Path                               PID    Runtime      # DAGs    # Errors  Last Runtime    Last Run
--------------------------------------  -----  ---------  --------  ----------  --------------  -------------------
/opt/airflow/dags/schema_drift_dag.py                            1           0  0.28s           2026-09-03T13:45:30
/opt/airflow/dags/flaky_etl_dag.py                               1           0  0.26s           2026-09-03T13:45:30
/opt/airflow/dags/null_spike_dag.py                              1           0  0.20s           2026-09-03T13:45:31
/opt/airflow/dags/00_seed_demo_data.py                           1           0  0.19s           2026-09-03T13:45:31
================================================================================
[2026-09-03T13:46:07.327+0000] {manager.py:878} INFO - 
================================================================================
DAG File Processing Stats

File Path                               PID    Runtime      # DAGs    # Errors  Last Runtime    Last Run
--------------------------------------  -----  ---------  --------  ----------  --------------  -------------------
/opt/airflow/dags/flaky_etl_dag.py                               1           0  0.16s           2026-09-03T13:46:01
/opt/airflow/dags/schema_drift_dag.py                            1           0  0.15s           2026-09-03T13:46:01
/opt/airflow/dags/null_spike_dag.py                              1           0  0.15s           2026-09-03T13:46:02
/opt/airflow/dags/00_seed_demo_data.py                           1           0  0.13s           2026-09-03T13:46:02
================================================================================
[2026-09-03T13:46:37.905+0000] {manager.py:878} INFO - 
================================================================================
DAG File Processing Stats

File Path                               PID    Runtime      # DAGs    # Errors  Last Runtime    Last Run
--------------------------------------  -----  ---------  --------  ----------  --------------  -------------------
/opt/airflow/dags/schema_drift_dag.py                            1           0  0.18s           2026-09-03T13:46:31
/opt/airflow/dags/flaky_etl_dag.py                               1           0  0.18s           2026-09-03T13:46:31
/opt/airflow/dags/00_seed_demo_data.py                           1           0  0.16s           2026-09-03T13:46:32
/opt/airflow/dags/null_spike_dag.py                              1           0  0.13s           2026-09-03T13:46:32
================================================================================
[2026-09-03T13:47:08.481+0000] {manager.py:878} INFO - 
================================================================================
DAG File Processing Stats

File Path                               PID    Runtime      # DAGs    # Errors  Last Runtime    Last Run
--------------------------------------  -----  ---------  --------  ----------  --------------  -------------------
/opt/airflow/dags/null_spike_dag.py                              1           0  0.12s           2026-09-03T13:47:03
/opt/airflow/dags/00_seed_demo_data.py                           1           0  0.12s           2026-09-03T13:47:03
/opt/airflow/dags/flaky_etl_dag.py                               1           0  0.12s           2026-09-03T13:47:02
/opt/airflow/dags/schema_drift_dag.py                            1           0  0.11s           2026-09-03T13:47:02
================================================================================
[2026-09-03T13:47:39.074+0000] {manager.py:878} INFO - 
================================================================================
DAG File Processing Stats

File Path                               PID    Runtime      # DAGs    # Errors  Last Runtime    Last Run
--------------------------------------  -----  ---------  --------  ----------  --------------  -------------------
/opt/airflow/dags/00_seed_demo_data.py                           1           0  0.21s           2026-09-03T13:47:34
/opt/airflow/dags/null_spike_dag.py                              1           0  0.19s           2026-09-03T13:47:34
/opt/airflow/dags/schema_drift_dag.py                            1           0  0.17s           2026-09-03T13:47:32
/opt/airflow/dags/flaky_etl_dag.py                               1           0  0.15s           2026-09-03T13:47:32
================================================================================
[2026-09-03T13:48:09.692+0000] {manager.py:878} INFO - 
================================================================================
DAG File Processing Stats

File Path                               PID    Runtime      # DAGs    # Errors  Last Runtime    Last Run
--------------------------------------  -----  ---------  --------  ----------  --------------  -------------------
/opt/airflow/dags/flaky_etl_dag.py                               1           0  0.23s           2026-09-03T13:48:03
/opt/airflow/dags/schema_drift_dag.py                            1           0  0.22s           2026-09-03T13:48:03
/opt/airflow/dags/null_spike_dag.py                              1           0  0.15s           2026-09-03T13:48:04
/opt/airflow/dags/00_seed_demo_data.py                           1           0  0.15s           2026-09-03T13:48:04
================================================================================
[2026-09-03T13:48:40.220+0000] {manager.py:878} INFO - 
================================================================================
DAG File Processing Stats

File Path                               PID    Runtime      # DAGs    # Errors  Last Runtime    Last Run
--------------------------------------  -----  ---------  --------  ----------  --------------  -------------------
/opt/airflow/dags/null_spike_dag.py                              1           0  0.16s           2026-09-03T13:48:35
/opt/airflow/dags/flaky_etl_dag.py                               1           0  0.14s           2026-09-03T13:48:34
/opt/airflow/dags/00_seed_demo_data.py                           1           0  0.13s           2026-09-03T13:48:35
/opt/airflow/dags/schema_drift_dag.py                            1           0  0.11s           2026-09-03T13:48:34
================================================================================
[2026-09-03T13:49:10.425+0000] {manager.py:878} INFO - 
================================================================================
DAG File Processing Stats

File Path                               PID    Runtime      # DAGs    # Errors  Last Runtime    Last Run
--------------------------------------  -----  ---------  --------  ----------  --------------  -------------------
/opt/airflow/dags/flaky_etl_dag.py                               1           0  0.57s           2026-09-03T13:49:05
/opt/airflow/dags/schema_drift_dag.py                            1           0  0.54s           2026-09-03T13:49:05
/opt/airflow/dags/00_seed_demo_data.py                           1           0  0.42s           2026-09-03T13:49:06
/opt/airflow/dags/null_spike_dag.py                              1           0  0.31s           2026-09-03T13:49:06
================================================================================
[2026-09-03T13:49:41.076+0000] {manager.py:878} INFO - 
================================================================================
DAG File Processing Stats

File Path                               PID    Runtime      # DAGs    # Errors  Last Runtime    Last Run
--------------------------------------  -----  ---------  --------  ----------  --------------  -------------------
/opt/airflow/dags/schema_drift_dag.py                            1           0  0.14s           2026-09-03T13:49:35
/opt/airflow/dags/flaky_etl_dag.py                               1           0  0.13s           2026-09-03T13:49:35
/opt/airflow/dags/null_spike_dag.py                              1           0  0.12s           2026-09-03T13:49:37
/opt/airflow/dags/00_seed_demo_data.py                           1           0  0.11s           2026-09-03T13:49:37
================================================================================
[2026-09-03T13:50:11.542+0000] {manager.py:878} INFO - 
================================================================================
DAG File Processing Stats

File Path                               PID    Runtime      # DAGs    # Errors  Last Runtime    Last Run
--------------------------------------  -----  ---------  --------  ----------  --------------  -------------------
/opt/airflow/dags/schema_drift_dag.py                            1           0  0.12s           2026-09-03T13:50:06
/opt/airflow/dags/null_spike_dag.py                              1           0  0.12s           2026-09-03T13:50:07
/opt/airflow/dags/flaky_etl_dag.py                               1           0  0.12s           2026-09-03T13:50:06
/opt/airflow/dags/00_seed_demo_data.py                           1           0  0.11s           2026-09-03T13:50:07
================================================================================
[2026-09-03T13:50:26.735+0000] {manager.py:737} INFO - Searching for files in /opt/airflow/dags
[2026-09-03T13:50:26.782+0000] {manager.py:740} INFO - There are 4 files in /opt/airflow/dags
[2026-09-03T13:50:42.092+0000] {manager.py:878} INFO - 
================================================================================
DAG File Processing Stats

File Path                               PID    Runtime      # DAGs    # Errors  Last Runtime    Last Run
--------------------------------------  -----  ---------  --------  ----------  --------------  -------------------
/opt/airflow/dags/schema_drift_dag.py                            1           0  0.16s           2026-09-03T13:50:37
/opt/airflow/dags/flaky_etl_dag.py                               1           0  0.16s           2026-09-03T13:50:37
/opt/airflow/dags/00_seed_demo_data.py                           1           0  0.13s           2026-09-03T13:50:38
/opt/airflow/dags/null_spike_dag.py                              1           0  0.13s           2026-09-03T13:50:38
================================================================================
[2026-09-03T13:51:12.543+0000] {manager.py:878} INFO - 
================================================================================
DAG File Processing Stats

File Path                               PID    Runtime      # DAGs    # Errors  Last Runtime    Last Run
--------------------------------------  -----  ---------  --------  ----------  --------------  -------------------
/opt/airflow/dags/null_spike_dag.py                              1           0  0.17s           2026-09-03T13:51:08
/opt/airflow/dags/00_seed_demo_data.py                           1           0  0.16s           2026-09-03T13:51:08
/opt/airflow/dags/flaky_etl_dag.py                               1           0  0.12s           2026-09-03T13:51:07
/opt/airflow/dags/schema_drift_dag.py                            1           0  0.12s           2026-09-03T13:51:07
================================================================================
[2026-09-03T13:51:43.271+0000] {manager.py:878} INFO - 
================================================================================
DAG File Processing Stats

File Path                               PID    Runtime      # DAGs    # Errors  Last Runtime    Last Run
--------------------------------------  -----  ---------  --------  ----------  --------------  -------------------
/opt/airflow/dags/flaky_etl_dag.py                               1           0  0.21s           2026-09-03T13:51:38
/opt/airflow/dags/schema_drift_dag.py                            1           0  0.18s           2026-09-03T13:51:38
/opt/airflow/dags/null_spike_dag.py                              1           0  0.13s           2026-09-03T13:51:39
/opt/airflow/dags/00_seed_demo_data.py                           1           0  0.13s           2026-09-03T13:51:39
================================================================================
[2026-09-03T13:52:13.844+0000] {manager.py:878} INFO - 
================================================================================
DAG File Processing Stats

File Path                               PID    Runtime      # DAGs    # Errors  Last Runtime    Last Run
--------------------------------------  -----  ---------  --------  ----------  --------------  -------------------
/opt/airflow/dags/null_spike_dag.py                              1           0  0.19s           2026-09-03T13:52:09
/opt/airflow/dags/00_seed_demo_data.py                           1           0  0.19s           2026-09-03T13:52:09
/opt/airflow/dags/schema_drift_dag.py                            1           0  0.14s           2026-09-03T13:52:08
/opt/airflow/dags/flaky_etl_dag.py                               1           0  0.14s           2026-09-03T13:52:08
================================================================================
[2026-09-03T13:52:44.265+0000] {manager.py:878} INFO - 
================================================================================
DAG File Processing Stats

File Path                               PID    Runtime      # DAGs    # Errors  Last Runtime    Last Run
--------------------------------------  -----  ---------  --------  ----------  --------------  -------------------
/opt/airflow/dags/flaky_etl_dag.py                               1           0  0.14s           2026-09-03T13:52:39
/opt/airflow/dags/schema_drift_dag.py                            1           0  0.14s           2026-09-03T13:52:39
/opt/airflow/dags/00_seed_demo_data.py                           1           0  0.14s           2026-09-03T13:52:40
/opt/airflow/dags/null_spike_dag.py                              1           0  0.14s           2026-09-03T13:52:40
================================================================================
[2026-09-03T13:53:14.741+0000] {manager.py:878} INFO - 
================================================================================
DAG File Processing Stats

File Path                               PID    Runtime      # DAGs    # Errors  Last Runtime    Last Run
--------------------------------------  -----  ---------  --------  ----------  --------------  -------------------
/opt/airflow/dags/flaky_etl_dag.py                               1           0  0.15s           2026-09-03T13:53:09
/opt/airflow/dags/schema_drift_dag.py                            1           0  0.14s           2026-09-03T13:53:09
/opt/airflow/dags/00_seed_demo_data.py                           1           0  0.14s           2026-09-03T13:53:10
/opt/airflow/dags/null_spike_dag.py                              1           0  0.14s           2026-09-03T13:53:10
================================================================================
[2026-09-03T13:53:45.182+0000] {manager.py:878} INFO - 
================================================================================
DAG File Processing Stats

File Path                               PID    Runtime      # DAGs    # Errors  Last Runtime    Last Run
--------------------------------------  -----  ---------  --------  ----------  --------------  -------------------
/opt/airflow/dags/null_spike_dag.py                              1           0  0.18s           2026-09-03T13:53:41
/opt/airflow/dags/00_seed_demo_data.py                           1           0  0.16s           2026-09-03T13:53:41
/opt/airflow/dags/flaky_etl_dag.py                               1           0  0.14s           2026-09-03T13:53:40
/opt/airflow/dags/schema_drift_dag.py                            1           0  0.14s           2026-09-03T13:53:40
================================================================================
[2026-09-03T13:54:15.666+0000] {manager.py:878} INFO - 
================================================================================
DAG File Processing Stats

File Path                               PID    Runtime      # DAGs    # Errors  Last Runtime    Last Run
--------------------------------------  -----  ---------  --------  ----------  --------------  -------------------
/opt/airflow/dags/schema_drift_dag.py                            1           0  0.17s           2026-09-03T13:54:10
/opt/airflow/dags/flaky_etl_dag.py                               1           0  0.17s           2026-09-03T13:54:10
/opt/airflow/dags/00_seed_demo_data.py                           1           0  0.16s           2026-09-03T13:54:11
/opt/airflow/dags/null_spike_dag.py                              1           0  0.16s           2026-09-03T13:54:11
================================================================================
[2026-09-03T13:54:46.203+0000] {manager.py:878} INFO - 
================================================================================
DAG File Processing Stats

File Path                               PID    Runtime      # DAGs    # Errors  Last Runtime    Last Run
--------------------------------------  -----  ---------  --------  ----------  --------------  -------------------
/opt/airflow/dags/schema_drift_dag.py                            1           0  0.16s           2026-09-03T13:54:41
/opt/airflow/dags/flaky_etl_dag.py                               1           0  0.16s           2026-09-03T13:54:41
/opt/airflow/dags/00_seed_demo_data.py                           1           0  0.14s           2026-09-03T13:54:42
/opt/airflow/dags/null_spike_dag.py                              1           0  0.14s           2026-09-03T13:54:42
================================================================================
[2026-09-03T13:55:16.699+0000] {manager.py:878} INFO - 
================================================================================
DAG File Processing Stats

File Path                               PID    Runtime      # DAGs    # Errors  Last Runtime    Last Run
--------------------------------------  -----  ---------  --------  ----------  --------------  -------------------
/opt/airflow/dags/null_spike_dag.py                              1           0  0.18s           2026-09-03T13:55:12
/opt/airflow/dags/00_seed_demo_data.py                           1           0  0.17s           2026-09-03T13:55:12
/opt/airflow/dags/schema_drift_dag.py                            1           0  0.16s           2026-09-03T13:55:11
/opt/airflow/dags/flaky_etl_dag.py                               1           0  0.16s           2026-09-03T13:55:11
================================================================================
[2026-09-03T13:55:26.763+0000] {manager.py:737} INFO - Searching for files in /opt/airflow/dags
[2026-09-03T13:55:26.830+0000] {manager.py:740} INFO - There are 4 files in /opt/airflow/dags
[2026-09-03T13:55:47.201+0000] {manager.py:878} INFO - 
================================================================================
DAG File Processing Stats

File Path                               PID    Runtime      # DAGs    # Errors  Last Runtime    Last Run
--------------------------------------  -----  ---------  --------  ----------  --------------  -------------------
/opt/airflow/dags/null_spike_dag.py                              1           0  0.26s           2026-09-03T13:55:43
/opt/airflow/dags/00_seed_demo_data.py                           1           0  0.22s           2026-09-03T13:55:43
/opt/airflow/dags/schema_drift_dag.py                            1           0  0.17s           2026-09-03T13:55:42
/opt/airflow/dags/flaky_etl_dag.py                               1           0  0.17s           2026-09-03T13:55:42
================================================================================
[2026-09-03T13:56:17.497+0000] {manager.py:878} INFO - 
================================================================================
DAG File Processing Stats

File Path                               PID    Runtime      # DAGs    # Errors  Last Runtime    Last Run
--------------------------------------  -----  ---------  --------  ----------  --------------  -------------------
/opt/airflow/dags/schema_drift_dag.py                            1           0  0.80s           2026-09-03T13:56:13
/opt/airflow/dags/00_seed_demo_data.py                           1           0  0.61s           2026-09-03T13:56:14
/opt/airflow/dags/flaky_etl_dag.py                               1           0  0.55s           2026-09-03T13:56:13
/opt/airflow/dags/null_spike_dag.py                              1           0  0.50s           2026-09-03T13:56:14
================================================================================
[2026-09-03T13:56:47.902+0000] {manager.py:878} INFO - 
================================================================================
DAG File Processing Stats

File Path                               PID    Runtime      # DAGs    # Errors  Last Runtime    Last Run
--------------------------------------  -----  ---------  --------  ----------  --------------  -------------------
/opt/airflow/dags/null_spike_dag.py                              1           0  0.69s           2026-09-03T13:56:45
/opt/airflow/dags/schema_drift_dag.py                            1           0  0.66s           2026-09-03T13:56:44
/opt/airflow/dags/00_seed_demo_data.py                           1           0  0.48s           2026-09-03T13:56:45
/opt/airflow/dags/flaky_etl_dag.py                               1           0  0.45s           2026-09-03T13:56:44
================================================================================
[2026-09-03T13:57:18.781+0000] {manager.py:878} INFO - 
================================================================================
DAG File Processing Stats

File Path                               PID    Runtime      # DAGs    # Errors  Last Runtime    Last Run
--------------------------------------  -----  ---------  --------  ----------  --------------  -------------------
/opt/airflow/dags/schema_drift_dag.py                            1           0  0.24s           2026-09-03T13:57:15
/opt/airflow/dags/00_seed_demo_data.py                           1           0  0.21s           2026-09-03T13:57:16
/opt/airflow/dags/flaky_etl_dag.py                               1           0  0.19s           2026-09-03T13:57:15
/opt/airflow/dags/null_spike_dag.py                              1           0  0.16s           2026-09-03T13:57:15
================================================================================
[2026-09-03T13:57:49.403+0000] {manager.py:878} INFO - 
================================================================================
DAG File Processing Stats

File Path                               PID    Runtime      # DAGs    # Errors  Last Runtime    Last Run
--------------------------------------  -----  ---------  --------  ----------  --------------  -------------------
/opt/airflow/dags/flaky_etl_dag.py                               1           0  0.27s           2026-09-03T13:57:46
/opt/airflow/dags/null_spike_dag.py                              1           0  0.25s           2026-09-03T13:57:46
/opt/airflow/dags/schema_drift_dag.py                            1           0  0.24s           2026-09-03T13:57:46
/opt/airflow/dags/00_seed_demo_data.py                           1           0  0.16s           2026-09-03T13:57:47
================================================================================
[2026-09-03T13:58:19.962+0000] {manager.py:878} INFO - 
================================================================================
DAG File Processing Stats

File Path                               PID    Runtime      # DAGs    # Errors  Last Runtime    Last Run
--------------------------------------  -----  ---------  --------  ----------  --------------  -------------------
/opt/airflow/dags/flaky_etl_dag.py                               1           0  0.14s           2026-09-03T13:58:16
/opt/airflow/dags/00_seed_demo_data.py                           1           0  0.13s           2026-09-03T13:58:17
/opt/airflow/dags/schema_drift_dag.py                            1           0  0.13s           2026-09-03T13:58:16
/opt/airflow/dags/null_spike_dag.py                              1           0  0.12s           2026-09-03T13:58:16
================================================================================
[2026-09-03T13:58:50.593+0000] {manager.py:878} INFO - 
================================================================================
DAG File Processing Stats

File Path                               PID    Runtime      # DAGs    # Errors  Last Runtime    Last Run
--------------------------------------  -----  ---------  --------  ----------  --------------  -------------------
/opt/airflow/dags/00_seed_demo_data.py                           1           0  0.18s           2026-09-03T13:58:48
/opt/airflow/dags/schema_drift_dag.py                            1           0  0.17s           2026-09-03T13:58:47
/opt/airflow/dags/flaky_etl_dag.py                               1           0  0.14s           2026-09-03T13:58:47
/opt/airflow/dags/null_spike_dag.py                              1           0  0.12s           2026-09-03T13:58:47
================================================================================
[2026-09-03T13:59:21.171+0000] {manager.py:878} INFO - 
================================================================================
DAG File Processing Stats

File Path                               PID    Runtime      # DAGs    # Errors  Last Runtime    Last Run
--------------------------------------  -----  ---------  --------  ----------  --------------  -------------------
/opt/airflow/dags/flaky_etl_dag.py                               1           0  0.14s           2026-09-03T13:59:18
/opt/airflow/dags/schema_drift_dag.py                            1           0  0.14s           2026-09-03T13:59:17
/opt/airflow/dags/null_spike_dag.py                              1           0  0.12s           2026-09-03T13:59:18
/opt/airflow/dags/00_seed_demo_data.py                           1           0  0.11s           2026-09-03T13:59:19
================================================================================
[2026-09-03T13:59:51.900+0000] {manager.py:878} INFO - 
================================================================================
DAG File Processing Stats

File Path                               PID    Runtime      # DAGs    # Errors  Last Runtime    Last Run
--------------------------------------  -----  ---------  --------  ----------  --------------  -------------------
/opt/airflow/dags/flaky_etl_dag.py                               1           0  0.17s           2026-09-03T13:59:48
/opt/airflow/dags/00_seed_demo_data.py                           1           0  0.17s           2026-09-03T13:59:49
/opt/airflow/dags/schema_drift_dag.py                            1           0  0.16s           2026-09-03T13:59:48
/opt/airflow/dags/null_spike_dag.py                              1           0  0.12s           2026-09-03T13:59:48
================================================================================
[2026-09-03T14:00:22.456+0000] {manager.py:878} INFO - 
================================================================================
DAG File Processing Stats

File Path                               PID    Runtime      # DAGs    # Errors  Last Runtime    Last Run
--------------------------------------  -----  ---------  --------  ----------  --------------  -------------------
/opt/airflow/dags/flaky_etl_dag.py                               1           0  0.17s           2026-09-03T14:00:19
/opt/airflow/dags/schema_drift_dag.py                            1           0  0.14s           2026-09-03T14:00:19
/opt/airflow/dags/00_seed_demo_data.py                           1           0  0.14s           2026-09-03T14:00:20
/opt/airflow/dags/null_spike_dag.py                              1           0  0.13s           2026-09-03T14:00:19
================================================================================
[2026-09-03T14:00:27.493+0000] {manager.py:737} INFO - Searching for files in /opt/airflow/dags
[2026-09-03T14:00:27.582+0000] {manager.py:740} INFO - There are 4 files in /opt/airflow/dags
[2026-09-03T14:00:53.141+0000] {manager.py:878} INFO - 
================================================================================
DAG File Processing Stats

File Path                               PID    Runtime      # DAGs    # Errors  Last Runtime    Last Run
--------------------------------------  -----  ---------  --------  ----------  --------------  -------------------
/opt/airflow/dags/schema_drift_dag.py                            1           0  0.14s           2026-09-03T14:00:49
/opt/airflow/dags/flaky_etl_dag.py                               1           0  0.11s           2026-09-03T14:00:49
/opt/airflow/dags/null_spike_dag.py                              1           0  0.11s           2026-09-03T14:00:50
/opt/airflow/dags/00_seed_demo_data.py                           1           0  0.11s           2026-09-03T14:00:51
================================================================================
[2026-09-03T14:01:23.842+0000] {manager.py:878} INFO - 
================================================================================
DAG File Processing Stats

File Path                               PID    Runtime      # DAGs    # Errors  Last Runtime    Last Run
--------------------------------------  -----  ---------  --------  ----------  --------------  -------------------
/opt/airflow/dags/00_seed_demo_data.py                           1           0  0.14s           2026-09-03T14:01:21
/opt/airflow/dags/schema_drift_dag.py                            1           0  0.12s           2026-09-03T14:01:20
/opt/airflow/dags/flaky_etl_dag.py                               1           0  0.12s           2026-09-03T14:01:20
/opt/airflow/dags/null_spike_dag.py                              1           0  0.11s           2026-09-03T14:01:20
================================================================================
[2026-09-03T14:01:54.601+0000] {manager.py:878} INFO - 
================================================================================
DAG File Processing Stats

File Path                               PID    Runtime      # DAGs    # Errors  Last Runtime    Last Run
--------------------------------------  -----  ---------  --------  ----------  --------------  -------------------
/opt/airflow/dags/flaky_etl_dag.py                               1           0  0.17s           2026-09-03T14:01:51
/opt/airflow/dags/schema_drift_dag.py                            1           0  0.16s           2026-09-03T14:01:51
/opt/airflow/dags/00_seed_demo_data.py                           1           0  0.16s           2026-09-03T14:01:52
/opt/airflow/dags/null_spike_dag.py                              1           0  0.11s           2026-09-03T14:01:51
================================================================================
[2026-09-03T14:02:25.259+0000] {manager.py:878} INFO - 
================================================================================
DAG File Processing Stats

File Path                               PID    Runtime      # DAGs    # Errors  Last Runtime    Last Run
--------------------------------------  -----  ---------  --------  ----------  --------------  -------------------
/opt/airflow/dags/00_seed_demo_data.py                           1           0  0.15s           2026-09-03T14:02:23
/opt/airflow/dags/flaky_etl_dag.py                               1           0  0.13s           2026-09-03T14:02:22
/opt/airflow/dags/schema_drift_dag.py                            1           0  0.12s           2026-09-03T14:02:22
/opt/airflow/dags/null_spike_dag.py                              1           0  0.11s           2026-09-03T14:02:22
================================================================================
[2026-09-03T14:02:56.063+0000] {manager.py:878} INFO - 
================================================================================
DAG File Processing Stats

File Path                               PID    Runtime      # DAGs    # Errors  Last Runtime    Last Run
--------------------------------------  -----  ---------  --------  ----------  --------------  -------------------
/opt/airflow/dags/flaky_etl_dag.py                               1           0  0.16s           2026-09-03T14:02:52
/opt/airflow/dags/schema_drift_dag.py                            1           0  0.15s           2026-09-03T14:02:52
/opt/airflow/dags/00_seed_demo_data.py                           1           0  0.12s           2026-09-03T14:02:54
/opt/airflow/dags/null_spike_dag.py                              1           0  0.11s           2026-09-03T14:02:53
================================================================================
[2026-09-03T14:03:26.732+0000] {manager.py:878} INFO - 
================================================================================
DAG File Processing Stats

File Path                               PID    Runtime      # DAGs    # Errors  Last Runtime    Last Run
--------------------------------------  -----  ---------  --------  ----------  --------------  -------------------
/opt/airflow/dags/schema_drift_dag.py                            1           0  0.17s           2026-09-03T14:03:23
/opt/airflow/dags/flaky_etl_dag.py                               1           0  0.15s           2026-09-03T14:03:23
/opt/airflow/dags/00_seed_demo_data.py                           1           0  0.12s           2026-09-03T14:03:24
/opt/airflow/dags/null_spike_dag.py                              1           0  0.11s           2026-09-03T14:03:23
================================================================================
[2026-09-03T14:03:57.355+0000] {manager.py:878} INFO - 
================================================================================
DAG File Processing Stats

File Path                               PID    Runtime      # DAGs    # Errors  Last Runtime    Last Run
--------------------------------------  -----  ---------  --------  ----------  --------------  -------------------
/opt/airflow/dags/flaky_etl_dag.py                               1           0  0.12s           2026-09-03T14:03:54
/opt/airflow/dags/schema_drift_dag.py                            1           0  0.12s           2026-09-03T14:03:54
/opt/airflow/dags/null_spike_dag.py                              1           0  0.11s           2026-09-03T14:03:54
/opt/airflow/dags/00_seed_demo_data.py                           1           0  0.11s           2026-09-03T14:03:55
================================================================================
[2026-09-03T14:04:28.115+0000] {manager.py:878} INFO - 
================================================================================
DAG File Processing Stats

File Path                               PID    Runtime      # DAGs    # Errors  Last Runtime    Last Run
--------------------------------------  -----  ---------  --------  ----------  --------------  -------------------
/opt/airflow/dags/00_seed_demo_data.py                           1           0  0.17s           2026-09-03T14:04:26
/opt/airflow/dags/flaky_etl_dag.py                               1           0  0.16s           2026-09-03T14:04:24
/opt/airflow/dags/null_spike_dag.py                              1           0  0.15s           2026-09-03T14:04:25
/opt/airflow/dags/schema_drift_dag.py                            1           0  0.15s           2026-09-03T14:04:24
================================================================================
[2026-09-03T14:04:58.765+0000] {manager.py:878} INFO - 
================================================================================
DAG File Processing Stats

File Path                               PID    Runtime      # DAGs    # Errors  Last Runtime    Last Run
--------------------------------------  -----  ---------  --------  ----------  --------------  -------------------
/opt/airflow/dags/00_seed_demo_data.py                           1           0  0.34s           2026-09-03T14:04:56
/opt/airflow/dags/schema_drift_dag.py                            1           0  0.21s           2026-09-03T14:04:55
/opt/airflow/dags/flaky_etl_dag.py                               1           0  0.17s           2026-09-03T14:04:55
/opt/airflow/dags/null_spike_dag.py                              1           0  0.15s           2026-09-03T14:04:55
================================================================================
[2026-09-03T14:05:28.362+0000] {manager.py:737} INFO - Searching for files in /opt/airflow/dags
[2026-09-03T14:05:28.414+0000] {manager.py:740} INFO - There are 4 files in /opt/airflow/dags
[2026-09-03T14:05:29.428+0000] {manager.py:878} INFO - 
================================================================================
DAG File Processing Stats

File Path                               PID    Runtime      # DAGs    # Errors  Last Runtime    Last Run
--------------------------------------  -----  ---------  --------  ----------  --------------  -------------------
/opt/airflow/dags/flaky_etl_dag.py                               1           0  0.16s           2026-09-03T14:05:26
/opt/airflow/dags/schema_drift_dag.py                            1           0  0.14s           2026-09-03T14:05:26
/opt/airflow/dags/00_seed_demo_data.py                           1           0  0.14s           2026-09-03T14:05:27
/opt/airflow/dags/null_spike_dag.py                              1           0  0.12s           2026-09-03T14:05:26
================================================================================
[2026-09-03T14:06:00.254+0000] {manager.py:878} INFO - 
================================================================================
DAG File Processing Stats

File Path                               PID    Runtime      # DAGs    # Errors  Last Runtime    Last Run
--------------------------------------  -----  ---------  --------  ----------  --------------  -------------------
/opt/airflow/dags/schema_drift_dag.py                            1           0  0.25s           2026-09-03T14:05:57
/opt/airflow/dags/flaky_etl_dag.py                               1           0  0.25s           2026-09-03T14:05:57
/opt/airflow/dags/00_seed_demo_data.py                           1           0  0.15s           2026-09-03T14:05:58
/opt/airflow/dags/null_spike_dag.py                              1           0  0.15s           2026-09-03T14:05:57
================================================================================
[2026-09-03T14:06:30.945+0000] {manager.py:878} INFO - 
================================================================================
DAG File Processing Stats

File Path                               PID    Runtime      # DAGs    # Errors  Last Runtime    Last Run
--------------------------------------  -----  ---------  --------  ----------  --------------  -------------------
/opt/airflow/dags/flaky_etl_dag.py                               1           0  0.13s           2026-09-03T14:06:27
/opt/airflow/dags/00_seed_demo_data.py                           1           0  0.12s           2026-09-03T14:06:28
/opt/airflow/dags/schema_drift_dag.py                            1           0  0.12s           2026-09-03T14:06:27
/opt/airflow/dags/null_spike_dag.py                              1           0  0.11s           2026-09-03T14:06:27
================================================================================
[2026-09-03T14:07:01.634+0000] {manager.py:878} INFO - 
================================================================================
DAG File Processing Stats

File Path                               PID    Runtime      # DAGs    # Errors  Last Runtime    Last Run
--------------------------------------  -----  ---------  --------  ----------  --------------  -------------------
/opt/airflow/dags/flaky_etl_dag.py                               1           0  0.15s           2026-09-03T14:06:58
/opt/airflow/dags/00_seed_demo_data.py                           1           0  0.15s           2026-09-03T14:06:59
/opt/airflow/dags/schema_drift_dag.py                            1           0  0.12s           2026-09-03T14:06:58
/opt/airflow/dags/null_spike_dag.py                              1           0  0.12s           2026-09-03T14:06:58
================================================================================
[2026-09-03T14:07:32.277+0000] {manager.py:878} INFO - 
================================================================================
DAG File Processing Stats

File Path                               PID    Runtime      # DAGs    # Errors  Last Runtime    Last Run
--------------------------------------  -----  ---------  --------  ----------  --------------  -------------------
/opt/airflow/dags/flaky_etl_dag.py                               1           0  0.17s           2026-09-03T14:07:29
/opt/airflow/dags/schema_drift_dag.py                            1           0  0.17s           2026-09-03T14:07:29
/opt/airflow/dags/null_spike_dag.py                              1           0  0.13s           2026-09-03T14:07:29
/opt/airflow/dags/00_seed_demo_data.py                           1           0  0.11s           2026-09-03T14:07:30
================================================================================
[2026-09-03T14:08:02.798+0000] {manager.py:878} INFO - 
================================================================================
DAG File Processing Stats

File Path                               PID    Runtime      # DAGs    # Errors  Last Runtime    Last Run
--------------------------------------  -----  ---------  --------  ----------  --------------  -------------------
/opt/airflow/dags/flaky_etl_dag.py                               1           0  0.13s           2026-09-03T14:07:59
/opt/airflow/dags/schema_drift_dag.py                            1           0  0.13s           2026-09-03T14:07:59
/opt/airflow/dags/null_spike_dag.py                              1           0  0.12s           2026-09-03T14:07:59
/opt/airflow/dags/00_seed_demo_data.py                           1           0  0.11s           2026-09-03T14:08:00
================================================================================
[2026-09-03T14:08:33.411+0000] {manager.py:878} INFO - 
================================================================================
DAG File Processing Stats

File Path                               PID    Runtime      # DAGs    # Errors  Last Runtime    Last Run
--------------------------------------  -----  ---------  --------  ----------  --------------  -------------------
/opt/airflow/dags/flaky_etl_dag.py                               1           0  0.14s           2026-09-03T14:08:30
/opt/airflow/dags/schema_drift_dag.py                            1           0  0.14s           2026-09-03T14:08:30
/opt/airflow/dags/null_spike_dag.py                              1           0  0.11s           2026-09-03T14:08:30
/opt/airflow/dags/00_seed_demo_data.py                           1           0  0.10s           2026-09-03T14:08:31
================================================================================
[2026-09-03T14:09:04.155+0000] {manager.py:878} INFO - 
================================================================================
DAG File Processing Stats

File Path                               PID    Runtime      # DAGs    # Errors  Last Runtime    Last Run
--------------------------------------  -----  ---------  --------  ----------  --------------  -------------------
/opt/airflow/dags/flaky_etl_dag.py                               1           0  0.20s           2026-09-03T14:09:01
/opt/airflow/dags/schema_drift_dag.py                            1           0  0.19s           2026-09-03T14:09:00
/opt/airflow/dags/00_seed_demo_data.py                           1           0  0.12s           2026-09-03T14:09:02
/opt/airflow/dags/null_spike_dag.py                              1           0  0.11s           2026-09-03T14:09:01
================================================================================
[2026-09-03T14:09:34.851+0000] {manager.py:878} INFO - 
================================================================================
DAG File Processing Stats

File Path                               PID    Runtime      # DAGs    # Errors  Last Runtime    Last Run
--------------------------------------  -----  ---------  --------  ----------  --------------  -------------------
/opt/airflow/dags/flaky_etl_dag.py                               1           0  0.12s           2026-09-03T14:09:31
/opt/airflow/dags/schema_drift_dag.py                            1           0  0.11s           2026-09-03T14:09:31
/opt/airflow/dags/null_spike_dag.py                              1           0  0.11s           2026-09-03T14:09:31
/opt/airflow/dags/00_seed_demo_data.py                           1           0  0.11s           2026-09-03T14:09:32
================================================================================
[2026-09-03T14:10:05.531+0000] {manager.py:878} INFO - 
================================================================================
DAG File Processing Stats

File Path                               PID    Runtime      # DAGs    # Errors  Last Runtime    Last Run
--------------------------------------  -----  ---------  --------  ----------  --------------  -------------------
/opt/airflow/dags/schema_drift_dag.py                            1           0  0.19s           2026-09-03T14:10:02
/opt/airflow/dags/flaky_etl_dag.py                               1           0  0.15s           2026-09-03T14:10:02
/opt/airflow/dags/00_seed_demo_data.py                           1           0  0.13s           2026-09-03T14:10:03
/opt/airflow/dags/null_spike_dag.py                              1           0  0.12s           2026-09-03T14:10:02
================================================================================
[2026-09-03T14:10:28.900+0000] {manager.py:737} INFO - Searching for files in /opt/airflow/dags
[2026-09-03T15:22:38.827+0000] {manager.py:740} INFO - There are 4 files in /opt/airflow/dags
[2026-09-03T15:22:39.360+0000] {manager.py:737} INFO - Searching for files in /opt/airflow/dags
[2026-09-03T15:22:39.937+0000] {manager.py:740} INFO - There are 4 files in /opt/airflow/dags
[2026-09-03T15:22:44.820+0000] {manager.py:878} INFO - 
================================================================================
DAG File Processing Stats

File Path                               PID    Runtime      # DAGs    # Errors  Last Runtime    Last Run
--------------------------------------  -----  ---------  --------  ----------  --------------  -------------------
/opt/airflow/dags/00_seed_demo_data.py                           1           0  1.19s           2026-09-03T15:22:41
/opt/airflow/dags/null_spike_dag.py                              1           0  1.08s           2026-09-03T15:22:41
/opt/airflow/dags/schema_drift_dag.py                            1           0  0.88s           2026-09-03T15:22:40
/opt/airflow/dags/flaky_etl_dag.py                               1           0  0.69s           2026-09-03T15:22:40
================================================================================
[2026-09-03T15:23:15.777+0000] {manager.py:878} INFO - 
================================================================================
DAG File Processing Stats

File Path                               PID    Runtime      # DAGs    # Errors  Last Runtime    Last Run
--------------------------------------  -----  ---------  --------  ----------  --------------  -------------------
/opt/airflow/dags/null_spike_dag.py                              1           0  0.22s           2026-09-03T15:23:11
/opt/airflow/dags/schema_drift_dag.py                            1           0  0.19s           2026-09-03T15:23:10
/opt/airflow/dags/flaky_etl_dag.py                               1           0  0.19s           2026-09-03T15:23:10
/opt/airflow/dags/00_seed_demo_data.py                           1           0  0.17s           2026-09-03T15:23:11
================================================================================
[2026-09-03T15:23:46.249+0000] {manager.py:878} INFO - 
================================================================================
DAG File Processing Stats

File Path                               PID    Runtime      # DAGs    # Errors  Last Runtime    Last Run
--------------------------------------  -----  ---------  --------  ----------  --------------  -------------------
/opt/airflow/dags/schema_drift_dag.py                            1           0  0.19s           2026-09-03T15:23:41
/opt/airflow/dags/flaky_etl_dag.py                               1           0  0.18s           2026-09-03T15:23:41
/opt/airflow/dags/null_spike_dag.py                              1           0  0.15s           2026-09-03T15:23:42
/opt/airflow/dags/00_seed_demo_data.py                           1           0  0.15s           2026-09-03T15:23:42
================================================================================
[2026-09-03T15:24:16.772+0000] {manager.py:878} INFO - 
================================================================================
DAG File Processing Stats

File Path                               PID    Runtime      # DAGs    # Errors  Last Runtime    Last Run
--------------------------------------  -----  ---------  --------  ----------  --------------  -------------------
/opt/airflow/dags/schema_drift_dag.py                            1           0  0.14s           2026-09-03T15:24:11
/opt/airflow/dags/00_seed_demo_data.py                           1           0  0.12s           2026-09-03T15:24:12
/opt/airflow/dags/flaky_etl_dag.py                               1           0  0.12s           2026-09-03T15:24:11
/opt/airflow/dags/null_spike_dag.py                              1           0  0.12s           2026-09-03T15:24:12
================================================================================
[2026-09-03T15:24:47.274+0000] {manager.py:878} INFO - 
================================================================================
DAG File Processing Stats

File Path                               PID    Runtime      # DAGs    # Errors  Last Runtime    Last Run
--------------------------------------  -----  ---------  --------  ----------  --------------  -------------------
/opt/airflow/dags/null_spike_dag.py                              1           0  0.17s           2026-09-03T15:24:43
/opt/airflow/dags/00_seed_demo_data.py                           1           0  0.16s           2026-09-03T15:24:43
/opt/airflow/dags/schema_drift_dag.py                            1           0  0.15s           2026-09-03T15:24:42
/opt/airflow/dags/flaky_etl_dag.py                               1           0  0.12s           2026-09-03T15:24:42
================================================================================
[2026-09-03T15:25:17.839+0000] {manager.py:878} INFO - 
================================================================================
DAG File Processing Stats

File Path                               PID    Runtime      # DAGs    # Errors  Last Runtime    Last Run
--------------------------------------  -----  ---------  --------  ----------  --------------  -------------------
/opt/airflow/dags/null_spike_dag.py                              1           0  0.13s           2026-09-03T15:25:13
/opt/airflow/dags/schema_drift_dag.py                            1           0  0.12s           2026-09-03T15:25:12
/opt/airflow/dags/flaky_etl_dag.py                               1           0  0.12s           2026-09-03T15:25:12
/opt/airflow/dags/00_seed_demo_data.py                           1           0  0.12s           2026-09-03T15:25:13
================================================================================
[2026-09-03T15:25:48.342+0000] {manager.py:878} INFO - 
================================================================================
DAG File Processing Stats

File Path                               PID    Runtime      # DAGs    # Errors  Last Runtime    Last Run
--------------------------------------  -----  ---------  --------  ----------  --------------  -------------------
/opt/airflow/dags/flaky_etl_dag.py                               1           0  0.16s           2026-09-03T15:25:43
/opt/airflow/dags/schema_drift_dag.py                            1           0  0.16s           2026-09-03T15:25:43
/opt/airflow/dags/null_spike_dag.py                              1           0  0.15s           2026-09-03T15:25:44
/opt/airflow/dags/00_seed_demo_data.py                           1           0  0.15s           2026-09-03T15:25:44
================================================================================
[2026-09-03T15:26:18.818+0000] {manager.py:878} INFO - 
================================================================================
DAG File Processing Stats

File Path                               PID    Runtime      # DAGs    # Errors  Last Runtime    Last Run
--------------------------------------  -----  ---------  --------  ----------  --------------  -------------------
/opt/airflow/dags/schema_drift_dag.py                            1           0  0.15s           2026-09-03T15:26:13
/opt/airflow/dags/null_spike_dag.py                              1           0  0.15s           2026-09-03T15:26:14
/opt/airflow/dags/00_seed_demo_data.py                           1           0  0.15s           2026-09-03T15:26:14
/opt/airflow/dags/flaky_etl_dag.py                               1           0  0.14s           2026-09-03T15:26:13
================================================================================
[2026-09-03T15:26:49.359+0000] {manager.py:878} INFO - 
================================================================================
DAG File Processing Stats

File Path                               PID    Runtime      # DAGs    # Errors  Last Runtime    Last Run
--------------------------------------  -----  ---------  --------  ----------  --------------  -------------------
/opt/airflow/dags/flaky_etl_dag.py                               1           0  0.18s           2026-09-03T15:26:44
/opt/airflow/dags/schema_drift_dag.py                            1           0  0.17s           2026-09-03T15:26:44
/opt/airflow/dags/null_spike_dag.py                              1           0  0.12s           2026-09-03T15:26:45
/opt/airflow/dags/00_seed_demo_data.py                           1           0  0.12s           2026-09-03T15:26:45
================================================================================
[2026-09-03T15:27:20.002+0000] {manager.py:878} INFO - 
================================================================================
DAG File Processing Stats

File Path                               PID    Runtime      # DAGs    # Errors  Last Runtime    Last Run
--------------------------------------  -----  ---------  --------  ----------  --------------  -------------------
/opt/airflow/dags/schema_drift_dag.py                            1           0  0.12s           2026-09-03T15:27:14
/opt/airflow/dags/flaky_etl_dag.py                               1           0  0.12s           2026-09-03T15:27:14
/opt/airflow/dags/null_spike_dag.py                              1           0  0.12s           2026-09-03T15:27:15
/opt/airflow/dags/00_seed_demo_data.py                           1           0  0.12s           2026-09-03T15:27:15
================================================================================
[2026-09-03T15:27:40.193+0000] {manager.py:737} INFO - Searching for files in /opt/airflow/dags
[2026-09-03T15:27:40.236+0000] {manager.py:740} INFO - There are 4 files in /opt/airflow/dags
[2026-09-03T15:27:50.676+0000] {manager.py:878} INFO - 
================================================================================
DAG File Processing Stats

File Path                               PID    Runtime      # DAGs    # Errors  Last Runtime    Last Run
--------------------------------------  -----  ---------  --------  ----------  --------------  -------------------
/opt/airflow/dags/null_spike_dag.py                              1           0  0.16s           2026-09-03T15:27:46
/opt/airflow/dags/flaky_etl_dag.py                               1           0  0.15s           2026-09-03T15:27:45
/opt/airflow/dags/00_seed_demo_data.py                           1           0  0.14s           2026-09-03T15:27:46
/opt/airflow/dags/schema_drift_dag.py                            1           0  0.12s           2026-09-03T15:27:45
================================================================================
[2026-09-03T15:28:21.151+0000] {manager.py:878} INFO - 
================================================================================
DAG File Processing Stats

File Path                               PID    Runtime      # DAGs    # Errors  Last Runtime    Last Run
--------------------------------------  -----  ---------  --------  ----------  --------------  -------------------
/opt/airflow/dags/null_spike_dag.py                              1           0  0.12s           2026-09-03T15:28:17
/opt/airflow/dags/flaky_etl_dag.py                               1           0  0.12s           2026-09-03T15:28:16
/opt/airflow/dags/00_seed_demo_data.py                           1           0  0.12s           2026-09-03T15:28:17
/opt/airflow/dags/schema_drift_dag.py                            1           0  0.12s           2026-09-03T15:28:16
================================================================================
[2026-09-03T15:28:51.814+0000] {manager.py:878} INFO - 
================================================================================
DAG File Processing Stats

File Path                               PID    Runtime      # DAGs    # Errors  Last Runtime    Last Run
--------------------------------------  -----  ---------  --------  ----------  --------------  -------------------
/opt/airflow/dags/null_spike_dag.py                              1           0  0.15s           2026-09-03T15:28:47
/opt/airflow/dags/00_seed_demo_data.py                           1           0  0.14s           2026-09-03T15:28:47
/opt/airflow/dags/schema_drift_dag.py                            1           0  0.13s           2026-09-03T15:28:46
/opt/airflow/dags/flaky_etl_dag.py                               1           0  0.12s           2026-09-03T15:28:46
================================================================================
[2026-09-03T15:29:22.250+0000] {manager.py:878} INFO - 
================================================================================
DAG File Processing Stats

File Path                               PID    Runtime      # DAGs    # Errors  Last Runtime    Last Run
--------------------------------------  -----  ---------  --------  ----------  --------------  -------------------
/opt/airflow/dags/null_spike_dag.py                              1           0  0.14s           2026-09-03T15:29:18
/opt/airflow/dags/00_seed_demo_data.py                           1           0  0.13s           2026-09-03T15:29:18
/opt/airflow/dags/schema_drift_dag.py                            1           0  0.12s           2026-09-03T15:29:17
/opt/airflow/dags/flaky_etl_dag.py                               1           0  0.12s           2026-09-03T15:29:17
================================================================================
[2026-09-03T15:29:52.815+0000] {manager.py:878} INFO - 
================================================================================
DAG File Processing Stats

File Path                               PID    Runtime      # DAGs    # Errors  Last Runtime    Last Run
--------------------------------------  -----  ---------  --------  ----------  --------------  -------------------
/opt/airflow/dags/schema_drift_dag.py                            1           0  0.17s           2026-09-03T15:29:47
/opt/airflow/dags/flaky_etl_dag.py                               1           0  0.14s           2026-09-03T15:29:47
/opt/airflow/dags/null_spike_dag.py                              1           0  0.14s           2026-09-03T15:29:48
/opt/airflow/dags/00_seed_demo_data.py                           1           0  0.13s           2026-09-03T15:29:48
================================================================================
[2026-09-03T15:30:23.583+0000] {manager.py:878} INFO - 
================================================================================
DAG File Processing Stats

File Path                               PID    Runtime      # DAGs    # Errors  Last Runtime    Last Run
--------------------------------------  -----  ---------  --------  ----------  --------------  -------------------
/opt/airflow/dags/null_spike_dag.py                              1           0  0.30s           2026-09-03T15:30:19
/opt/airflow/dags/00_seed_demo_data.py                           1           0  0.29s           2026-09-03T15:30:19
/opt/airflow/dags/schema_drift_dag.py                            1           0  0.18s           2026-09-03T15:30:18
/opt/airflow/dags/flaky_etl_dag.py                               1           0  0.17s           2026-09-03T15:30:18
================================================================================
[2026-09-03T15:30:54.074+0000] {manager.py:878} INFO - 
================================================================================
DAG File Processing Stats

File Path                               PID    Runtime      # DAGs    # Errors  Last Runtime    Last Run
--------------------------------------  -----  ---------  --------  ----------  --------------  -------------------
/opt/airflow/dags/null_spike_dag.py                              1           0  0.16s           2026-09-03T15:30:50
/opt/airflow/dags/00_seed_demo_data.py                           1           0  0.15s           2026-09-03T15:30:50
/opt/airflow/dags/flaky_etl_dag.py                               1           0  0.13s           2026-09-03T15:30:49
/opt/airflow/dags/schema_drift_dag.py                            1           0  0.13s           2026-09-03T15:30:49
================================================================================
[2026-09-03T15:31:24.592+0000] {manager.py:878} INFO - 
================================================================================
DAG File Processing Stats

File Path                               PID    Runtime      # DAGs    # Errors  Last Runtime    Last Run
--------------------------------------  -----  ---------  --------  ----------  --------------  -------------------
/opt/airflow/dags/null_spike_dag.py                              1           0  0.16s           2026-09-03T15:31:20
/opt/airflow/dags/flaky_etl_dag.py                               1           0  0.15s           2026-09-03T15:31:19
/opt/airflow/dags/schema_drift_dag.py                            1           0  0.15s           2026-09-03T15:31:19
/opt/airflow/dags/00_seed_demo_data.py                           1           0  0.15s           2026-09-03T15:31:20
================================================================================
[2026-09-03T15:31:55.422+0000] {manager.py:878} INFO - 
================================================================================
DAG File Processing Stats

File Path                               PID    Runtime      # DAGs    # Errors  Last Runtime    Last Run
--------------------------------------  -----  ---------  --------  ----------  --------------  -------------------
/opt/airflow/dags/schema_drift_dag.py                            1           0  0.30s           2026-09-03T15:31:50
/opt/airflow/dags/flaky_etl_dag.py                               1           0  0.30s           2026-09-03T15:31:50
/opt/airflow/dags/null_spike_dag.py                              1           0  0.21s           2026-09-03T15:31:51
/opt/airflow/dags/00_seed_demo_data.py                           1           0  0.18s           2026-09-03T15:31:51
================================================================================
[2026-09-03T15:32:25.979+0000] {manager.py:878} INFO - 
================================================================================
DAG File Processing Stats

File Path                               PID    Runtime      # DAGs    # Errors  Last Runtime    Last Run
--------------------------------------  -----  ---------  --------  ----------  --------------  -------------------
/opt/airflow/dags/schema_drift_dag.py                            1           0  0.38s           2026-09-03T15:32:21
/opt/airflow/dags/flaky_etl_dag.py                               1           0  0.37s           2026-09-03T15:32:21
/opt/airflow/dags/null_spike_dag.py                              1           0  0.22s           2026-09-03T15:32:22
/opt/airflow/dags/00_seed_demo_data.py                           1           0  0.19s           2026-09-03T15:32:22
================================================================================
[2026-09-03T15:32:40.314+0000] {manager.py:737} INFO - Searching for files in /opt/airflow/dags
[2026-09-03T15:32:40.374+0000] {manager.py:740} INFO - There are 4 files in /opt/airflow/dags
[2026-09-03T15:32:56.624+0000] {manager.py:878} INFO - 
================================================================================
DAG File Processing Stats

File Path                               PID    Runtime      # DAGs    # Errors  Last Runtime    Last Run
--------------------------------------  -----  ---------  --------  ----------  --------------  -------------------
/opt/airflow/dags/schema_drift_dag.py                            1           0  0.32s           2026-09-03T15:32:51
/opt/airflow/dags/flaky_etl_dag.py                               1           0  0.28s           2026-09-03T15:32:51
/opt/airflow/dags/null_spike_dag.py                              1           0  0.21s           2026-09-03T15:32:52
/opt/airflow/dags/00_seed_demo_data.py                           1           0  0.21s           2026-09-03T15:32:52
================================================================================
[2026-09-03T15:33:27.073+0000] {manager.py:878} INFO - 
================================================================================
DAG File Processing Stats

File Path                               PID    Runtime      # DAGs    # Errors  Last Runtime    Last Run
--------------------------------------  -----  ---------  --------  ----------  --------------  -------------------
/opt/airflow/dags/00_seed_demo_data.py                           1           0  0.18s           2026-09-03T15:33:23
/opt/airflow/dags/null_spike_dag.py                              1           0  0.18s           2026-09-03T15:33:23
/opt/airflow/dags/flaky_etl_dag.py                               1           0  0.16s           2026-09-03T15:33:22
/opt/airflow/dags/schema_drift_dag.py                            1           0  0.16s           2026-09-03T15:33:22
================================================================================
[2026-09-03T15:33:57.688+0000] {manager.py:878} INFO - 
================================================================================
DAG File Processing Stats

File Path                               PID    Runtime      # DAGs    # Errors  Last Runtime    Last Run
--------------------------------------  -----  ---------  --------  ----------  --------------  -------------------
/opt/airflow/dags/null_spike_dag.py                              1           0  0.18s           2026-09-03T15:33:53
/opt/airflow/dags/00_seed_demo_data.py                           1           0  0.16s           2026-09-03T15:33:53
/opt/airflow/dags/flaky_etl_dag.py                               1           0  0.15s           2026-09-03T15:33:52
/opt/airflow/dags/schema_drift_dag.py                            1           0  0.15s           2026-09-03T15:33:52
================================================================================
[2026-09-03T15:34:28.193+0000] {manager.py:878} INFO - 
================================================================================
DAG File Processing Stats

File Path                               PID    Runtime      # DAGs    # Errors  Last Runtime    Last Run
--------------------------------------  -----  ---------  --------  ----------  --------------  -------------------
/opt/airflow/dags/flaky_etl_dag.py                               1           0  0.17s           2026-09-03T15:34:23
/opt/airflow/dags/null_spike_dag.py                              1           0  0.16s           2026-09-03T15:34:24
/opt/airflow/dags/00_seed_demo_data.py                           1           0  0.16s           2026-09-03T15:34:24
/opt/airflow/dags/schema_drift_dag.py                            1           0  0.16s           2026-09-03T15:34:23
================================================================================
[2026-09-03T15:34:59.000+0000] {manager.py:878} INFO - 
================================================================================
DAG File Processing Stats

File Path                               PID    Runtime      # DAGs    # Errors  Last Runtime    Last Run
--------------------------------------  -----  ---------  --------  ----------  --------------  -------------------
/opt/airflow/dags/flaky_etl_dag.py                               1           0  0.20s           2026-09-03T15:34:53
/opt/airflow/dags/00_seed_demo_data.py                           1           0  0.16s           2026-09-03T15:34:54
/opt/airflow/dags/null_spike_dag.py                              1           0  0.15s           2026-09-03T15:34:54
/opt/airflow/dags/schema_drift_dag.py                            1           0  0.15s           2026-09-03T15:34:53
================================================================================
[2026-09-03T15:35:29.198+0000] {manager.py:878} INFO - 
================================================================================
DAG File Processing Stats

File Path                               PID    Runtime      # DAGs    # Errors  Last Runtime    Last Run
--------------------------------------  -----  ---------  --------  ----------  --------------  -------------------
/opt/airflow/dags/null_spike_dag.py                              1           0  0.33s           2026-09-03T15:35:26
/opt/airflow/dags/00_seed_demo_data.py                           1           0  0.32s           2026-09-03T15:35:26
/opt/airflow/dags/schema_drift_dag.py                            1           0  0.25s           2026-09-03T15:35:24
/opt/airflow/dags/flaky_etl_dag.py                               1           0  0.24s           2026-09-03T15:35:24
================================================================================
[2026-09-03T15:35:59.616+0000] {manager.py:878} INFO - 
================================================================================
DAG File Processing Stats

File Path                               PID    Runtime      # DAGs    # Errors  Last Runtime    Last Run
--------------------------------------  -----  ---------  --------  ----------  --------------  -------------------
/opt/airflow/dags/null_spike_dag.py                              1           0  0.21s           2026-09-03T15:35:56
/opt/airflow/dags/flaky_etl_dag.py                               1           0  0.20s           2026-09-03T15:35:55
/opt/airflow/dags/00_seed_demo_data.py                           1           0  0.20s           2026-09-03T15:35:56
/opt/airflow/dags/schema_drift_dag.py                            1           0  0.19s           2026-09-03T15:35:55
================================================================================
[2026-09-03T15:36:30.134+0000] {manager.py:878} INFO - 
================================================================================
DAG File Processing Stats

File Path                               PID    Runtime      # DAGs    # Errors  Last Runtime    Last Run
--------------------------------------  -----  ---------  --------  ----------  --------------  -------------------
/opt/airflow/dags/null_spike_dag.py                              1           0  0.21s           2026-09-03T15:36:27
/opt/airflow/dags/00_seed_demo_data.py                           1           0  0.21s           2026-09-03T15:36:27
/opt/airflow/dags/schema_drift_dag.py                            1           0  0.19s           2026-09-03T15:36:26
/opt/airflow/dags/flaky_etl_dag.py                               1           0  0.19s           2026-09-03T15:36:26
================================================================================
[2026-09-03T15:37:00.781+0000] {manager.py:878} INFO - 
================================================================================
DAG File Processing Stats

File Path                               PID    Runtime      # DAGs    # Errors  Last Runtime    Last Run
--------------------------------------  -----  ---------  --------  ----------  --------------  -------------------
/opt/airflow/dags/flaky_etl_dag.py                               1           0  0.19s           2026-09-03T15:36:56
/opt/airflow/dags/schema_drift_dag.py                            1           0  0.19s           2026-09-03T15:36:56
/opt/airflow/dags/00_seed_demo_data.py                           1           0  0.15s           2026-09-03T15:36:57
/opt/airflow/dags/null_spike_dag.py                              1           0  0.15s           2026-09-03T15:36:57
================================================================================
[2026-09-03T15:37:31.685+0000] {manager.py:878} INFO - 
================================================================================
DAG File Processing Stats

File Path                               PID    Runtime      # DAGs    # Errors  Last Runtime    Last Run
--------------------------------------  -----  ---------  --------  ----------  --------------  -------------------
/opt/airflow/dags/null_spike_dag.py                              1           0  0.30s           2026-09-03T15:37:28
/opt/airflow/dags/00_seed_demo_data.py                           1           0  0.30s           2026-09-03T15:37:28
/opt/airflow/dags/schema_drift_dag.py                            1           0  0.22s           2026-09-03T15:37:27
/opt/airflow/dags/flaky_etl_dag.py                               1           0  0.22s           2026-09-03T15:37:27
================================================================================
[2026-09-03T15:37:40.772+0000] {manager.py:737} INFO - Searching for files in /opt/airflow/dags
[2026-09-03T15:37:40.825+0000] {manager.py:740} INFO - There are 4 files in /opt/airflow/dags
[2026-09-03T15:38:02.470+0000] {manager.py:878} INFO - 
================================================================================
DAG File Processing Stats

File Path                               PID    Runtime      # DAGs    # Errors  Last Runtime    Last Run
--------------------------------------  -----  ---------  --------  ----------  --------------  -------------------
/opt/airflow/dags/null_spike_dag.py                              1           0  0.33s           2026-09-03T15:37:59
/opt/airflow/dags/00_seed_demo_data.py                           1           0  0.32s           2026-09-03T15:37:59
/opt/airflow/dags/flaky_etl_dag.py                               1           0  0.17s           2026-09-03T15:37:58
/opt/airflow/dags/schema_drift_dag.py                            1           0  0.17s           2026-09-03T15:37:58
================================================================================
[2026-09-03T15:38:33.163+0000] {manager.py:878} INFO - 
================================================================================
DAG File Processing Stats

File Path                               PID    Runtime      # DAGs    # Errors  Last Runtime    Last Run
--------------------------------------  -----  ---------  --------  ----------  --------------  -------------------
/opt/airflow/dags/flaky_etl_dag.py                               1           0  0.29s           2026-09-03T15:38:29
/opt/airflow/dags/schema_drift_dag.py                            1           0  0.28s           2026-09-03T15:38:29
/opt/airflow/dags/null_spike_dag.py                              1           0  0.24s           2026-09-03T15:38:30
/opt/airflow/dags/00_seed_demo_data.py                           1           0  0.21s           2026-09-03T15:38:30
================================================================================
[2026-09-03T15:39:03.712+0000] {manager.py:878} INFO - 
================================================================================
DAG File Processing Stats

File Path                               PID    Runtime      # DAGs    # Errors  Last Runtime    Last Run
--------------------------------------  -----  ---------  --------  ----------  --------------  -------------------
/opt/airflow/dags/schema_drift_dag.py                            1           0  0.31s           2026-09-03T15:38:59
/opt/airflow/dags/flaky_etl_dag.py                               1           0  0.30s           2026-09-03T15:38:59
/opt/airflow/dags/null_spike_dag.py                              1           0  0.18s           2026-09-03T15:39:00
/opt/airflow/dags/00_seed_demo_data.py                           1           0  0.17s           2026-09-03T15:39:00
================================================================================
[2026-09-03T15:39:34.292+0000] {manager.py:878} INFO - 
================================================================================
DAG File Processing Stats

File Path                               PID    Runtime      # DAGs    # Errors  Last Runtime    Last Run
--------------------------------------  -----  ---------  --------  ----------  --------------  -------------------
/opt/airflow/dags/null_spike_dag.py                              1           0  0.24s           2026-09-03T15:39:31
/opt/airflow/dags/00_seed_demo_data.py                           1           0  0.21s           2026-09-03T15:39:31
/opt/airflow/dags/flaky_etl_dag.py                               1           0  0.19s           2026-09-03T15:39:30
/opt/airflow/dags/schema_drift_dag.py                            1           0  0.18s           2026-09-03T15:39:30
================================================================================
[2026-09-03T15:40:04.924+0000] {manager.py:878} INFO - 
================================================================================
DAG File Processing Stats

File Path                               PID    Runtime      # DAGs    # Errors  Last Runtime    Last Run
--------------------------------------  -----  ---------  --------  ----------  --------------  -------------------
/opt/airflow/dags/null_spike_dag.py                              1           0  0.19s           2026-09-03T15:40:01
/opt/airflow/dags/00_seed_demo_data.py                           1           0  0.19s           2026-09-03T15:40:01
/opt/airflow/dags/flaky_etl_dag.py                               1           0  0.16s           2026-09-03T15:40:00
/opt/airflow/dags/schema_drift_dag.py                            1           0  0.16s           2026-09-03T15:40:00
================================================================================
[2026-09-03T15:40:35.465+0000] {manager.py:878} INFO - 
================================================================================
DAG File Processing Stats

File Path                               PID    Runtime      # DAGs    # Errors  Last Runtime    Last Run
--------------------------------------  -----  ---------  --------  ----------  --------------  -------------------
/opt/airflow/dags/flaky_etl_dag.py                               1           0  0.62s           2026-09-03T15:40:32
/opt/airflow/dags/schema_drift_dag.py                            1           0  0.51s           2026-09-03T15:40:31
/opt/airflow/dags/null_spike_dag.py                              1           0  0.35s           2026-09-03T15:40:32
/opt/airflow/dags/00_seed_demo_data.py                           1           0  0.22s           2026-09-03T15:40:32
================================================================================
[2026-09-03T15:41:05.728+0000] {manager.py:878} INFO - 
================================================================================
DAG File Processing Stats

File Path                               PID    Runtime      # DAGs    # Errors  Last Runtime    Last Run
--------------------------------------  -----  ---------  --------  ----------  --------------  -------------------
/opt/airflow/dags/flaky_etl_dag.py                               1           0  0.26s           2026-09-03T15:41:02
/opt/airflow/dags/null_spike_dag.py                              1           0  0.19s           2026-09-03T15:41:02
/opt/airflow/dags/schema_drift_dag.py                            1           0  0.18s           2026-09-03T15:41:02
/opt/airflow/dags/00_seed_demo_data.py                           1           0  0.17s           2026-09-03T15:41:02
================================================================================
[2026-09-03T15:41:35.839+0000] {manager.py:878} INFO - 
================================================================================
DAG File Processing Stats

File Path                               PID    Runtime      # DAGs    # Errors  Last Runtime    Last Run
--------------------------------------  -----  ---------  --------  ----------  --------------  -------------------
/opt/airflow/dags/00_seed_demo_data.py                           1           0  0.26s           2026-09-03T15:41:33
/opt/airflow/dags/null_spike_dag.py                              1           0  0.25s           2026-09-03T15:41:33
/opt/airflow/dags/flaky_etl_dag.py                               1           0  0.22s           2026-09-03T15:41:33
/opt/airflow/dags/schema_drift_dag.py                            1           0  0.17s           2026-09-03T15:41:32
================================================================================
[2026-09-03T15:42:06.505+0000] {manager.py:878} INFO - 
================================================================================
DAG File Processing Stats

File Path                               PID    Runtime      # DAGs    # Errors  Last Runtime    Last Run
--------------------------------------  -----  ---------  --------  ----------  --------------  -------------------
/opt/airflow/dags/null_spike_dag.py                              1           0  0.32s           2026-09-03T15:42:04
/opt/airflow/dags/flaky_etl_dag.py                               1           0  0.32s           2026-09-03T15:42:04
/opt/airflow/dags/00_seed_demo_data.py                           1           0  0.21s           2026-09-03T15:42:04
/opt/airflow/dags/schema_drift_dag.py                            1           0  0.15s           2026-09-03T15:42:03
================================================================================
[2026-09-03T15:42:36.835+0000] {manager.py:878} INFO - 
================================================================================
DAG File Processing Stats

File Path                               PID    Runtime      # DAGs    # Errors  Last Runtime    Last Run
--------------------------------------  -----  ---------  --------  ----------  --------------  -------------------
/opt/airflow/dags/null_spike_dag.py                              1           0  0.16s           2026-09-03T15:42:34
/opt/airflow/dags/00_seed_demo_data.py                           1           0  0.16s           2026-09-03T15:42:34
/opt/airflow/dags/schema_drift_dag.py                            1           0  0.16s           2026-09-03T15:42:33
/opt/airflow/dags/flaky_etl_dag.py                               1           0  0.15s           2026-09-03T15:42:34
================================================================================
[2026-09-03T15:42:40.864+0000] {manager.py:737} INFO - Searching for files in /opt/airflow/dags
[2026-09-03T15:42:40.942+0000] {manager.py:740} INFO - There are 4 files in /opt/airflow/dags
[2026-09-03T15:43:07.613+0000] {manager.py:878} INFO - 
================================================================================
DAG File Processing Stats

File Path                               PID    Runtime      # DAGs    # Errors  Last Runtime    Last Run
--------------------------------------  -----  ---------  --------  ----------  --------------  -------------------
/opt/airflow/dags/flaky_etl_dag.py                               1           0  0.25s           2026-09-03T15:43:05
/opt/airflow/dags/null_spike_dag.py                              1           0  0.19s           2026-09-03T15:43:05
/opt/airflow/dags/00_seed_demo_data.py                           1           0  0.17s           2026-09-03T15:43:05
/opt/airflow/dags/schema_drift_dag.py                            1           0  0.17s           2026-09-03T15:43:04
================================================================================
[2026-09-03T15:43:38.396+0000] {manager.py:878} INFO - 
================================================================================
DAG File Processing Stats

File Path                               PID    Runtime      # DAGs    # Errors  Last Runtime    Last Run
--------------------------------------  -----  ---------  --------  ----------  --------------  -------------------
/opt/airflow/dags/null_spike_dag.py                              1           0  0.17s           2026-09-03T15:43:36
/opt/airflow/dags/flaky_etl_dag.py                               1           0  0.16s           2026-09-03T15:43:36
/opt/airflow/dags/schema_drift_dag.py                            1           0  0.16s           2026-09-03T15:43:35
/opt/airflow/dags/00_seed_demo_data.py                           1           0  0.15s           2026-09-03T15:43:36
================================================================================
[2026-09-03T15:44:09.016+0000] {manager.py:878} INFO - 
================================================================================
DAG File Processing Stats

File Path                               PID    Runtime      # DAGs    # Errors  Last Runtime    Last Run
--------------------------------------  -----  ---------  --------  ----------  --------------  -------------------
/opt/airflow/dags/00_seed_demo_data.py                           1           0  0.17s           2026-09-03T15:44:07
/opt/airflow/dags/null_spike_dag.py                              1           0  0.16s           2026-09-03T15:44:06
/opt/airflow/dags/flaky_etl_dag.py                               1           0  0.16s           2026-09-03T15:44:06
/opt/airflow/dags/schema_drift_dag.py                            1           0  0.15s           2026-09-03T15:44:05
================================================================================
[2026-09-03T15:44:39.248+0000] {manager.py:878} INFO - 
================================================================================
DAG File Processing Stats

File Path                               PID    Runtime      # DAGs    # Errors  Last Runtime    Last Run
--------------------------------------  -----  ---------  --------  ----------  --------------  -------------------
/opt/airflow/dags/schema_drift_dag.py                            1           0  0.23s           2026-09-03T15:44:36
/opt/airflow/dags/null_spike_dag.py                              1           0  0.19s           2026-09-03T15:44:37
/opt/airflow/dags/00_seed_demo_data.py                           1           0  0.19s           2026-09-03T15:44:37
/opt/airflow/dags/flaky_etl_dag.py                               1           0  0.17s           2026-09-03T15:44:37
================================================================================
[2026-09-03T15:45:09.306+0000] {manager.py:878} INFO - 
================================================================================
DAG File Processing Stats

File Path                               PID    Runtime      # DAGs    # Errors  Last Runtime    Last Run
--------------------------------------  -----  ---------  --------  ----------  --------------  -------------------
/opt/airflow/dags/null_spike_dag.py                              1           0  0.60s           2026-09-03T15:45:08
/opt/airflow/dags/00_seed_demo_data.py                           1           0  0.43s           2026-09-03T15:45:08
/opt/airflow/dags/flaky_etl_dag.py                               1           0  0.32s           2026-09-03T15:45:07
/opt/airflow/dags/schema_drift_dag.py                            1           0  0.30s           2026-09-03T15:45:07
================================================================================
[2026-09-03T15:45:40.200+0000] {manager.py:878} INFO - 
================================================================================
DAG File Processing Stats

File Path                               PID    Runtime      # DAGs    # Errors  Last Runtime    Last Run
--------------------------------------  -----  ---------  --------  ----------  --------------  -------------------
/opt/airflow/dags/00_seed_demo_data.py                           1           0  0.32s           2026-09-03T15:45:39
/opt/airflow/dags/null_spike_dag.py                              1           0  0.30s           2026-09-03T15:45:39
/opt/airflow/dags/flaky_etl_dag.py                               1           0  0.27s           2026-09-03T15:45:37
/opt/airflow/dags/schema_drift_dag.py                            1           0  0.23s           2026-09-03T15:45:37
================================================================================
[2026-09-03T15:46:10.886+0000] {manager.py:878} INFO - 
================================================================================
DAG File Processing Stats

File Path                               PID    Runtime      # DAGs    # Errors  Last Runtime    Last Run
--------------------------------------  -----  ---------  --------  ----------  --------------  -------------------
/opt/airflow/dags/null_spike_dag.py                              1           0  0.33s           2026-09-03T15:46:10
/opt/airflow/dags/00_seed_demo_data.py                           1           0  0.31s           2026-09-03T15:46:10
/opt/airflow/dags/flaky_etl_dag.py                               1           0  0.18s           2026-09-03T15:46:08
/opt/airflow/dags/schema_drift_dag.py                            1           0  0.18s           2026-09-03T15:46:08
================================================================================
[2026-09-03T15:46:40.927+0000] {manager.py:878} INFO - 
================================================================================
DAG File Processing Stats

File Path                                 PID  Runtime      # DAGs    # Errors  Last Runtime    Last Run
--------------------------------------  -----  ---------  --------  ----------  --------------  -------------------
/opt/airflow/dags/00_seed_demo_data.py  18154  0.28s             1           0  0.31s           2026-09-03T15:46:10
/opt/airflow/dags/null_spike_dag.py                              1           0  0.29s           2026-09-03T15:46:40
/opt/airflow/dags/schema_drift_dag.py                            1           0  0.20s           2026-09-03T15:46:39
/opt/airflow/dags/flaky_etl_dag.py                               1           0  0.20s           2026-09-03T15:46:39
================================================================================
[2026-09-03T15:47:11.659+0000] {manager.py:878} INFO - 
================================================================================
DAG File Processing Stats

File Path                                 PID  Runtime      # DAGs    # Errors  Last Runtime    Last Run
--------------------------------------  -----  ---------  --------  ----------  --------------  -------------------
/opt/airflow/dags/null_spike_dag.py     18177  0.05s             1           0  0.29s           2026-09-03T15:46:40
/opt/airflow/dags/00_seed_demo_data.py  18180  0.01s             1           0  0.28s           2026-09-03T15:46:40
/opt/airflow/dags/flaky_etl_dag.py                               1           0  0.20s           2026-09-03T15:47:10
/opt/airflow/dags/schema_drift_dag.py                            1           0  0.19s           2026-09-03T15:47:10
================================================================================
[2026-09-03T15:47:41.156+0000] {manager.py:737} INFO - Searching for files in /opt/airflow/dags
[2026-09-03T15:47:41.232+0000] {manager.py:740} INFO - There are 4 files in /opt/airflow/dags
[2026-09-03T15:47:42.436+0000] {manager.py:878} INFO - 
================================================================================
DAG File Processing Stats

File Path                                 PID  Runtime      # DAGs    # Errors  Last Runtime    Last Run
--------------------------------------  -----  ---------  --------  ----------  --------------  -------------------
/opt/airflow/dags/schema_drift_dag.py                            1           0  0.28s           2026-09-03T15:47:41
/opt/airflow/dags/flaky_etl_dag.py                               1           0  0.24s           2026-09-03T15:47:41
/opt/airflow/dags/null_spike_dag.py     18203  0.04s             1           0  0.21s           2026-09-03T15:47:11
/opt/airflow/dags/00_seed_demo_data.py  18206  0.02s             1           0  0.20s           2026-09-03T15:47:11
================================================================================
[2026-09-03T15:48:13.140+0000] {manager.py:878} INFO - 
================================================================================
DAG File Processing Stats

File Path                                 PID  Runtime      # DAGs    # Errors  Last Runtime    Last Run
--------------------------------------  -----  ---------  --------  ----------  --------------  -------------------
/opt/airflow/dags/null_spike_dag.py     18229  0.02s             1           0  0.23s           2026-09-03T15:47:42
/opt/airflow/dags/00_seed_demo_data.py  18232  0.01s             1           0  0.22s           2026-09-03T15:47:42
/opt/airflow/dags/schema_drift_dag.py                            1           0  0.21s           2026-09-03T15:48:12
/opt/airflow/dags/flaky_etl_dag.py                               1           0  0.20s           2026-09-03T15:48:12
================================================================================
[2026-09-03T15:48:43.183+0000] {manager.py:878} INFO - 
================================================================================
DAG File Processing Stats

File Path                               PID    Runtime      # DAGs    # Errors  Last Runtime    Last Run
--------------------------------------  -----  ---------  --------  ----------  --------------  -------------------
/opt/airflow/dags/00_seed_demo_data.py                           1           0  0.34s           2026-09-03T15:48:13
/opt/airflow/dags/null_spike_dag.py                              1           0  0.29s           2026-09-03T15:48:13
/opt/airflow/dags/schema_drift_dag.py                            1           0  0.24s           2026-09-03T15:48:43
/opt/airflow/dags/flaky_etl_dag.py                               1           0  0.23s           2026-09-03T15:48:43
================================================================================
[2026-09-03T15:49:13.692+0000] {manager.py:878} INFO - 
================================================================================
DAG File Processing Stats

File Path                                 PID  Runtime      # DAGs    # Errors  Last Runtime    Last Run
--------------------------------------  -----  ---------  --------  ----------  --------------  -------------------
/opt/airflow/dags/schema_drift_dag.py   18271  0.02s             1           0  0.24s           2026-09-03T15:48:43
/opt/airflow/dags/flaky_etl_dag.py      18274  0.00s             1           0  0.23s           2026-09-03T15:48:43
/opt/airflow/dags/null_spike_dag.py                              1           0  0.21s           2026-09-03T15:48:44
/opt/airflow/dags/00_seed_demo_data.py                           1           0  0.21s           2026-09-03T15:48:44
================================================================================
[2026-09-03T15:49:44.266+0000] {manager.py:878} INFO - 
================================================================================
DAG File Processing Stats

File Path                                 PID  Runtime      # DAGs    # Errors  Last Runtime    Last Run
--------------------------------------  -----  ---------  --------  ----------  --------------  -------------------
/opt/airflow/dags/schema_drift_dag.py   18297  0.02s             1           0  0.20s           2026-09-03T15:49:13
/opt/airflow/dags/flaky_etl_dag.py      18300  0.01s             1           0  0.20s           2026-09-03T15:49:13
/opt/airflow/dags/null_spike_dag.py                              1           0  0.15s           2026-09-03T15:49:14
/opt/airflow/dags/00_seed_demo_data.py                           1           0  0.15s           2026-09-03T15:49:14
================================================================================
[2026-09-03T15:50:14.988+0000] {manager.py:878} INFO - 
================================================================================
DAG File Processing Stats

File Path                                 PID  Runtime      # DAGs    # Errors  Last Runtime    Last Run
--------------------------------------  -----  ---------  --------  ----------  --------------  -------------------
/opt/airflow/dags/null_spike_dag.py                              1           0  0.19s           2026-09-03T15:49:45
/opt/airflow/dags/00_seed_demo_data.py                           1           0  0.17s           2026-09-03T15:49:45
/opt/airflow/dags/schema_drift_dag.py   18323  0.02s             1           0  0.17s           2026-09-03T15:49:44
/opt/airflow/dags/flaky_etl_dag.py      18326  0.00s             1           0  0.17s           2026-09-03T15:49:44
================================================================================
[2026-09-03T15:50:45.588+0000] {manager.py:878} INFO - 
================================================================================
DAG File Processing Stats

File Path                                 PID  Runtime      # DAGs    # Errors  Last Runtime    Last Run
--------------------------------------  -----  ---------  --------  ----------  --------------  -------------------
/opt/airflow/dags/null_spike_dag.py                              1           0  0.19s           2026-09-03T15:50:16
/opt/airflow/dags/00_seed_demo_data.py                           1           0  0.19s           2026-09-03T15:50:16
/opt/airflow/dags/flaky_etl_dag.py      18353  0.01s             1           0  0.18s           2026-09-03T15:50:15
/opt/airflow/dags/schema_drift_dag.py   18350  0.02s             1           0  0.17s           2026-09-03T15:50:15
================================================================================
[2026-09-03T15:51:16.537+0000] {manager.py:878} INFO - 
================================================================================
DAG File Processing Stats

File Path                                 PID  Runtime      # DAGs    # Errors  Last Runtime    Last Run
--------------------------------------  -----  ---------  --------  ----------  --------------  -------------------
/opt/airflow/dags/null_spike_dag.py                              1           0  0.51s           2026-09-03T15:50:47
/opt/airflow/dags/00_seed_demo_data.py                           1           0  0.50s           2026-09-03T15:50:47
/opt/airflow/dags/schema_drift_dag.py   18376  0.02s             1           0  0.17s           2026-09-03T15:50:45
/opt/airflow/dags/flaky_etl_dag.py      18379  0.00s             1           0  0.17s           2026-09-03T15:50:45
================================================================================
[2026-09-03T15:51:47.258+0000] {manager.py:878} INFO - 
================================================================================
DAG File Processing Stats

File Path                                 PID  Runtime      # DAGs    # Errors  Last Runtime    Last Run
--------------------------------------  -----  ---------  --------  ----------  --------------  -------------------
/opt/airflow/dags/00_seed_demo_data.py                           1           0  0.12s           2026-09-03T15:51:17
/opt/airflow/dags/schema_drift_dag.py   18402  0.04s             1           0  0.12s           2026-09-03T15:51:16
/opt/airflow/dags/null_spike_dag.py                              1           0  0.12s           2026-09-03T15:51:17
/opt/airflow/dags/flaky_etl_dag.py      18405  0.01s             1           0  0.11s           2026-09-03T15:51:16
================================================================================
[2026-09-03T15:52:17.946+0000] {manager.py:878} INFO - 
================================================================================
DAG File Processing Stats

File Path                                 PID  Runtime      # DAGs    # Errors  Last Runtime    Last Run
--------------------------------------  -----  ---------  --------  ----------  --------------  -------------------
/opt/airflow/dags/schema_drift_dag.py   18428  0.02s             1           0  0.23s           2026-09-03T15:51:47
/opt/airflow/dags/flaky_etl_dag.py      18431  0.01s             1           0  0.22s           2026-09-03T15:51:47
/opt/airflow/dags/00_seed_demo_data.py                           1           0  0.17s           2026-09-03T15:51:48
/opt/airflow/dags/null_spike_dag.py                              1           0  0.17s           2026-09-03T15:51:48
================================================================================
[2026-09-03T15:52:41.316+0000] {manager.py:737} INFO - Searching for files in /opt/airflow/dags
[2026-09-03T15:52:41.359+0000] {manager.py:740} INFO - There are 4 files in /opt/airflow/dags
[2026-09-03T15:52:48.461+0000] {manager.py:878} INFO - 
================================================================================
DAG File Processing Stats

File Path                                 PID  Runtime      # DAGs    # Errors  Last Runtime    Last Run
--------------------------------------  -----  ---------  --------  ----------  --------------  -------------------
/opt/airflow/dags/schema_drift_dag.py   18454  0.02s             1           0  0.20s           2026-09-03T15:52:18
/opt/airflow/dags/flaky_etl_dag.py      18457  0.00s             1           0  0.17s           2026-09-03T15:52:18
/opt/airflow/dags/00_seed_demo_data.py                           1           0  0.12s           2026-09-03T15:52:19
/opt/airflow/dags/null_spike_dag.py                              1           0  0.12s           2026-09-03T15:52:19
================================================================================
[2026-09-03T15:53:18.979+0000] {manager.py:878} INFO - 
================================================================================
DAG File Processing Stats

File Path                                 PID  Runtime      # DAGs    # Errors  Last Runtime    Last Run
--------------------------------------  -----  ---------  --------  ----------  --------------  -------------------
/opt/airflow/dags/null_spike_dag.py                              1           0  0.22s           2026-09-03T15:52:49
/opt/airflow/dags/00_seed_demo_data.py                           1           0  0.20s           2026-09-03T15:52:49
/opt/airflow/dags/flaky_etl_dag.py      18482  0.00s             1           0  0.14s           2026-09-03T15:52:48
/opt/airflow/dags/schema_drift_dag.py   18479  0.02s             1           0  0.14s           2026-09-03T15:52:48
================================================================================
[2026-09-03T15:53:49.492+0000] {manager.py:878} INFO - 
================================================================================
DAG File Processing Stats

File Path                                 PID  Runtime      # DAGs    # Errors  Last Runtime    Last Run
--------------------------------------  -----  ---------  --------  ----------  --------------  -------------------
/opt/airflow/dags/00_seed_demo_data.py                           1           0  0.15s           2026-09-03T15:53:20
/opt/airflow/dags/null_spike_dag.py                              1           0  0.15s           2026-09-03T15:53:20
/opt/airflow/dags/schema_drift_dag.py   18504  0.02s             1           0  0.14s           2026-09-03T15:53:19
/opt/airflow/dags/flaky_etl_dag.py      18507  0.01s             1           0  0.13s           2026-09-03T15:53:19
================================================================================
[2026-09-03T15:54:19.955+0000] {manager.py:878} INFO - 
================================================================================
DAG File Processing Stats

File Path                                 PID  Runtime      # DAGs    # Errors  Last Runtime    Last Run
--------------------------------------  -----  ---------  --------  ----------  --------------  -------------------
/opt/airflow/dags/null_spike_dag.py                              1           0  0.17s           2026-09-03T15:53:50
/opt/airflow/dags/00_seed_demo_data.py                           1           0  0.17s           2026-09-03T15:53:50
/opt/airflow/dags/flaky_etl_dag.py      18533  0.01s             1           0  0.13s           2026-09-03T15:53:49
/opt/airflow/dags/schema_drift_dag.py   18530  0.03s             1           0  0.12s           2026-09-03T15:53:49
================================================================================
[2026-09-03T15:54:50.494+0000] {manager.py:878} INFO - 
================================================================================
DAG File Processing Stats

File Path                                 PID  Runtime      # DAGs    # Errors  Last Runtime    Last Run
--------------------------------------  -----  ---------  --------  ----------  --------------  -------------------
/opt/airflow/dags/schema_drift_dag.py   18556  0.02s             1           0  0.23s           2026-09-03T15:54:20
/opt/airflow/dags/flaky_etl_dag.py      18559  0.00s             1           0  0.23s           2026-09-03T15:54:20
/opt/airflow/dags/00_seed_demo_data.py                           1           0  0.13s           2026-09-03T15:54:21
/opt/airflow/dags/null_spike_dag.py                              1           0  0.13s           2026-09-03T15:54:21
================================================================================
[2026-09-03T15:55:20.894+0000] {manager.py:878} INFO - 
================================================================================
DAG File Processing Stats

File Path                                 PID  Runtime      # DAGs    # Errors  Last Runtime    Last Run
--------------------------------------  -----  ---------  --------  ----------  --------------  -------------------
/opt/airflow/dags/flaky_etl_dag.py      18585  0.01s             1           0  0.13s           2026-09-03T15:54:50
/opt/airflow/dags/schema_drift_dag.py   18582  0.02s             1           0  0.13s           2026-09-03T15:54:50
/opt/airflow/dags/00_seed_demo_data.py                           1           0  0.13s           2026-09-03T15:54:51
/opt/airflow/dags/null_spike_dag.py                              1           0  0.13s           2026-09-03T15:54:51
================================================================================
[2026-09-03T15:55:51.369+0000] {manager.py:878} INFO - 
================================================================================
DAG File Processing Stats

File Path                                 PID  Runtime      # DAGs    # Errors  Last Runtime    Last Run
--------------------------------------  -----  ---------  --------  ----------  --------------  -------------------
/opt/airflow/dags/00_seed_demo_data.py                           1           0  0.15s           2026-09-03T15:55:22
/opt/airflow/dags/null_spike_dag.py                              1           0  0.14s           2026-09-03T15:55:22
/opt/airflow/dags/schema_drift_dag.py   18608  0.02s             1           0  0.13s           2026-09-03T15:55:21
/opt/airflow/dags/flaky_etl_dag.py      18611  0.00s             1           0  0.13s           2026-09-03T15:55:21
================================================================================
[2026-09-03T15:56:21.780+0000] {manager.py:878} INFO - 
================================================================================
DAG File Processing Stats

File Path                                 PID  Runtime      # DAGs    # Errors  Last Runtime    Last Run
--------------------------------------  -----  ---------  --------  ----------  --------------  -------------------
/opt/airflow/dags/schema_drift_dag.py   18635  0.02s             1           0  0.17s           2026-09-03T15:55:51
/opt/airflow/dags/flaky_etl_dag.py      18638  0.00s             1           0  0.16s           2026-09-03T15:55:51
/opt/airflow/dags/00_seed_demo_data.py                           1           0  0.12s           2026-09-03T15:55:52
/opt/airflow/dags/null_spike_dag.py                              1           0  0.12s           2026-09-03T15:55:52
================================================================================
[2026-09-03T15:56:52.290+0000] {manager.py:878} INFO - 
================================================================================
DAG File Processing Stats

File Path                                 PID  Runtime      # DAGs    # Errors  Last Runtime    Last Run
--------------------------------------  -----  ---------  --------  ----------  --------------  -------------------
/opt/airflow/dags/schema_drift_dag.py   18661  0.02s             1           0  0.17s           2026-09-03T15:56:21
/opt/airflow/dags/flaky_etl_dag.py      18664  0.01s             1           0  0.17s           2026-09-03T15:56:21
/opt/airflow/dags/null_spike_dag.py                              1           0  0.14s           2026-09-03T15:56:22
/opt/airflow/dags/00_seed_demo_data.py                           1           0  0.12s           2026-09-03T15:56:22
================================================================================
[2026-09-03T15:57:22.788+0000] {manager.py:878} INFO - 
================================================================================
DAG File Processing Stats

File Path                                 PID  Runtime      # DAGs    # Errors  Last Runtime    Last Run
--------------------------------------  -----  ---------  --------  ----------  --------------  -------------------
/opt/airflow/dags/schema_drift_dag.py   18687  0.02s             1           0  0.18s           2026-09-03T15:56:52
/opt/airflow/dags/null_spike_dag.py                              1           0  0.15s           2026-09-03T15:56:53
/opt/airflow/dags/00_seed_demo_data.py                           1           0  0.14s           2026-09-03T15:56:53
/opt/airflow/dags/flaky_etl_dag.py      18690  0.01s             1           0  0.14s           2026-09-03T15:56:52
================================================================================
[2026-09-03T15:57:42.071+0000] {manager.py:737} INFO - Searching for files in /opt/airflow/dags
[2026-09-03T15:57:42.122+0000] {manager.py:740} INFO - There are 4 files in /opt/airflow/dags
[2026-09-03T15:57:53.271+0000] {manager.py:878} INFO - 
================================================================================
DAG File Processing Stats

File Path                                 PID  Runtime      # DAGs    # Errors  Last Runtime    Last Run
--------------------------------------  -----  ---------  --------  ----------  --------------  -------------------
/opt/airflow/dags/null_spike_dag.py                              1           0  0.14s           2026-09-03T15:57:23
/opt/airflow/dags/schema_drift_dag.py   18713  0.02s             1           0  0.13s           2026-09-03T15:57:22
/opt/airflow/dags/flaky_etl_dag.py      18716  0.00s             1           0  0.13s           2026-09-03T15:57:22
/opt/airflow/dags/00_seed_demo_data.py                           1           0  0.11s           2026-09-03T15:57:23
================================================================================
[2026-09-03T15:58:23.783+0000] {manager.py:878} INFO - 
================================================================================
DAG File Processing Stats

File Path                                 PID  Runtime      # DAGs    # Errors  Last Runtime    Last Run
--------------------------------------  -----  ---------  --------  ----------  --------------  -------------------
/opt/airflow/dags/null_spike_dag.py                              1           0  0.15s           2026-09-03T15:57:54
/opt/airflow/dags/00_seed_demo_data.py                           1           0  0.14s           2026-09-03T15:57:54
/opt/airflow/dags/schema_drift_dag.py   18739  0.02s             1           0  0.12s           2026-09-03T15:57:53
/opt/airflow/dags/flaky_etl_dag.py      18742  0.01s             1           0  0.12s           2026-09-03T15:57:53
================================================================================
[2026-09-03T15:58:54.244+0000] {manager.py:878} INFO - 
================================================================================
DAG File Processing Stats

File Path                                 PID  Runtime      # DAGs    # Errors  Last Runtime    Last Run
--------------------------------------  -----  ---------  --------  ----------  --------------  -------------------
/opt/airflow/dags/null_spike_dag.py                              1           0  0.17s           2026-09-03T15:58:24
/opt/airflow/dags/00_seed_demo_data.py                           1           0  0.17s           2026-09-03T15:58:24
/opt/airflow/dags/schema_drift_dag.py   18765  0.02s             1           0  0.16s           2026-09-03T15:58:23
/opt/airflow/dags/flaky_etl_dag.py      18768  0.00s             1           0  0.16s           2026-09-03T15:58:23
================================================================================
[2026-09-03T15:59:24.744+0000] {manager.py:878} INFO - 
================================================================================
DAG File Processing Stats

File Path                                 PID  Runtime      # DAGs    # Errors  Last Runtime    Last Run
--------------------------------------  -----  ---------  --------  ----------  --------------  -------------------
/opt/airflow/dags/null_spike_dag.py                              1           0  0.12s           2026-09-03T15:58:55
/opt/airflow/dags/00_seed_demo_data.py                           1           0  0.12s           2026-09-03T15:58:55
/opt/airflow/dags/schema_drift_dag.py   18791  0.02s             1           0  0.12s           2026-09-03T15:58:54
/opt/airflow/dags/flaky_etl_dag.py      18794  0.01s             1           0  0.12s           2026-09-03T15:58:54
================================================================================
[2026-09-03T15:59:55.215+0000] {manager.py:878} INFO - 
================================================================================
DAG File Processing Stats

File Path                                 PID  Runtime      # DAGs    # Errors  Last Runtime    Last Run
--------------------------------------  -----  ---------  --------  ----------  --------------  -------------------
/opt/airflow/dags/null_spike_dag.py                              1           0  0.19s           2026-09-03T15:59:25
/opt/airflow/dags/00_seed_demo_data.py                           1           0  0.19s           2026-09-03T15:59:25
/opt/airflow/dags/flaky_etl_dag.py      18820  0.00s             1           0  0.15s           2026-09-03T15:59:24
/opt/airflow/dags/schema_drift_dag.py   18817  0.02s             1           0  0.15s           2026-09-03T15:59:24
================================================================================
[2026-09-03T16:00:25.667+0000] {manager.py:878} INFO - 
================================================================================
DAG File Processing Stats

File Path                                 PID  Runtime      # DAGs    # Errors  Last Runtime    Last Run
--------------------------------------  -----  ---------  --------  ----------  --------------  -------------------
/opt/airflow/dags/schema_drift_dag.py   18843  0.04s             1           0  0.16s           2026-09-03T15:59:55
/opt/airflow/dags/flaky_etl_dag.py      18846  0.03s             1           0  0.16s           2026-09-03T15:59:55
/opt/airflow/dags/00_seed_demo_data.py                           1           0  0.13s           2026-09-03T15:59:56
/opt/airflow/dags/null_spike_dag.py                              1           0  0.13s           2026-09-03T15:59:56
================================================================================
[2026-09-03T16:00:56.108+0000] {manager.py:878} INFO - 
================================================================================
DAG File Processing Stats

File Path                                 PID  Runtime      # DAGs    # Errors  Last Runtime    Last Run
--------------------------------------  -----  ---------  --------  ----------  --------------  -------------------
/opt/airflow/dags/null_spike_dag.py                              1           0  0.18s           2026-09-03T16:00:26
/opt/airflow/dags/00_seed_demo_data.py                           1           0  0.17s           2026-09-03T16:00:26
/opt/airflow/dags/flaky_etl_dag.py      18872  0.00s             1           0  0.16s           2026-09-03T16:00:25
/opt/airflow/dags/schema_drift_dag.py   18869  0.02s             1           0  0.14s           2026-09-03T16:00:25
================================================================================
[2026-09-03T16:01:26.602+0000] {manager.py:878} INFO - 
================================================================================
DAG File Processing Stats

File Path                                 PID  Runtime      # DAGs    # Errors  Last Runtime    Last Run
--------------------------------------  -----  ---------  --------  ----------  --------------  -------------------
/opt/airflow/dags/00_seed_demo_data.py                           1           0  0.16s           2026-09-03T16:00:57
/opt/airflow/dags/null_spike_dag.py                              1           0  0.15s           2026-09-03T16:00:57
/opt/airflow/dags/schema_drift_dag.py   18895  0.02s             1           0  0.15s           2026-09-03T16:00:56
/opt/airflow/dags/flaky_etl_dag.py      18898  0.00s             1           0  0.15s           2026-09-03T16:00:56
================================================================================
[2026-09-03T16:01:57.104+0000] {manager.py:878} INFO - 
================================================================================
DAG File Processing Stats

File Path                                 PID  Runtime      # DAGs    # Errors  Last Runtime    Last Run
--------------------------------------  -----  ---------  --------  ----------  --------------  -------------------
/opt/airflow/dags/schema_drift_dag.py   18921  0.02s             1           0  0.17s           2026-09-03T16:01:26
/opt/airflow/dags/flaky_etl_dag.py      18924  0.01s             1           0  0.17s           2026-09-03T16:01:26
/opt/airflow/dags/00_seed_demo_data.py                           1           0  0.13s           2026-09-03T16:01:27
/opt/airflow/dags/null_spike_dag.py                              1           0  0.13s           2026-09-03T16:01:27
================================================================================
[2026-09-03T16:02:27.655+0000] {manager.py:878} INFO - 
================================================================================
DAG File Processing Stats

File Path                                 PID  Runtime      # DAGs    # Errors  Last Runtime    Last Run
--------------------------------------  -----  ---------  --------  ----------  --------------  -------------------
/opt/airflow/dags/schema_drift_dag.py   18947  0.02s             1           0  0.16s           2026-09-03T16:01:57
/opt/airflow/dags/flaky_etl_dag.py      18950  0.00s             1           0  0.16s           2026-09-03T16:01:57
/opt/airflow/dags/00_seed_demo_data.py                           1           0  0.12s           2026-09-03T16:01:58
/opt/airflow/dags/null_spike_dag.py                              1           0  0.12s           2026-09-03T16:01:58
================================================================================
[2026-09-03T16:02:42.988+0000] {manager.py:737} INFO - Searching for files in /opt/airflow/dags
[2026-09-03T16:02:43.038+0000] {manager.py:740} INFO - There are 4 files in /opt/airflow/dags
[2026-09-03T16:02:58.232+0000] {manager.py:878} INFO - 
================================================================================
DAG File Processing Stats

File Path                                 PID  Runtime      # DAGs    # Errors  Last Runtime    Last Run
--------------------------------------  -----  ---------  --------  ----------  --------------  -------------------
/opt/airflow/dags/flaky_etl_dag.py      18976  0.00s             1           0  0.18s           2026-09-03T16:02:27
/opt/airflow/dags/schema_drift_dag.py   18973  0.02s             1           0  0.17s           2026-09-03T16:02:27
/opt/airflow/dags/null_spike_dag.py                              1           0  0.16s           2026-09-03T16:02:28
/opt/airflow/dags/00_seed_demo_data.py                           1           0  0.16s           2026-09-03T16:02:28
================================================================================
[2026-09-03T16:03:28.711+0000] {manager.py:878} INFO - 
================================================================================
DAG File Processing Stats

File Path                                 PID  Runtime      # DAGs    # Errors  Last Runtime    Last Run
--------------------------------------  -----  ---------  --------  ----------  --------------  -------------------
/opt/airflow/dags/00_seed_demo_data.py                           1           0  0.17s           2026-09-03T16:02:59
/opt/airflow/dags/null_spike_dag.py                              1           0  0.17s           2026-09-03T16:02:59
/opt/airflow/dags/flaky_etl_dag.py      19002  0.00s             1           0  0.17s           2026-09-03T16:02:58
/opt/airflow/dags/schema_drift_dag.py   18999  0.02s             1           0  0.17s           2026-09-03T16:02:58
================================================================================
[2026-09-03T16:03:59.156+0000] {manager.py:878} INFO - 
================================================================================
DAG File Processing Stats

File Path                                 PID  Runtime      # DAGs    # Errors  Last Runtime    Last Run
--------------------------------------  -----  ---------  --------  ----------  --------------  -------------------
/opt/airflow/dags/schema_drift_dag.py   19025  0.01s             1           0  0.15s           2026-09-03T16:03:28
/opt/airflow/dags/flaky_etl_dag.py      19028  0.00s             1           0  0.15s           2026-09-03T16:03:28
/opt/airflow/dags/null_spike_dag.py                              1           0  0.13s           2026-09-03T16:03:29
/opt/airflow/dags/00_seed_demo_data.py                           1           0  0.12s           2026-09-03T16:03:29
================================================================================
[2026-09-03T16:04:29.647+0000] {manager.py:878} INFO - 
================================================================================
DAG File Processing Stats

File Path                                 PID  Runtime      # DAGs    # Errors  Last Runtime    Last Run
--------------------------------------  -----  ---------  --------  ----------  --------------  -------------------
/opt/airflow/dags/null_spike_dag.py                              1           0  0.15s           2026-09-03T16:04:00
/opt/airflow/dags/00_seed_demo_data.py                           1           0  0.13s           2026-09-03T16:04:00
/opt/airflow/dags/flaky_etl_dag.py      19054  0.00s             1           0  0.13s           2026-09-03T16:03:59
/opt/airflow/dags/schema_drift_dag.py   19051  0.01s             1           0  0.12s           2026-09-03T16:03:59
================================================================================
[2026-09-03T16:05:00.121+0000] {manager.py:878} INFO - 
================================================================================
DAG File Processing Stats

File Path                                 PID  Runtime      # DAGs    # Errors  Last Runtime    Last Run
--------------------------------------  -----  ---------  --------  ----------  --------------  -------------------
/opt/airflow/dags/00_seed_demo_data.py                           1           0  0.15s           2026-09-03T16:04:30
/opt/airflow/dags/null_spike_dag.py                              1           0  0.15s           2026-09-03T16:04:30
/opt/airflow/dags/flaky_etl_dag.py      19081  0.01s             1           0  0.12s           2026-09-03T16:04:29
/opt/airflow/dags/schema_drift_dag.py   19078  0.02s             1           0  0.12s           2026-09-03T16:04:29
================================================================================
[2026-09-03T16:05:30.685+0000] {manager.py:878} INFO - 
================================================================================
DAG File Processing Stats

File Path                                 PID  Runtime      # DAGs    # Errors  Last Runtime    Last Run
--------------------------------------  -----  ---------  --------  ----------  --------------  -------------------
/opt/airflow/dags/schema_drift_dag.py   19104  0.02s             1           0  0.25s           2026-09-03T16:05:00
/opt/airflow/dags/flaky_etl_dag.py      19107  0.00s             1           0  0.25s           2026-09-03T16:05:00
/opt/airflow/dags/null_spike_dag.py                              1           0  0.15s           2026-09-03T16:05:01
/opt/airflow/dags/00_seed_demo_data.py                           1           0  0.14s           2026-09-03T16:05:01
================================================================================
[2026-09-03T16:06:01.179+0000] {manager.py:878} INFO - 
================================================================================
DAG File Processing Stats

File Path                                 PID  Runtime      # DAGs    # Errors  Last Runtime    Last Run
--------------------------------------  -----  ---------  --------  ----------  --------------  -------------------
/opt/airflow/dags/schema_drift_dag.py   19130  0.02s             1           0  0.16s           2026-09-03T16:05:30
/opt/airflow/dags/flaky_etl_dag.py      19133  0.00s             1           0  0.16s           2026-09-03T16:05:30
/opt/airflow/dags/00_seed_demo_data.py                           1           0  0.13s           2026-09-03T16:05:31
/opt/airflow/dags/null_spike_dag.py                              1           0  0.13s           2026-09-03T16:05:31
================================================================================
[2026-09-03T16:06:31.673+0000] {manager.py:878} INFO - 
================================================================================
DAG File Processing Stats

File Path                                 PID  Runtime      # DAGs    # Errors  Last Runtime    Last Run
--------------------------------------  -----  ---------  --------  ----------  --------------  -------------------
/opt/airflow/dags/null_spike_dag.py                              1           0  0.19s           2026-09-03T16:06:02
/opt/airflow/dags/00_seed_demo_data.py                           1           0  0.19s           2026-09-03T16:06:02
/opt/airflow/dags/schema_drift_dag.py   19162  0.03s             1           0  0.13s           2026-09-03T16:06:01
/opt/airflow/dags/flaky_etl_dag.py      19165  0.01s             1           0  0.13s           2026-09-03T16:06:01
================================================================================
[2026-09-03T16:07:02.294+0000] {manager.py:878} INFO - 
================================================================================
DAG File Processing Stats

File Path                                 PID  Runtime      # DAGs    # Errors  Last Runtime    Last Run
--------------------------------------  -----  ---------  --------  ----------  --------------  -------------------
/opt/airflow/dags/flaky_etl_dag.py      19191  0.00s             1           0  0.26s           2026-09-03T16:06:31
/opt/airflow/dags/schema_drift_dag.py   19188  0.02s             1           0  0.26s           2026-09-03T16:06:31
/opt/airflow/dags/00_seed_demo_data.py                           1           0  0.14s           2026-09-03T16:06:33
/opt/airflow/dags/null_spike_dag.py                              1           0  0.13s           2026-09-03T16:06:33
================================================================================
[2026-09-03T16:07:32.764+0000] {manager.py:878} INFO - 
================================================================================
DAG File Processing Stats

File Path                                 PID  Runtime      # DAGs    # Errors  Last Runtime    Last Run
--------------------------------------  -----  ---------  --------  ----------  --------------  -------------------
/opt/airflow/dags/schema_drift_dag.py   19214  0.02s             1           0  0.15s           2026-09-03T16:07:02
/opt/airflow/dags/flaky_etl_dag.py      19217  0.00s             1           0  0.15s           2026-09-03T16:07:02
/opt/airflow/dags/null_spike_dag.py                              1           0  0.12s           2026-09-03T16:07:03
/opt/airflow/dags/00_seed_demo_data.py                           1           0  0.11s           2026-09-03T16:07:03
================================================================================
[2026-09-03T16:07:43.021+0000] {manager.py:737} INFO - Searching for files in /opt/airflow/dags
[2026-09-03T16:07:43.067+0000] {manager.py:740} INFO - There are 4 files in /opt/airflow/dags
[2026-09-03T16:08:03.402+0000] {manager.py:878} INFO - 
================================================================================
DAG File Processing Stats

File Path                                 PID  Runtime      # DAGs    # Errors  Last Runtime    Last Run
--------------------------------------  -----  ---------  --------  ----------  --------------  -------------------
/opt/airflow/dags/schema_drift_dag.py   19240  0.01s             1           0  0.15s           2026-09-03T16:07:32
/opt/airflow/dags/flaky_etl_dag.py      19243  0.00s             1           0  0.15s           2026-09-03T16:07:32
/opt/airflow/dags/null_spike_dag.py                              1           0  0.12s           2026-09-03T16:07:34
/opt/airflow/dags/00_seed_demo_data.py                           1           0  0.11s           2026-09-03T16:07:34
================================================================================
[2026-09-03T16:08:33.967+0000] {manager.py:878} INFO - 
================================================================================
DAG File Processing Stats

File Path                                 PID  Runtime      # DAGs    # Errors  Last Runtime    Last Run
--------------------------------------  -----  ---------  --------  ----------  --------------  -------------------
/opt/airflow/dags/schema_drift_dag.py   19266  0.02s             1           0  0.18s           2026-09-03T16:08:03
/opt/airflow/dags/flaky_etl_dag.py      19269  0.00s             1           0  0.15s           2026-09-03T16:08:03
/opt/airflow/dags/null_spike_dag.py                              1           0  0.13s           2026-09-03T16:08:04
/opt/airflow/dags/00_seed_demo_data.py                           1           0  0.13s           2026-09-03T16:08:04
================================================================================
[2026-09-03T16:09:04.580+0000] {manager.py:878} INFO - 
================================================================================
DAG File Processing Stats

File Path                                 PID  Runtime      # DAGs    # Errors  Last Runtime    Last Run
--------------------------------------  -----  ---------  --------  ----------  --------------  -------------------
/opt/airflow/dags/00_seed_demo_data.py                           1           0  0.12s           2026-09-03T16:08:35
/opt/airflow/dags/null_spike_dag.py                              1           0  0.12s           2026-09-03T16:08:35
/opt/airflow/dags/schema_drift_dag.py   19292  0.01s             1           0  0.12s           2026-09-03T16:08:34
/opt/airflow/dags/flaky_etl_dag.py      19295  0.00s             1           0  0.12s           2026-09-03T16:08:34
================================================================================
[2026-09-03T16:09:35.165+0000] {manager.py:878} INFO - 
================================================================================
DAG File Processing Stats

File Path                                 PID  Runtime      # DAGs    # Errors  Last Runtime    Last Run
--------------------------------------  -----  ---------  --------  ----------  --------------  -------------------
/opt/airflow/dags/schema_drift_dag.py   19318  0.02s             1           0  0.16s           2026-09-03T16:09:04
/opt/airflow/dags/null_spike_dag.py                              1           0  0.16s           2026-09-03T16:09:05
/opt/airflow/dags/flaky_etl_dag.py      19321  0.00s             1           0  0.16s           2026-09-03T16:09:04
/opt/airflow/dags/00_seed_demo_data.py                           1           0  0.16s           2026-09-03T16:09:05
================================================================================
[2026-09-03T16:10:05.762+0000] {manager.py:878} INFO - 
================================================================================
DAG File Processing Stats

File Path                                 PID  Runtime      # DAGs    # Errors  Last Runtime    Last Run
--------------------------------------  -----  ---------  --------  ----------  --------------  -------------------
/opt/airflow/dags/null_spike_dag.py                              1           0  0.12s           2026-09-03T16:09:36
/opt/airflow/dags/00_seed_demo_data.py                           1           0  0.12s           2026-09-03T16:09:36
/opt/airflow/dags/schema_drift_dag.py   19344  0.02s             1           0  0.12s           2026-09-03T16:09:35
/opt/airflow/dags/flaky_etl_dag.py      19347  0.00s             1           0  0.11s           2026-09-03T16:09:35
================================================================================
[2026-09-03T16:10:36.355+0000] {manager.py:878} INFO - 
================================================================================
DAG File Processing Stats

File Path                                 PID  Runtime      # DAGs    # Errors  Last Runtime    Last Run
--------------------------------------  -----  ---------  --------  ----------  --------------  -------------------
/opt/airflow/dags/00_seed_demo_data.py                           1           0  0.16s           2026-09-03T16:10:06
/opt/airflow/dags/null_spike_dag.py                              1           0  0.16s           2026-09-03T16:10:06
/opt/airflow/dags/flaky_etl_dag.py      19373  0.00s             1           0  0.12s           2026-09-03T16:10:05
/opt/airflow/dags/schema_drift_dag.py   19370  0.01s             1           0  0.12s           2026-09-03T16:10:05
================================================================================
[2026-09-03T16:11:06.840+0000] {manager.py:878} INFO - 
================================================================================
DAG File Processing Stats

File Path                                 PID  Runtime      # DAGs    # Errors  Last Runtime    Last Run
--------------------------------------  -----  ---------  --------  ----------  --------------  -------------------
/opt/airflow/dags/flaky_etl_dag.py      19399  0.01s             1           0  0.15s           2026-09-03T16:10:36
/opt/airflow/dags/schema_drift_dag.py   19396  0.02s             1           0  0.15s           2026-09-03T16:10:36
/opt/airflow/dags/null_spike_dag.py                              1           0  0.14s           2026-09-03T16:10:37
/opt/airflow/dags/00_seed_demo_data.py                           1           0  0.14s           2026-09-03T16:10:37
================================================================================
[2026-09-03T16:11:37.245+0000] {manager.py:878} INFO - 
================================================================================
DAG File Processing Stats

File Path                                 PID  Runtime      # DAGs    # Errors  Last Runtime    Last Run
--------------------------------------  -----  ---------  --------  ----------  --------------  -------------------
/opt/airflow/dags/schema_drift_dag.py   19422  0.02s             1           0  0.14s           2026-09-03T16:11:06
/opt/airflow/dags/flaky_etl_dag.py      19425  0.01s             1           0  0.14s           2026-09-03T16:11:06
/opt/airflow/dags/null_spike_dag.py                              1           0  0.13s           2026-09-03T16:11:07
/opt/airflow/dags/00_seed_demo_data.py                           1           0  0.13s           2026-09-03T16:11:08
================================================================================
[2026-09-03T16:12:07.703+0000] {manager.py:878} INFO - 
================================================================================
DAG File Processing Stats

File Path                                 PID  Runtime      # DAGs    # Errors  Last Runtime    Last Run
--------------------------------------  -----  ---------  --------  ----------  --------------  -------------------
/opt/airflow/dags/schema_drift_dag.py   19448  0.02s             1           0  0.16s           2026-09-03T16:11:37
/opt/airflow/dags/flaky_etl_dag.py      19451  0.01s             1           0  0.15s           2026-09-03T16:11:37
/opt/airflow/dags/null_spike_dag.py                              1           0  0.13s           2026-09-03T16:11:38
/opt/airflow/dags/00_seed_demo_data.py                           1           0  0.13s           2026-09-03T16:11:38
================================================================================
[2026-09-03T16:12:38.165+0000] {manager.py:878} INFO - 
================================================================================
DAG File Processing Stats

File Path                                 PID  Runtime      # DAGs    # Errors  Last Runtime    Last Run
--------------------------------------  -----  ---------  --------  ----------  --------------  -------------------
/opt/airflow/dags/schema_drift_dag.py   19474  0.02s             1           0  0.15s           2026-09-03T16:12:07
/opt/airflow/dags/flaky_etl_dag.py      19477  0.01s             1           0  0.15s           2026-09-03T16:12:07
/opt/airflow/dags/00_seed_demo_data.py                           1           0  0.12s           2026-09-03T16:12:08
/opt/airflow/dags/null_spike_dag.py                              1           0  0.12s           2026-09-03T16:12:08
================================================================================
[2026-09-03T16:12:43.405+0000] {manager.py:737} INFO - Searching for files in /opt/airflow/dags
[2026-09-03T16:12:43.466+0000] {manager.py:740} INFO - There are 4 files in /opt/airflow/dags
[2026-09-03T16:13:08.764+0000] {manager.py:878} INFO - 
================================================================================
DAG File Processing Stats

File Path                                 PID  Runtime      # DAGs    # Errors  Last Runtime    Last Run
--------------------------------------  -----  ---------  --------  ----------  --------------  -------------------
/opt/airflow/dags/schema_drift_dag.py   19501  0.02s             1           0  0.17s           2026-09-03T16:12:38
/opt/airflow/dags/null_spike_dag.py                              1           0  0.16s           2026-09-03T16:12:39
/opt/airflow/dags/00_seed_demo_data.py                           1           0  0.16s           2026-09-03T16:12:39
/opt/airflow/dags/flaky_etl_dag.py      19504  0.00s             1           0  0.15s           2026-09-03T16:12:38
================================================================================
[2026-09-03T16:13:39.296+0000] {manager.py:878} INFO - 
================================================================================
DAG File Processing Stats

File Path                                 PID  Runtime      # DAGs    # Errors  Last Runtime    Last Run
--------------------------------------  -----  ---------  --------  ----------  --------------  -------------------
/opt/airflow/dags/00_seed_demo_data.py                           1           0  0.13s           2026-09-03T16:13:09
/opt/airflow/dags/schema_drift_dag.py   19527  0.02s             1           0  0.13s           2026-09-03T16:13:08
/opt/airflow/dags/flaky_etl_dag.py      19530  0.00s             1           0  0.13s           2026-09-03T16:13:08
/opt/airflow/dags/null_spike_dag.py                              1           0  0.12s           2026-09-03T16:13:09
================================================================================
[2026-09-03T16:14:09.881+0000] {manager.py:878} INFO - 
================================================================================
DAG File Processing Stats

File Path                                 PID  Runtime      # DAGs    # Errors  Last Runtime    Last Run
--------------------------------------  -----  ---------  --------  ----------  --------------  -------------------
/opt/airflow/dags/null_spike_dag.py                              1           0  0.19s           2026-09-03T16:13:40
/opt/airflow/dags/00_seed_demo_data.py                           1           0  0.17s           2026-09-03T16:13:40
/opt/airflow/dags/schema_drift_dag.py   19553  0.03s             1           0  0.15s           2026-09-03T16:13:39
/opt/airflow/dags/flaky_etl_dag.py      19556  0.01s             1           0  0.14s           2026-09-03T16:13:39
================================================================================
[2026-09-03T16:14:40.470+0000] {manager.py:878} INFO - 
================================================================================
DAG File Processing Stats

File Path                                 PID  Runtime      # DAGs    # Errors  Last Runtime    Last Run
--------------------------------------  -----  ---------  --------  ----------  --------------  -------------------
/opt/airflow/dags/schema_drift_dag.py   19579  0.02s             1           0  0.17s           2026-09-03T16:14:10
/opt/airflow/dags/null_spike_dag.py                              1           0  0.17s           2026-09-03T16:14:11
/opt/airflow/dags/flaky_etl_dag.py      19582  0.00s             1           0  0.16s           2026-09-03T16:14:10
/opt/airflow/dags/00_seed_demo_data.py                           1           0  0.16s           2026-09-03T16:14:11
================================================================================
[2026-09-03T16:15:10.936+0000] {manager.py:878} INFO - 
================================================================================
DAG File Processing Stats

File Path                                 PID  Runtime      # DAGs    # Errors  Last Runtime    Last Run
--------------------------------------  -----  ---------  --------  ----------  --------------  -------------------
/opt/airflow/dags/00_seed_demo_data.py                           1           0  0.15s           2026-09-03T16:14:41
/opt/airflow/dags/null_spike_dag.py                              1           0  0.15s           2026-09-03T16:14:41
/opt/airflow/dags/schema_drift_dag.py   19605  0.02s             1           0  0.14s           2026-09-03T16:14:40
/opt/airflow/dags/flaky_etl_dag.py      19608  0.01s             1           0  0.14s           2026-09-03T16:14:40
================================================================================
[2026-09-03T16:15:41.545+0000] {manager.py:878} INFO - 
================================================================================
DAG File Processing Stats

File Path                                 PID  Runtime      # DAGs    # Errors  Last Runtime    Last Run
--------------------------------------  -----  ---------  --------  ----------  --------------  -------------------
/opt/airflow/dags/schema_drift_dag.py   19631  0.02s             1           0  0.24s           2026-09-03T16:15:11
/opt/airflow/dags/flaky_etl_dag.py      19634  0.01s             1           0  0.23s           2026-09-03T16:15:11
/opt/airflow/dags/00_seed_demo_data.py                           1           0  0.19s           2026-09-03T16:15:12
/opt/airflow/dags/null_spike_dag.py                              1           0  0.19s           2026-09-03T16:15:12
================================================================================
[2026-09-03T16:16:12.110+0000] {manager.py:878} INFO - 
================================================================================
DAG File Processing Stats

File Path                                 PID  Runtime      # DAGs    # Errors  Last Runtime    Last Run
--------------------------------------  -----  ---------  --------  ----------  --------------  -------------------
/opt/airflow/dags/flaky_etl_dag.py      19660  0.01s             1           0  0.19s           2026-09-03T16:15:41
/opt/airflow/dags/schema_drift_dag.py   19657  0.02s             1           0  0.19s           2026-09-03T16:15:41
/opt/airflow/dags/null_spike_dag.py                              1           0  0.17s           2026-09-03T16:15:42
/opt/airflow/dags/00_seed_demo_data.py                           1           0  0.14s           2026-09-03T16:15:42
================================================================================
[2026-09-03T16:16:42.715+0000] {manager.py:878} INFO - 
================================================================================
DAG File Processing Stats

File Path                                 PID  Runtime      # DAGs    # Errors  Last Runtime    Last Run
--------------------------------------  -----  ---------  --------  ----------  --------------  -------------------
/opt/airflow/dags/schema_drift_dag.py   19683  0.03s             1           0  0.19s           2026-09-03T16:16:12
/opt/airflow/dags/flaky_etl_dag.py      19686  0.01s             1           0  0.19s           2026-09-03T16:16:12
/opt/airflow/dags/null_spike_dag.py                              1           0  0.17s           2026-09-03T16:16:13
/opt/airflow/dags/00_seed_demo_data.py                           1           0  0.17s           2026-09-03T16:16:13
================================================================================
[2026-09-03T16:17:13.087+0000] {manager.py:878} INFO - 
================================================================================
DAG File Processing Stats

File Path                                 PID  Runtime      # DAGs    # Errors  Last Runtime    Last Run
--------------------------------------  -----  ---------  --------  ----------  --------------  -------------------
/opt/airflow/dags/flaky_etl_dag.py      19712  0.01s             1           0  0.23s           2026-09-03T16:16:42
/opt/airflow/dags/schema_drift_dag.py   19709  0.02s             1           0  0.22s           2026-09-03T16:16:42
/opt/airflow/dags/null_spike_dag.py                              1           0  0.17s           2026-09-03T16:16:43
/opt/airflow/dags/00_seed_demo_data.py                           1           0  0.16s           2026-09-03T16:16:43
================================================================================
[2026-09-03T16:17:44.025+0000] {manager.py:737} INFO - Searching for files in /opt/airflow/dags
[2026-09-03T16:17:44.128+0000] {manager.py:740} INFO - There are 4 files in /opt/airflow/dags
[2026-09-03T16:17:44.248+0000] {manager.py:878} INFO - 
================================================================================
DAG File Processing Stats

File Path                                 PID  Runtime      # DAGs    # Errors  Last Runtime    Last Run
--------------------------------------  -----  ---------  --------  ----------  --------------  -------------------
/opt/airflow/dags/flaky_etl_dag.py      19738  0.02s             1           0  0.15s           2026-09-03T16:17:13
/opt/airflow/dags/schema_drift_dag.py   19735  0.05s             1           0  0.14s           2026-09-03T16:17:13
/opt/airflow/dags/00_seed_demo_data.py                           1           0  0.13s           2026-09-03T16:17:14
/opt/airflow/dags/null_spike_dag.py                              1           0  0.12s           2026-09-03T16:17:14
================================================================================
[2026-09-03T17:05:43.240+0000] {manager.py:737} INFO - Searching for files in /opt/airflow/dags
[2026-09-03T17:05:44.193+0000] {manager.py:740} INFO - There are 4 files in /opt/airflow/dags
[2026-09-03T17:06:08.054+0000] {manager.py:878} INFO - 
================================================================================
DAG File Processing Stats

File Path                               PID    Runtime      # DAGs    # Errors  Last Runtime    Last Run
--------------------------------------  -----  ---------  --------  ----------  --------------  -------------------
/opt/airflow/dags/00_seed_demo_data.py                           1           0  1.11s           2026-09-03T17:05:46
/opt/airflow/dags/schema_drift_dag.py                            1           0  0.81s           2026-09-03T17:05:45
/opt/airflow/dags/flaky_etl_dag.py                               1           0  0.66s           2026-09-03T17:05:45
/opt/airflow/dags/null_spike_dag.py                              1           0  0.53s           2026-09-03T17:05:45
================================================================================
[2026-09-03T17:06:38.423+0000] {manager.py:878} INFO - 
================================================================================
DAG File Processing Stats

File Path                               PID    Runtime      # DAGs    # Errors  Last Runtime    Last Run
--------------------------------------  -----  ---------  --------  ----------  --------------  -------------------
/opt/airflow/dags/00_seed_demo_data.py                           1           0  1.30s           2026-09-03T17:06:18
/opt/airflow/dags/null_spike_dag.py                              1           0  0.71s           2026-09-03T17:06:17
/opt/airflow/dags/schema_drift_dag.py                            1           0  0.65s           2026-09-03T17:06:16
/opt/airflow/dags/flaky_etl_dag.py                               1           0  0.57s           2026-09-03T17:06:17
================================================================================
[2026-09-03T17:07:08.997+0000] {manager.py:878} INFO - 
================================================================================
DAG File Processing Stats

File Path                               PID    Runtime      # DAGs    # Errors  Last Runtime    Last Run
--------------------------------------  -----  ---------  --------  ----------  --------------  -------------------
/opt/airflow/dags/flaky_etl_dag.py                               1           0  0.26s           2026-09-03T17:06:47
/opt/airflow/dags/schema_drift_dag.py                            1           0  0.24s           2026-09-03T17:06:47
/opt/airflow/dags/null_spike_dag.py                              1           0  0.16s           2026-09-03T17:06:47
/opt/airflow/dags/00_seed_demo_data.py                           1           0  0.13s           2026-09-03T17:06:48
================================================================================
[2026-09-03T17:07:39.624+0000] {manager.py:878} INFO - 
================================================================================
DAG File Processing Stats

File Path                               PID    Runtime      # DAGs    # Errors  Last Runtime    Last Run
--------------------------------------  -----  ---------  --------  ----------  --------------  -------------------
/opt/airflow/dags/00_seed_demo_data.py                           1           0  0.15s           2026-09-03T17:07:19
/opt/airflow/dags/flaky_etl_dag.py                               1           0  0.13s           2026-09-03T17:07:18
/opt/airflow/dags/schema_drift_dag.py                            1           0  0.12s           2026-09-03T17:07:18
/opt/airflow/dags/null_spike_dag.py                              1           0  0.11s           2026-09-03T17:07:18
================================================================================
[2026-09-03T17:08:10.273+0000] {manager.py:878} INFO - 
================================================================================
DAG File Processing Stats

File Path                               PID    Runtime      # DAGs    # Errors  Last Runtime    Last Run
--------------------------------------  -----  ---------  --------  ----------  --------------  -------------------
/opt/airflow/dags/flaky_etl_dag.py                               1           0  0.15s           2026-09-03T17:07:48
/opt/airflow/dags/schema_drift_dag.py                            1           0  0.14s           2026-09-03T17:07:48
/opt/airflow/dags/00_seed_demo_data.py                           1           0  0.11s           2026-09-03T17:07:50
/opt/airflow/dags/null_spike_dag.py                              1           0  0.10s           2026-09-03T17:07:49
================================================================================
[2026-09-03T17:08:40.932+0000] {manager.py:878} INFO - 
================================================================================
DAG File Processing Stats

File Path                               PID    Runtime      # DAGs    # Errors  Last Runtime    Last Run
--------------------------------------  -----  ---------  --------  ----------  --------------  -------------------
/opt/airflow/dags/flaky_etl_dag.py                               1           0  0.13s           2026-09-03T17:08:19
/opt/airflow/dags/schema_drift_dag.py                            1           0  0.12s           2026-09-03T17:08:19
/opt/airflow/dags/null_spike_dag.py                              1           0  0.12s           2026-09-03T17:08:19
/opt/airflow/dags/00_seed_demo_data.py                           1           0  0.11s           2026-09-03T17:08:20
================================================================================
[2026-09-03T17:09:11.536+0000] {manager.py:878} INFO - 
================================================================================
DAG File Processing Stats

File Path                               PID    Runtime      # DAGs    # Errors  Last Runtime    Last Run
--------------------------------------  -----  ---------  --------  ----------  --------------  -------------------
/opt/airflow/dags/flaky_etl_dag.py                               1           0  0.14s           2026-09-03T17:08:50
/opt/airflow/dags/schema_drift_dag.py                            1           0  0.13s           2026-09-03T17:08:50
/opt/airflow/dags/null_spike_dag.py                              1           0  0.13s           2026-09-03T17:08:50
/opt/airflow/dags/00_seed_demo_data.py                           1           0  0.10s           2026-09-03T17:08:51
================================================================================
[2026-09-03T17:09:42.102+0000] {manager.py:878} INFO - 
================================================================================
DAG File Processing Stats

File Path                               PID    Runtime      # DAGs    # Errors  Last Runtime    Last Run
--------------------------------------  -----  ---------  --------  ----------  --------------  -------------------
/opt/airflow/dags/flaky_etl_dag.py                               1           0  0.18s           2026-09-03T17:09:20
/opt/airflow/dags/schema_drift_dag.py                            1           0  0.16s           2026-09-03T17:09:20
/opt/airflow/dags/null_spike_dag.py                              1           0  0.13s           2026-09-03T17:09:20
/opt/airflow/dags/00_seed_demo_data.py                           1           0  0.11s           2026-09-03T17:09:21
================================================================================
[2026-09-03T17:10:12.627+0000] {manager.py:878} INFO - 
================================================================================
DAG File Processing Stats

File Path                               PID    Runtime      # DAGs    # Errors  Last Runtime    Last Run
--------------------------------------  -----  ---------  --------  ----------  --------------  -------------------
/opt/airflow/dags/flaky_etl_dag.py                               1           0  0.13s           2026-09-03T17:09:51
/opt/airflow/dags/schema_drift_dag.py                            1           0  0.12s           2026-09-03T17:09:51
/opt/airflow/dags/null_spike_dag.py                              1           0  0.11s           2026-09-03T17:09:51
/opt/airflow/dags/00_seed_demo_data.py                           1           0  0.11s           2026-09-03T17:09:52
================================================================================
[2026-09-03T17:10:43.339+0000] {manager.py:737} INFO - Searching for files in /opt/airflow/dags
[2026-09-03T17:10:43.379+0000] {manager.py:740} INFO - There are 4 files in /opt/airflow/dags
[2026-09-03T17:10:43.389+0000] {manager.py:878} INFO - 
================================================================================
DAG File Processing Stats

File Path                               PID    Runtime      # DAGs    # Errors  Last Runtime    Last Run
--------------------------------------  -----  ---------  --------  ----------  --------------  -------------------
/opt/airflow/dags/null_spike_dag.py                              1           0  0.16s           2026-09-03T17:10:36
/opt/airflow/dags/flaky_etl_dag.py                               1           0  0.12s           2026-09-03T17:10:21
/opt/airflow/dags/schema_drift_dag.py                            1           0  0.11s           2026-09-03T17:10:21
/opt/airflow/dags/00_seed_demo_data.py                           1           0  0.11s           2026-09-03T17:10:23
================================================================================
[2026-09-03T17:11:13.960+0000] {manager.py:878} INFO - 
================================================================================
DAG File Processing Stats

File Path                               PID    Runtime      # DAGs    # Errors  Last Runtime    Last Run
--------------------------------------  -----  ---------  --------  ----------  --------------  -------------------
/opt/airflow/dags/schema_drift_dag.py                            1           0  0.18s           2026-09-03T17:10:52
/opt/airflow/dags/flaky_etl_dag.py                               1           0  0.16s           2026-09-03T17:10:52
/opt/airflow/dags/00_seed_demo_data.py                           1           0  0.13s           2026-09-03T17:10:53
/opt/airflow/dags/null_spike_dag.py                              1           0  0.13s           2026-09-03T17:10:49
================================================================================
[2026-09-03T17:11:44.543+0000] {manager.py:878} INFO - 
================================================================================
DAG File Processing Stats

File Path                               PID    Runtime      # DAGs    # Errors  Last Runtime    Last Run
--------------------------------------  -----  ---------  --------  ----------  --------------  -------------------
/opt/airflow/dags/schema_drift_dag.py                            1           0  0.19s           2026-09-03T17:11:23
/opt/airflow/dags/flaky_etl_dag.py                               1           0  0.19s           2026-09-03T17:11:23
/opt/airflow/dags/00_seed_demo_data.py                           1           0  0.17s           2026-09-03T17:11:24
/opt/airflow/dags/null_spike_dag.py                              1           0  0.12s           2026-09-03T17:11:20
================================================================================
[2026-09-03T17:12:14.564+0000] {manager.py:878} INFO - 
================================================================================
DAG File Processing Stats

File Path                                 PID  Runtime      # DAGs    # Errors  Last Runtime    Last Run
--------------------------------------  -----  ---------  --------  ----------  --------------  -------------------
/opt/airflow/dags/null_spike_dag.py     20118  0.09s             1           0  0.17s           2026-09-03T17:12:12
/opt/airflow/dags/schema_drift_dag.py                            1           0  0.14s           2026-09-03T17:11:53
/opt/airflow/dags/flaky_etl_dag.py                               1           0  0.14s           2026-09-03T17:11:53
/opt/airflow/dags/00_seed_demo_data.py                           1           0  0.13s           2026-09-03T17:11:54
================================================================================
[2026-09-03T17:12:45.132+0000] {manager.py:878} INFO - 
================================================================================
DAG File Processing Stats

File Path                                 PID  Runtime      # DAGs    # Errors  Last Runtime    Last Run
--------------------------------------  -----  ---------  --------  ----------  --------------  -------------------
/opt/airflow/dags/00_seed_demo_data.py                           1           0  0.18s           2026-09-03T17:12:25
/opt/airflow/dags/null_spike_dag.py     20144  0.00s             1           0  0.15s           2026-09-03T17:12:14
/opt/airflow/dags/schema_drift_dag.py                            1           0  0.13s           2026-09-03T17:12:24
/opt/airflow/dags/flaky_etl_dag.py                               1           0  0.13s           2026-09-03T17:12:24
================================================================================
[2026-09-03T17:13:15.743+0000] {manager.py:878} INFO - 
================================================================================
DAG File Processing Stats

File Path                                 PID  Runtime      # DAGs    # Errors  Last Runtime    Last Run
--------------------------------------  -----  ---------  --------  ----------  --------------  -------------------
/opt/airflow/dags/flaky_etl_dag.py                               1           0  0.15s           2026-09-03T17:12:55
/opt/airflow/dags/schema_drift_dag.py                            1           0  0.15s           2026-09-03T17:12:55
/opt/airflow/dags/00_seed_demo_data.py                           1           0  0.13s           2026-09-03T17:12:56
/opt/airflow/dags/null_spike_dag.py     20170  0.00s             1           0  0.12s           2026-09-03T17:12:45
================================================================================
[2026-09-03T17:13:46.424+0000] {manager.py:878} INFO - 
================================================================================
DAG File Processing Stats

File Path                                 PID  Runtime      # DAGs    # Errors  Last Runtime    Last Run
--------------------------------------  -----  ---------  --------  ----------  --------------  -------------------
/opt/airflow/dags/schema_drift_dag.py                            1           0  0.26s           2026-09-03T17:13:26
/opt/airflow/dags/flaky_etl_dag.py                               1           0  0.25s           2026-09-03T17:13:26
/opt/airflow/dags/null_spike_dag.py     20196  0.01s             1           0  0.15s           2026-09-03T17:13:15
/opt/airflow/dags/00_seed_demo_data.py                           1           0  0.12s           2026-09-03T17:13:27
================================================================================
[2026-09-03T17:14:16.922+0000] {manager.py:878} INFO - 
================================================================================
DAG File Processing Stats

File Path                                 PID  Runtime      # DAGs    # Errors  Last Runtime    Last Run
--------------------------------------  -----  ---------  --------  ----------  --------------  -------------------
/opt/airflow/dags/null_spike_dag.py     20223  0.01s             1           0  0.17s           2026-09-03T17:13:46
/opt/airflow/dags/schema_drift_dag.py                            1           0  0.14s           2026-09-03T17:13:56
/opt/airflow/dags/00_seed_demo_data.py                           1           0  0.13s           2026-09-03T17:13:57
/opt/airflow/dags/flaky_etl_dag.py                               1           0  0.12s           2026-09-03T17:13:56
================================================================================
[2026-09-03T17:14:47.494+0000] {manager.py:878} INFO - 
================================================================================
DAG File Processing Stats

File Path                                 PID  Runtime      # DAGs    # Errors  Last Runtime    Last Run
--------------------------------------  -----  ---------  --------  ----------  --------------  -------------------
/opt/airflow/dags/schema_drift_dag.py                            1           0  0.18s           2026-09-03T17:14:27
/opt/airflow/dags/00_seed_demo_data.py                           1           0  0.18s           2026-09-03T17:14:28
/opt/airflow/dags/flaky_etl_dag.py                               1           0  0.17s           2026-09-03T17:14:27
/opt/airflow/dags/null_spike_dag.py     20252  0.01s             1           0  0.14s           2026-09-03T17:14:17
================================================================================
[2026-09-03T17:15:18.074+0000] {manager.py:878} INFO - 
================================================================================
DAG File Processing Stats

File Path                                 PID  Runtime      # DAGs    # Errors  Last Runtime    Last Run
--------------------------------------  -----  ---------  --------  ----------  --------------  -------------------
/opt/airflow/dags/flaky_etl_dag.py                               1           0  0.17s           2026-09-03T17:14:57
/opt/airflow/dags/schema_drift_dag.py                            1           0  0.17s           2026-09-03T17:14:57
/opt/airflow/dags/null_spike_dag.py     20278  0.00s             1           0  0.16s           2026-09-03T17:14:47
/opt/airflow/dags/00_seed_demo_data.py                           1           0  0.13s           2026-09-03T17:14:59
================================================================================
[2026-09-03T17:15:43.673+0000] {manager.py:737} INFO - Searching for files in /opt/airflow/dags
[2026-09-03T17:15:43.775+0000] {manager.py:740} INFO - There are 4 files in /opt/airflow/dags
[2026-09-03T17:15:48.845+0000] {manager.py:878} INFO - 
================================================================================
DAG File Processing Stats

File Path                                 PID  Runtime      # DAGs    # Errors  Last Runtime    Last Run
--------------------------------------  -----  ---------  --------  ----------  --------------  -------------------
/opt/airflow/dags/schema_drift_dag.py                            1           0  0.24s           2026-09-03T17:15:28
/opt/airflow/dags/flaky_etl_dag.py                               1           0  0.23s           2026-09-03T17:15:28
/opt/airflow/dags/00_seed_demo_data.py                           1           0  0.19s           2026-09-03T17:15:29
/opt/airflow/dags/null_spike_dag.py     20304  0.00s             1           0  0.14s           2026-09-03T17:15:18
================================================================================
[2026-09-03T17:16:19.602+0000] {manager.py:878} INFO - 
================================================================================
DAG File Processing Stats

File Path                                 PID  Runtime      # DAGs    # Errors  Last Runtime    Last Run
--------------------------------------  -----  ---------  --------  ----------  --------------  -------------------
/opt/airflow/dags/flaky_etl_dag.py                               1           0  0.31s           2026-09-03T17:15:59
/opt/airflow/dags/schema_drift_dag.py                            1           0  0.29s           2026-09-03T17:15:59
/opt/airflow/dags/null_spike_dag.py     20330  0.01s             1           0  0.22s           2026-09-03T17:15:49
/opt/airflow/dags/00_seed_demo_data.py                           1           0  0.21s           2026-09-03T17:16:00
================================================================================
[2026-09-03T17:16:50.194+0000] {manager.py:878} INFO - 
================================================================================
DAG File Processing Stats

File Path                                 PID  Runtime      # DAGs    # Errors  Last Runtime    Last Run
--------------------------------------  -----  ---------  --------  ----------  --------------  -------------------
/opt/airflow/dags/null_spike_dag.py     20360  0.01s             1           0  0.15s           2026-09-03T17:16:19
/opt/airflow/dags/00_seed_demo_data.py                           1           0  0.14s           2026-09-03T17:16:31
/opt/airflow/dags/schema_drift_dag.py                            1           0  0.12s           2026-09-03T17:16:29
/opt/airflow/dags/flaky_etl_dag.py                               1           0  0.12s           2026-09-03T17:16:29
================================================================================
[2026-09-03T17:17:21.008+0000] {manager.py:878} INFO - 
================================================================================
DAG File Processing Stats

File Path                               PID    Runtime      # DAGs    # Errors  Last Runtime    Last Run
--------------------------------------  -----  ---------  --------  ----------  --------------  -------------------
/opt/airflow/dags/null_spike_dag.py                              1           0  0.16s           2026-09-03T17:17:20
/opt/airflow/dags/00_seed_demo_data.py                           1           0  0.15s           2026-09-03T17:17:01
/opt/airflow/dags/schema_drift_dag.py                            1           0  0.14s           2026-09-03T17:17:00
/opt/airflow/dags/flaky_etl_dag.py                               1           0  0.12s           2026-09-03T17:17:00
================================================================================
[2026-09-03T17:17:51.151+0000] {manager.py:878} INFO - 
================================================================================
DAG File Processing Stats

File Path                               PID    Runtime      # DAGs    # Errors  Last Runtime    Last Run
--------------------------------------  -----  ---------  --------  ----------  --------------  -------------------
/opt/airflow/dags/null_spike_dag.py                              1           0  0.37s           2026-09-03T17:17:46
/opt/airflow/dags/flaky_etl_dag.py                               1           0  0.12s           2026-09-03T17:17:31
/opt/airflow/dags/schema_drift_dag.py                            1           0  0.12s           2026-09-03T17:17:31
/opt/airflow/dags/00_seed_demo_data.py                           1           0  0.11s           2026-09-03T17:17:32
================================================================================
[2026-09-03T17:18:21.184+0000] {manager.py:878} INFO - 
================================================================================
DAG File Processing Stats

File Path                                 PID  Runtime      # DAGs    # Errors  Last Runtime    Last Run
--------------------------------------  -----  ---------  --------  ----------  --------------  -------------------
/opt/airflow/dags/null_spike_dag.py     20504  0.14s             1           0  0.31s           2026-09-03T17:18:20
/opt/airflow/dags/schema_drift_dag.py                            1           0  0.16s           2026-09-03T17:18:02
/opt/airflow/dags/flaky_etl_dag.py                               1           0  0.16s           2026-09-03T17:18:02
/opt/airflow/dags/00_seed_demo_data.py                           1           0  0.15s           2026-09-03T17:18:03
================================================================================
[2026-09-03T17:18:51.360+0000] {manager.py:878} INFO - 
================================================================================
DAG File Processing Stats

File Path                               PID    Runtime      # DAGs    # Errors  Last Runtime    Last Run
--------------------------------------  -----  ---------  --------  ----------  --------------  -------------------
/opt/airflow/dags/null_spike_dag.py                              1           0  0.32s           2026-09-03T17:18:46
/opt/airflow/dags/schema_drift_dag.py                            1           0  0.13s           2026-09-03T17:18:32
/opt/airflow/dags/flaky_etl_dag.py                               1           0  0.13s           2026-09-03T17:18:32
/opt/airflow/dags/00_seed_demo_data.py                           1           0  0.12s           2026-09-03T17:18:33
================================================================================
[2026-09-03T17:19:21.891+0000] {manager.py:878} INFO - 
================================================================================
DAG File Processing Stats

File Path                               PID    Runtime      # DAGs    # Errors  Last Runtime    Last Run
--------------------------------------  -----  ---------  --------  ----------  --------------  -------------------
/opt/airflow/dags/flaky_etl_dag.py                               1           0  0.14s           2026-09-03T17:19:03
/opt/airflow/dags/schema_drift_dag.py                            1           0  0.14s           2026-09-03T17:19:03
/opt/airflow/dags/null_spike_dag.py                              1           0  0.13s           2026-09-03T17:18:57
/opt/airflow/dags/00_seed_demo_data.py                           1           0  0.12s           2026-09-03T17:19:04
================================================================================
[2026-09-03T17:19:51.957+0000] {manager.py:878} INFO - 
================================================================================
DAG File Processing Stats

File Path                               PID    Runtime      # DAGs    # Errors  Last Runtime    Last Run
--------------------------------------  -----  ---------  --------  ----------  --------------  -------------------
/opt/airflow/dags/null_spike_dag.py                              1           0  0.38s           2026-09-03T17:19:29
/opt/airflow/dags/schema_drift_dag.py                            1           0  0.30s           2026-09-03T17:19:34
/opt/airflow/dags/flaky_etl_dag.py                               1           0  0.28s           2026-09-03T17:19:34
/opt/airflow/dags/00_seed_demo_data.py                           1           0  0.24s           2026-09-03T17:19:35
================================================================================
[2026-09-03T17:20:22.461+0000] {manager.py:878} INFO - 
================================================================================
DAG File Processing Stats

File Path                               PID    Runtime      # DAGs    # Errors  Last Runtime    Last Run
--------------------------------------  -----  ---------  --------  ----------  --------------  -------------------
/opt/airflow/dags/00_seed_demo_data.py                           1           0  0.21s           2026-09-03T17:20:06
/opt/airflow/dags/null_spike_dag.py                              1           0  0.15s           2026-09-03T17:20:12
/opt/airflow/dags/flaky_etl_dag.py                               1           0  0.13s           2026-09-03T17:20:05
/opt/airflow/dags/schema_drift_dag.py                            1           0  0.13s           2026-09-03T17:20:05
================================================================================
[2026-09-03T17:20:43.980+0000] {manager.py:737} INFO - Searching for files in /opt/airflow/dags
[2026-09-03T17:20:44.020+0000] {manager.py:740} INFO - There are 4 files in /opt/airflow/dags
[2026-09-03T17:20:53.115+0000] {manager.py:878} INFO - 
================================================================================
DAG File Processing Stats

File Path                               PID    Runtime      # DAGs    # Errors  Last Runtime    Last Run
--------------------------------------  -----  ---------  --------  ----------  --------------  -------------------
/opt/airflow/dags/schema_drift_dag.py                            1           0  0.14s           2026-09-03T17:20:35
/opt/airflow/dags/flaky_etl_dag.py                               1           0  0.14s           2026-09-03T17:20:35
/opt/airflow/dags/00_seed_demo_data.py                           1           0  0.12s           2026-09-03T17:20:36
/opt/airflow/dags/null_spike_dag.py                              1           0  0.11s           2026-09-03T17:20:42
================================================================================
[2026-09-03T17:21:23.663+0000] {manager.py:878} INFO - 
================================================================================
DAG File Processing Stats

File Path                               PID    Runtime      # DAGs    # Errors  Last Runtime    Last Run
--------------------------------------  -----  ---------  --------  ----------  --------------  -------------------
/opt/airflow/dags/null_spike_dag.py                              1           0  0.35s           2026-09-03T17:21:13
/opt/airflow/dags/schema_drift_dag.py                            1           0  0.19s           2026-09-03T17:21:06
/opt/airflow/dags/flaky_etl_dag.py                               1           0  0.17s           2026-09-03T17:21:06
/opt/airflow/dags/00_seed_demo_data.py                           1           0  0.14s           2026-09-03T17:21:07
================================================================================
[2026-09-03T17:21:53.738+0000] {manager.py:878} INFO - 
================================================================================
DAG File Processing Stats

File Path                               PID    Runtime      # DAGs    # Errors  Last Runtime    Last Run
--------------------------------------  -----  ---------  --------  ----------  --------------  -------------------
/opt/airflow/dags/schema_drift_dag.py                            1           0  0.34s           2026-09-03T17:21:37
/opt/airflow/dags/flaky_etl_dag.py                               1           0  0.33s           2026-09-03T17:21:37
/opt/airflow/dags/00_seed_demo_data.py                           1           0  0.26s           2026-09-03T17:21:38
/opt/airflow/dags/null_spike_dag.py                              1           0  0.22s           2026-09-03T17:21:44
================================================================================
[2026-09-03T17:22:24.167+0000] {manager.py:878} INFO - 
================================================================================
DAG File Processing Stats

File Path                               PID    Runtime      # DAGs    # Errors  Last Runtime    Last Run
--------------------------------------  -----  ---------  --------  ----------  --------------  -------------------
/opt/airflow/dags/null_spike_dag.py                              1           0  0.27s           2026-09-03T17:22:15
/opt/airflow/dags/flaky_etl_dag.py                               1           0  0.17s           2026-09-03T17:22:07
/opt/airflow/dags/schema_drift_dag.py                            1           0  0.17s           2026-09-03T17:22:07
/opt/airflow/dags/00_seed_demo_data.py                           1           0  0.12s           2026-09-03T17:22:09
================================================================================
[2026-09-03T17:22:54.730+0000] {manager.py:878} INFO - 
================================================================================
DAG File Processing Stats

File Path                               PID    Runtime      # DAGs    # Errors  Last Runtime    Last Run
--------------------------------------  -----  ---------  --------  ----------  --------------  -------------------
/opt/airflow/dags/schema_drift_dag.py                            1           0  0.14s           2026-09-03T17:22:38
/opt/airflow/dags/flaky_etl_dag.py                               1           0  0.14s           2026-09-03T17:22:38
/opt/airflow/dags/00_seed_demo_data.py                           1           0  0.13s           2026-09-03T17:22:39
/opt/airflow/dags/null_spike_dag.py                              1           0  0.11s           2026-09-03T17:22:45
================================================================================
[2026-09-03T17:23:25.330+0000] {manager.py:878} INFO - 
================================================================================
DAG File Processing Stats

File Path                               PID    Runtime      # DAGs    # Errors  Last Runtime    Last Run
--------------------------------------  -----  ---------  --------  ----------  --------------  -------------------
/opt/airflow/dags/null_spike_dag.py                              1           0  0.41s           2026-09-03T17:23:16
/opt/airflow/dags/schema_drift_dag.py                            1           0  0.14s           2026-09-03T17:23:09
/opt/airflow/dags/flaky_etl_dag.py                               1           0  0.14s           2026-09-03T17:23:09
/opt/airflow/dags/00_seed_demo_data.py                           1           0  0.13s           2026-09-03T17:23:10
================================================================================
[2026-09-03T17:23:56.171+0000] {manager.py:878} INFO - 
================================================================================
DAG File Processing Stats

File Path                               PID    Runtime      # DAGs    # Errors  Last Runtime    Last Run
--------------------------------------  -----  ---------  --------  ----------  --------------  -------------------
/opt/airflow/dags/flaky_etl_dag.py                               1           0  0.27s           2026-09-03T17:23:39
/opt/airflow/dags/schema_drift_dag.py                            1           0  0.27s           2026-09-03T17:23:39
/opt/airflow/dags/00_seed_demo_data.py                           1           0  0.24s           2026-09-03T17:23:41
/opt/airflow/dags/null_spike_dag.py                              1           0  0.23s           2026-09-03T17:23:47
================================================================================
[2026-09-03T17:24:27.162+0000] {manager.py:878} INFO - 
================================================================================
DAG File Processing Stats

File Path                               PID    Runtime      # DAGs    # Errors  Last Runtime    Last Run
--------------------------------------  -----  ---------  --------  ----------  --------------  -------------------
/opt/airflow/dags/flaky_etl_dag.py                               1           0  0.42s           2026-09-03T17:24:10
/opt/airflow/dags/schema_drift_dag.py                            1           0  0.41s           2026-09-03T17:24:10
/opt/airflow/dags/null_spike_dag.py                              1           0  0.25s           2026-09-03T17:24:18
/opt/airflow/dags/00_seed_demo_data.py                           1           0  0.25s           2026-09-03T17:24:12
================================================================================
[2026-09-03T17:24:57.688+0000] {manager.py:878} INFO - 
================================================================================
DAG File Processing Stats

File Path                               PID    Runtime      # DAGs    # Errors  Last Runtime    Last Run
--------------------------------------  -----  ---------  --------  ----------  --------------  -------------------
/opt/airflow/dags/null_spike_dag.py                              1           0  0.15s           2026-09-03T17:24:48
/opt/airflow/dags/flaky_etl_dag.py                               1           0  0.13s           2026-09-03T17:24:41
/opt/airflow/dags/schema_drift_dag.py                            1           0  0.13s           2026-09-03T17:24:41
/opt/airflow/dags/00_seed_demo_data.py                           1           0  0.11s           2026-09-03T17:24:42
================================================================================
[2026-09-03T17:25:28.197+0000] {manager.py:878} INFO - 
================================================================================
DAG File Processing Stats

File Path                               PID    Runtime      # DAGs    # Errors  Last Runtime    Last Run
--------------------------------------  -----  ---------  --------  ----------  --------------  -------------------
/opt/airflow/dags/null_spike_dag.py                              1           0  0.12s           2026-09-03T17:25:19
/opt/airflow/dags/schema_drift_dag.py                            1           0  0.12s           2026-09-03T17:25:11
/opt/airflow/dags/flaky_etl_dag.py                               1           0  0.12s           2026-09-03T17:25:12
/opt/airflow/dags/00_seed_demo_data.py                           1           0  0.11s           2026-09-03T17:25:13
================================================================================
[2026-09-03T17:25:44.518+0000] {manager.py:737} INFO - Searching for files in /opt/airflow/dags
[2026-09-03T17:25:44.562+0000] {manager.py:740} INFO - There are 4 files in /opt/airflow/dags
[2026-09-03T17:25:58.770+0000] {manager.py:878} INFO - 
================================================================================
DAG File Processing Stats

File Path                               PID    Runtime      # DAGs    # Errors  Last Runtime    Last Run
--------------------------------------  -----  ---------  --------  ----------  --------------  -------------------
/opt/airflow/dags/schema_drift_dag.py                            1           0  0.13s           2026-09-03T17:25:42
/opt/airflow/dags/flaky_etl_dag.py                               1           0  0.13s           2026-09-03T17:25:42
/opt/airflow/dags/00_seed_demo_data.py                           1           0  0.12s           2026-09-03T17:25:43
/opt/airflow/dags/null_spike_dag.py                              1           0  0.11s           2026-09-03T17:25:49
================================================================================
[2026-09-03T17:26:29.340+0000] {manager.py:878} INFO - 
================================================================================
DAG File Processing Stats

File Path                               PID    Runtime      # DAGs    # Errors  Last Runtime    Last Run
--------------------------------------  -----  ---------  --------  ----------  --------------  -------------------
/opt/airflow/dags/00_seed_demo_data.py                           1           0  0.14s           2026-09-03T17:26:14
/opt/airflow/dags/flaky_etl_dag.py                               1           0  0.12s           2026-09-03T17:26:13
/opt/airflow/dags/schema_drift_dag.py                            1           0  0.12s           2026-09-03T17:26:13
/opt/airflow/dags/null_spike_dag.py                              1           0  0.11s           2026-09-03T17:26:20
================================================================================
[2026-09-03T17:26:59.859+0000] {manager.py:878} INFO - 
================================================================================
DAG File Processing Stats

File Path                               PID    Runtime      # DAGs    # Errors  Last Runtime    Last Run
--------------------------------------  -----  ---------  --------  ----------  --------------  -------------------
/opt/airflow/dags/flaky_etl_dag.py                               1           0  0.14s           2026-09-03T17:26:43
/opt/airflow/dags/null_spike_dag.py                              1           0  0.14s           2026-09-03T17:26:50
/opt/airflow/dags/schema_drift_dag.py                            1           0  0.14s           2026-09-03T17:26:43
/opt/airflow/dags/00_seed_demo_data.py                           1           0  0.13s           2026-09-03T17:26:44
================================================================================
[2026-09-03T17:27:30.430+0000] {manager.py:878} INFO - 
================================================================================
DAG File Processing Stats

File Path                               PID    Runtime      # DAGs    # Errors  Last Runtime    Last Run
--------------------------------------  -----  ---------  --------  ----------  --------------  -------------------
/opt/airflow/dags/flaky_etl_dag.py                               1           0  0.16s           2026-09-03T17:27:14
/opt/airflow/dags/schema_drift_dag.py                            1           0  0.16s           2026-09-03T17:27:14
/opt/airflow/dags/null_spike_dag.py                              1           0  0.13s           2026-09-03T17:27:21
/opt/airflow/dags/00_seed_demo_data.py                           1           0  0.12s           2026-09-03T17:27:15
================================================================================
[2026-09-03T17:28:00.949+0000] {manager.py:878} INFO - 
================================================================================
DAG File Processing Stats

File Path                               PID    Runtime      # DAGs    # Errors  Last Runtime    Last Run
--------------------------------------  -----  ---------  --------  ----------  --------------  -------------------
/opt/airflow/dags/schema_drift_dag.py                            1           0  0.21s           2026-09-03T17:27:44
/opt/airflow/dags/flaky_etl_dag.py                               1           0  0.18s           2026-09-03T17:27:44
/opt/airflow/dags/null_spike_dag.py                              1           0  0.14s           2026-09-03T17:27:51
/opt/airflow/dags/00_seed_demo_data.py                           1           0  0.11s           2026-09-03T17:27:45
================================================================================
[2026-09-03T17:28:31.610+0000] {manager.py:878} INFO - 
================================================================================
DAG File Processing Stats

File Path                               PID    Runtime      # DAGs    # Errors  Last Runtime    Last Run
--------------------------------------  -----  ---------  --------  ----------  --------------  -------------------
/opt/airflow/dags/schema_drift_dag.py                            1           0  0.14s           2026-09-03T17:28:15
/opt/airflow/dags/flaky_etl_dag.py                               1           0  0.14s           2026-09-03T17:28:15
/opt/airflow/dags/null_spike_dag.py                              1           0  0.14s           2026-09-03T17:28:22
/opt/airflow/dags/00_seed_demo_data.py                           1           0  0.13s           2026-09-03T17:28:16
================================================================================
[2026-09-03T17:29:02.314+0000] {manager.py:878} INFO - 
================================================================================
DAG File Processing Stats

File Path                               PID    Runtime      # DAGs    # Errors  Last Runtime    Last Run
--------------------------------------  -----  ---------  --------  ----------  --------------  -------------------
/opt/airflow/dags/flaky_etl_dag.py                               1           0  0.23s           2026-09-03T17:28:46
/opt/airflow/dags/schema_drift_dag.py                            1           0  0.20s           2026-09-03T17:28:45
/opt/airflow/dags/null_spike_dag.py                              1           0  0.17s           2026-09-03T17:28:53
/opt/airflow/dags/00_seed_demo_data.py                           1           0  0.10s           2026-09-03T17:28:47
================================================================================
[2026-09-03T17:29:32.462+0000] {manager.py:878} INFO - 
================================================================================
DAG File Processing Stats

File Path                               PID    Runtime      # DAGs    # Errors  Last Runtime    Last Run
--------------------------------------  -----  ---------  --------  ----------  --------------  -------------------
/opt/airflow/dags/flaky_etl_dag.py                               1           0  0.54s           2026-09-03T17:29:17
/opt/airflow/dags/schema_drift_dag.py                            1           0  0.53s           2026-09-03T17:29:17
/opt/airflow/dags/null_spike_dag.py                              1           0  0.48s           2026-09-03T17:29:23
/opt/airflow/dags/00_seed_demo_data.py                           1           0  0.21s           2026-09-03T17:29:18
================================================================================
[2026-09-03T17:30:02.637+0000] {manager.py:878} INFO - 
================================================================================
DAG File Processing Stats

File Path                               PID    Runtime      # DAGs    # Errors  Last Runtime    Last Run
--------------------------------------  -----  ---------  --------  ----------  --------------  -------------------
/opt/airflow/dags/null_spike_dag.py                              1           0  0.18s           2026-09-03T17:29:54
/opt/airflow/dags/00_seed_demo_data.py                           1           0  0.14s           2026-09-03T17:29:48
/opt/airflow/dags/schema_drift_dag.py                            1           0  0.13s           2026-09-03T17:29:47
/opt/airflow/dags/flaky_etl_dag.py                               1           0  0.11s           2026-09-03T17:29:47
================================================================================
[2026-09-03T17:30:33.100+0000] {manager.py:878} INFO - 
================================================================================
DAG File Processing Stats

File Path                               PID    Runtime      # DAGs    # Errors  Last Runtime    Last Run
--------------------------------------  -----  ---------  --------  ----------  --------------  -------------------
/opt/airflow/dags/00_seed_demo_data.py                           1           0  0.16s           2026-09-03T17:30:18
/opt/airflow/dags/schema_drift_dag.py                            1           0  0.14s           2026-09-03T17:30:17
/opt/airflow/dags/flaky_etl_dag.py                               1           0  0.14s           2026-09-03T17:30:17
/opt/airflow/dags/null_spike_dag.py                              1           0  0.11s           2026-09-03T17:30:25
================================================================================
[2026-09-03T17:30:45.247+0000] {manager.py:737} INFO - Searching for files in /opt/airflow/dags
[2026-09-03T17:30:45.293+0000] {manager.py:740} INFO - There are 4 files in /opt/airflow/dags
[2026-09-03T17:31:03.804+0000] {manager.py:878} INFO - 
================================================================================
DAG File Processing Stats

File Path                               PID    Runtime      # DAGs    # Errors  Last Runtime    Last Run
--------------------------------------  -----  ---------  --------  ----------  --------------  -------------------
/opt/airflow/dags/schema_drift_dag.py                            1           0  0.11s           2026-09-03T17:30:48
/opt/airflow/dags/00_seed_demo_data.py                           1           0  0.11s           2026-09-03T17:30:49
/opt/airflow/dags/flaky_etl_dag.py                               1           0  0.11s           2026-09-03T17:30:48
/opt/airflow/dags/null_spike_dag.py                              1           0  0.11s           2026-09-03T17:30:55
================================================================================
[2026-09-03T17:31:34.614+0000] {manager.py:878} INFO - 
================================================================================
DAG File Processing Stats

File Path                               PID    Runtime      # DAGs    # Errors  Last Runtime    Last Run
--------------------------------------  -----  ---------  --------  ----------  --------------  -------------------
/opt/airflow/dags/schema_drift_dag.py                            1           0  0.35s           2026-09-03T17:31:19
/opt/airflow/dags/flaky_etl_dag.py                               1           0  0.31s           2026-09-03T17:31:19
/opt/airflow/dags/00_seed_demo_data.py                           1           0  0.12s           2026-09-03T17:31:20
/opt/airflow/dags/null_spike_dag.py                              1           0  0.11s           2026-09-03T17:31:26
================================================================================
[2026-09-03T17:32:05.171+0000] {manager.py:878} INFO - 
================================================================================
DAG File Processing Stats

File Path                               PID    Runtime      # DAGs    # Errors  Last Runtime    Last Run
--------------------------------------  -----  ---------  --------  ----------  --------------  -------------------
/opt/airflow/dags/null_spike_dag.py                              1           0  0.12s           2026-09-03T17:31:57
/opt/airflow/dags/flaky_etl_dag.py                               1           0  0.12s           2026-09-03T17:31:49
/opt/airflow/dags/schema_drift_dag.py                            1           0  0.12s           2026-09-03T17:31:49
/opt/airflow/dags/00_seed_demo_data.py                           1           0  0.12s           2026-09-03T17:31:51
================================================================================
[2026-09-03T17:32:35.728+0000] {manager.py:878} INFO - 
================================================================================
DAG File Processing Stats

File Path                               PID    Runtime      # DAGs    # Errors  Last Runtime    Last Run
--------------------------------------  -----  ---------  --------  ----------  --------------  -------------------
/opt/airflow/dags/null_spike_dag.py                              1           0  0.17s           2026-09-03T17:32:27
/opt/airflow/dags/schema_drift_dag.py                            1           0  0.16s           2026-09-03T17:32:20
/opt/airflow/dags/flaky_etl_dag.py                               1           0  0.16s           2026-09-03T17:32:20
/opt/airflow/dags/00_seed_demo_data.py                           1           0  0.12s           2026-09-03T17:32:21
================================================================================
[2026-09-03T17:33:06.302+0000] {manager.py:878} INFO - 
================================================================================
DAG File Processing Stats

File Path                               PID    Runtime      # DAGs    # Errors  Last Runtime    Last Run
--------------------------------------  -----  ---------  --------  ----------  --------------  -------------------
/opt/airflow/dags/schema_drift_dag.py                            1           0  0.22s           2026-09-03T17:32:51
/opt/airflow/dags/flaky_etl_dag.py                               1           0  0.21s           2026-09-03T17:32:51
/opt/airflow/dags/00_seed_demo_data.py                           1           0  0.12s           2026-09-03T17:32:52
/opt/airflow/dags/null_spike_dag.py                              1           0  0.11s           2026-09-03T17:32:58
================================================================================
[2026-09-03T17:33:36.888+0000] {manager.py:878} INFO - 
================================================================================
DAG File Processing Stats

File Path                               PID    Runtime      # DAGs    # Errors  Last Runtime    Last Run
--------------------------------------  -----  ---------  --------  ----------  --------------  -------------------
/opt/airflow/dags/schema_drift_dag.py                            1           0  0.12s           2026-09-03T17:33:21
/opt/airflow/dags/flaky_etl_dag.py                               1           0  0.11s           2026-09-03T17:33:21
/opt/airflow/dags/00_seed_demo_data.py                           1           0  0.11s           2026-09-03T17:33:22
/opt/airflow/dags/null_spike_dag.py                              1           0  0.11s           2026-09-03T17:33:28
================================================================================
[2026-09-03T17:34:07.422+0000] {manager.py:878} INFO - 
================================================================================
DAG File Processing Stats

File Path                               PID    Runtime      # DAGs    # Errors  Last Runtime    Last Run
--------------------------------------  -----  ---------  --------  ----------  --------------  -------------------
/opt/airflow/dags/schema_drift_dag.py                            1           0  0.15s           2026-09-03T17:33:52
/opt/airflow/dags/flaky_etl_dag.py                               1           0  0.15s           2026-09-03T17:33:52
/opt/airflow/dags/null_spike_dag.py                              1           0  0.13s           2026-09-03T17:33:59
/opt/airflow/dags/00_seed_demo_data.py                           1           0  0.11s           2026-09-03T17:33:53
================================================================================
[2026-09-03T17:34:37.967+0000] {manager.py:878} INFO - 
================================================================================
DAG File Processing Stats

File Path                               PID    Runtime      # DAGs    # Errors  Last Runtime    Last Run
--------------------------------------  -----  ---------  --------  ----------  --------------  -------------------
/opt/airflow/dags/flaky_etl_dag.py                               1           0  0.15s           2026-09-03T17:34:22
/opt/airflow/dags/schema_drift_dag.py                            1           0  0.15s           2026-09-03T17:34:22
/opt/airflow/dags/null_spike_dag.py                              1           0  0.12s           2026-09-03T17:34:29
/opt/airflow/dags/00_seed_demo_data.py                           1           0  0.11s           2026-09-03T17:34:23
================================================================================
[2026-09-03T17:35:08.479+0000] {manager.py:878} INFO - 
================================================================================
DAG File Processing Stats

File Path                               PID    Runtime      # DAGs    # Errors  Last Runtime    Last Run
--------------------------------------  -----  ---------  --------  ----------  --------------  -------------------
/opt/airflow/dags/schema_drift_dag.py                            1           0  0.12s           2026-09-03T17:34:53
/opt/airflow/dags/flaky_etl_dag.py                               1           0  0.12s           2026-09-03T17:34:53
/opt/airflow/dags/null_spike_dag.py                              1           0  0.11s           2026-09-03T17:35:00
/opt/airflow/dags/00_seed_demo_data.py                           1           0  0.10s           2026-09-03T17:34:54
================================================================================
[2026-09-03T17:35:39.093+0000] {manager.py:878} INFO - 
================================================================================
DAG File Processing Stats

File Path                               PID    Runtime      # DAGs    # Errors  Last Runtime    Last Run
--------------------------------------  -----  ---------  --------  ----------  --------------  -------------------
/opt/airflow/dags/00_seed_demo_data.py                           1           0  0.28s           2026-09-03T17:35:25
/opt/airflow/dags/flaky_etl_dag.py                               1           0  0.21s           2026-09-03T17:35:23
/opt/airflow/dags/schema_drift_dag.py                            1           0  0.20s           2026-09-03T17:35:23
/opt/airflow/dags/null_spike_dag.py                              1           0  0.12s           2026-09-03T17:35:31
================================================================================
[2026-09-03T17:35:45.290+0000] {manager.py:737} INFO - Searching for files in /opt/airflow/dags
[2026-09-03T17:35:45.363+0000] {manager.py:740} INFO - There are 4 files in /opt/airflow/dags
[2026-09-03T17:36:09.755+0000] {manager.py:878} INFO - 
================================================================================
DAG File Processing Stats

File Path                               PID    Runtime      # DAGs    # Errors  Last Runtime    Last Run
--------------------------------------  -----  ---------  --------  ----------  --------------  -------------------
/opt/airflow/dags/flaky_etl_dag.py                               1           0  0.15s           2026-09-03T17:35:54
/opt/airflow/dags/schema_drift_dag.py                            1           0  0.15s           2026-09-03T17:35:54
/opt/airflow/dags/null_spike_dag.py                              1           0  0.14s           2026-09-03T17:36:01
/opt/airflow/dags/00_seed_demo_data.py                           1           0  0.12s           2026-09-03T17:35:55
================================================================================
[2026-09-03T17:36:40.403+0000] {manager.py:878} INFO - 
================================================================================
DAG File Processing Stats

File Path                               PID    Runtime      # DAGs    # Errors  Last Runtime    Last Run
--------------------------------------  -----  ---------  --------  ----------  --------------  -------------------
/opt/airflow/dags/schema_drift_dag.py                            1           0  0.20s           2026-09-03T17:36:25
/opt/airflow/dags/null_spike_dag.py                              1           0  0.17s           2026-09-03T17:36:32
/opt/airflow/dags/flaky_etl_dag.py                               1           0  0.16s           2026-09-03T17:36:25
/opt/airflow/dags/00_seed_demo_data.py                           1           0  0.15s           2026-09-03T17:36:26
================================================================================
[2026-09-03T17:37:11.011+0000] {manager.py:878} INFO - 
================================================================================
DAG File Processing Stats

File Path                               PID    Runtime      # DAGs    # Errors  Last Runtime    Last Run
--------------------------------------  -----  ---------  --------  ----------  --------------  -------------------
/opt/airflow/dags/schema_drift_dag.py                            1           0  0.16s           2026-09-03T17:36:55
/opt/airflow/dags/null_spike_dag.py                              1           0  0.15s           2026-09-03T17:37:03
/opt/airflow/dags/00_seed_demo_data.py                           1           0  0.15s           2026-09-03T17:36:56
/opt/airflow/dags/flaky_etl_dag.py                               1           0  0.14s           2026-09-03T17:36:55
================================================================================
[2026-09-03T17:37:41.603+0000] {manager.py:878} INFO - 
================================================================================
DAG File Processing Stats

File Path                               PID    Runtime      # DAGs    # Errors  Last Runtime    Last Run
--------------------------------------  -----  ---------  --------  ----------  --------------  -------------------
/opt/airflow/dags/00_seed_demo_data.py                           1           0  0.14s           2026-09-03T17:37:27
/opt/airflow/dags/schema_drift_dag.py                            1           0  0.12s           2026-09-03T17:37:26
/opt/airflow/dags/flaky_etl_dag.py                               1           0  0.12s           2026-09-03T17:37:26
/opt/airflow/dags/null_spike_dag.py                              1           0  0.12s           2026-09-03T17:37:33
================================================================================
[2026-09-03T17:38:12.163+0000] {manager.py:878} INFO - 
================================================================================
DAG File Processing Stats

File Path                               PID    Runtime      # DAGs    # Errors  Last Runtime    Last Run
--------------------------------------  -----  ---------  --------  ----------  --------------  -------------------
/opt/airflow/dags/null_spike_dag.py                              1           0  0.16s           2026-09-03T17:38:04
/opt/airflow/dags/flaky_etl_dag.py                               1           0  0.14s           2026-09-03T17:37:56
/opt/airflow/dags/schema_drift_dag.py                            1           0  0.13s           2026-09-03T17:37:56
/opt/airflow/dags/00_seed_demo_data.py                           1           0  0.11s           2026-09-03T17:37:57
================================================================================
[2026-09-03T17:38:42.775+0000] {manager.py:878} INFO - 
================================================================================
DAG File Processing Stats

File Path                               PID    Runtime      # DAGs    # Errors  Last Runtime    Last Run
--------------------------------------  -----  ---------  --------  ----------  --------------  -------------------
/opt/airflow/dags/schema_drift_dag.py                            1           0  0.19s           2026-09-03T17:38:27
/opt/airflow/dags/flaky_etl_dag.py                               1           0  0.18s           2026-09-03T17:38:27
/opt/airflow/dags/00_seed_demo_data.py                           1           0  0.17s           2026-09-03T17:38:28
/opt/airflow/dags/null_spike_dag.py                              1           0  0.16s           2026-09-03T17:38:34
================================================================================
[2026-09-03T17:39:13.294+0000] {manager.py:878} INFO - 
================================================================================
DAG File Processing Stats

File Path                               PID    Runtime      # DAGs    # Errors  Last Runtime    Last Run
--------------------------------------  -----  ---------  --------  ----------  --------------  -------------------
/opt/airflow/dags/flaky_etl_dag.py                               1           0  0.15s           2026-09-03T17:38:58
/opt/airflow/dags/schema_drift_dag.py                            1           0  0.15s           2026-09-03T17:38:58
/opt/airflow/dags/00_seed_demo_data.py                           1           0  0.15s           2026-09-03T17:38:59
/opt/airflow/dags/null_spike_dag.py                              1           0  0.11s           2026-09-03T17:39:05
================================================================================
[2026-09-03T17:39:43.970+0000] {manager.py:878} INFO - 
================================================================================
DAG File Processing Stats

File Path                               PID    Runtime      # DAGs    # Errors  Last Runtime    Last Run
--------------------------------------  -----  ---------  --------  ----------  --------------  -------------------
/opt/airflow/dags/null_spike_dag.py                              1           0  0.12s           2026-09-03T17:39:35
/opt/airflow/dags/flaky_etl_dag.py                               1           0  0.12s           2026-09-03T17:39:28
/opt/airflow/dags/schema_drift_dag.py                            1           0  0.11s           2026-09-03T17:39:28
/opt/airflow/dags/00_seed_demo_data.py                           1           0  0.11s           2026-09-03T17:39:29
================================================================================
[2026-09-03T17:40:14.492+0000] {manager.py:878} INFO - 
================================================================================
DAG File Processing Stats

File Path                               PID    Runtime      # DAGs    # Errors  Last Runtime    Last Run
--------------------------------------  -----  ---------  --------  ----------  --------------  -------------------
/opt/airflow/dags/schema_drift_dag.py                            1           0  0.17s           2026-09-03T17:39:59
/opt/airflow/dags/flaky_etl_dag.py                               1           0  0.17s           2026-09-03T17:39:59
/opt/airflow/dags/null_spike_dag.py                              1           0  0.13s           2026-09-03T17:40:06
/opt/airflow/dags/00_seed_demo_data.py                           1           0  0.10s           2026-09-03T17:40:00
================================================================================
[2026-09-03T17:40:45.079+0000] {manager.py:878} INFO - 
================================================================================
DAG File Processing Stats

File Path                               PID    Runtime      # DAGs    # Errors  Last Runtime    Last Run
--------------------------------------  -----  ---------  --------  ----------  --------------  -------------------
/opt/airflow/dags/schema_drift_dag.py                            1           0  0.15s           2026-09-03T17:40:29
/opt/airflow/dags/00_seed_demo_data.py                           1           0  0.14s           2026-09-03T17:40:30
/opt/airflow/dags/null_spike_dag.py                              1           0  0.14s           2026-09-03T17:40:37
/opt/airflow/dags/flaky_etl_dag.py                               1           0  0.12s           2026-09-03T17:40:29
================================================================================
[2026-09-03T17:40:46.087+0000] {manager.py:737} INFO - Searching for files in /opt/airflow/dags
[2026-09-03T17:40:46.148+0000] {manager.py:740} INFO - There are 4 files in /opt/airflow/dags
[2026-09-03T17:41:15.860+0000] {manager.py:878} INFO - 
================================================================================
DAG File Processing Stats

File Path                               PID    Runtime      # DAGs    # Errors  Last Runtime    Last Run
--------------------------------------  -----  ---------  --------  ----------  --------------  -------------------
/opt/airflow/dags/00_seed_demo_data.py                           1           0  0.16s           2026-09-03T17:41:01
/opt/airflow/dags/schema_drift_dag.py                            1           0  0.15s           2026-09-03T17:41:00
/opt/airflow/dags/flaky_etl_dag.py                               1           0  0.14s           2026-09-03T17:41:00
/opt/airflow/dags/null_spike_dag.py                              1           0  0.11s           2026-09-03T17:41:07
================================================================================
[2026-09-03T17:41:46.563+0000] {manager.py:878} INFO - 
================================================================================
DAG File Processing Stats

File Path                               PID    Runtime      # DAGs    # Errors  Last Runtime    Last Run
--------------------------------------  -----  ---------  --------  ----------  --------------  -------------------
/opt/airflow/dags/schema_drift_dag.py                            1           0  0.19s           2026-09-03T17:41:31
/opt/airflow/dags/flaky_etl_dag.py                               1           0  0.19s           2026-09-03T17:41:31
/opt/airflow/dags/null_spike_dag.py                              1           0  0.13s           2026-09-03T17:41:38
/opt/airflow/dags/00_seed_demo_data.py                           1           0  0.13s           2026-09-03T17:41:32
================================================================================
[2026-09-03T17:42:17.043+0000] {manager.py:878} INFO - 
================================================================================
DAG File Processing Stats

File Path                               PID    Runtime      # DAGs    # Errors  Last Runtime    Last Run
--------------------------------------  -----  ---------  --------  ----------  --------------  -------------------
/opt/airflow/dags/schema_drift_dag.py                            1           0  0.17s           2026-09-03T17:42:01
/opt/airflow/dags/00_seed_demo_data.py                           1           0  0.15s           2026-09-03T17:42:02
/opt/airflow/dags/flaky_etl_dag.py                               1           0  0.14s           2026-09-03T17:42:01
/opt/airflow/dags/null_spike_dag.py                              1           0  0.14s           2026-09-03T17:42:09
================================================================================
[2026-09-03T17:42:47.678+0000] {manager.py:878} INFO - 
================================================================================
DAG File Processing Stats

File Path                               PID    Runtime      # DAGs    # Errors  Last Runtime    Last Run
--------------------------------------  -----  ---------  --------  ----------  --------------  -------------------
/opt/airflow/dags/schema_drift_dag.py                            1           0  0.17s           2026-09-03T17:42:32
/opt/airflow/dags/flaky_etl_dag.py                               1           0  0.15s           2026-09-03T17:42:32
/opt/airflow/dags/null_spike_dag.py                              1           0  0.11s           2026-09-03T17:42:39
/opt/airflow/dags/00_seed_demo_data.py                           1           0  0.11s           2026-09-03T17:42:33
================================================================================
[2026-09-03T17:43:18.211+0000] {manager.py:878} INFO - 
================================================================================
DAG File Processing Stats

File Path                               PID    Runtime      # DAGs    # Errors  Last Runtime    Last Run
--------------------------------------  -----  ---------  --------  ----------  --------------  -------------------
/opt/airflow/dags/00_seed_demo_data.py                           1           0  0.14s           2026-09-03T17:43:04
/opt/airflow/dags/schema_drift_dag.py                            1           0  0.13s           2026-09-03T17:43:03
/opt/airflow/dags/flaky_etl_dag.py                               1           0  0.13s           2026-09-03T17:43:03
/opt/airflow/dags/null_spike_dag.py                              1           0  0.12s           2026-09-03T17:43:10
================================================================================
[2026-09-03T17:43:48.885+0000] {manager.py:878} INFO - 
================================================================================
DAG File Processing Stats

File Path                               PID    Runtime      # DAGs    # Errors  Last Runtime    Last Run
--------------------------------------  -----  ---------  --------  ----------  --------------  -------------------
/opt/airflow/dags/00_seed_demo_data.py                           1           0  0.15s           2026-09-03T17:43:34
/opt/airflow/dags/null_spike_dag.py                              1           0  0.14s           2026-09-03T17:43:40
/opt/airflow/dags/schema_drift_dag.py                            1           0  0.12s           2026-09-03T17:43:33
/opt/airflow/dags/flaky_etl_dag.py                               1           0  0.12s           2026-09-03T17:43:33
================================================================================
[2026-09-03T17:44:19.508+0000] {manager.py:878} INFO - 
================================================================================
DAG File Processing Stats

File Path                               PID    Runtime      # DAGs    # Errors  Last Runtime    Last Run
--------------------------------------  -----  ---------  --------  ----------  --------------  -------------------
/opt/airflow/dags/schema_drift_dag.py                            1           0  0.14s           2026-09-03T17:44:04
/opt/airflow/dags/flaky_etl_dag.py                               1           0  0.14s           2026-09-03T17:44:04
/opt/airflow/dags/00_seed_demo_data.py                           1           0  0.13s           2026-09-03T17:44:05
/opt/airflow/dags/null_spike_dag.py                              1           0  0.12s           2026-09-03T17:44:11
================================================================================
[2026-09-03T17:44:50.081+0000] {manager.py:878} INFO - 
================================================================================
DAG File Processing Stats

File Path                               PID    Runtime      # DAGs    # Errors  Last Runtime    Last Run
--------------------------------------  -----  ---------  --------  ----------  --------------  -------------------
/opt/airflow/dags/schema_drift_dag.py                            1           0  0.13s           2026-09-03T17:44:34
/opt/airflow/dags/flaky_etl_dag.py                               1           0  0.12s           2026-09-03T17:44:34
/opt/airflow/dags/null_spike_dag.py                              1           0  0.11s           2026-09-03T17:44:42
/opt/airflow/dags/00_seed_demo_data.py                           1           0  0.11s           2026-09-03T17:44:35
================================================================================
[2026-09-03T17:45:20.222+0000] {manager.py:878} INFO - 
================================================================================
DAG File Processing Stats

File Path                               PID    Runtime      # DAGs    # Errors  Last Runtime    Last Run
--------------------------------------  -----  ---------  --------  ----------  --------------  -------------------
/opt/airflow/dags/null_spike_dag.py                              1           0  0.52s           2026-09-03T17:45:13
/opt/airflow/dags/schema_drift_dag.py                            1           0  0.30s           2026-09-03T17:45:05
/opt/airflow/dags/flaky_etl_dag.py                               1           0  0.21s           2026-09-03T17:45:05
/opt/airflow/dags/00_seed_demo_data.py                           1           0  0.16s           2026-09-03T17:45:06
================================================================================
[2026-09-03T17:45:46.228+0000] {manager.py:737} INFO - Searching for files in /opt/airflow/dags
[2026-09-03T17:45:46.303+0000] {manager.py:740} INFO - There are 4 files in /opt/airflow/dags
[2026-09-03T17:45:50.375+0000] {manager.py:878} INFO - 
================================================================================
DAG File Processing Stats

File Path                               PID    Runtime      # DAGs    # Errors  Last Runtime    Last Run
--------------------------------------  -----  ---------  --------  ----------  --------------  -------------------
/opt/airflow/dags/00_seed_demo_data.py                           1           0  0.15s           2026-09-03T17:45:37
/opt/airflow/dags/flaky_etl_dag.py                               1           0  0.11s           2026-09-03T17:45:36
/opt/airflow/dags/null_spike_dag.py                              1           0  0.11s           2026-09-03T17:45:43
/opt/airflow/dags/schema_drift_dag.py                            1           0  0.11s           2026-09-03T17:45:36
================================================================================
[2026-09-03T17:46:20.901+0000] {manager.py:878} INFO - 
================================================================================
DAG File Processing Stats

File Path                               PID    Runtime      # DAGs    # Errors  Last Runtime    Last Run
--------------------------------------  -----  ---------  --------  ----------  --------------  -------------------
/opt/airflow/dags/schema_drift_dag.py                            1           0  0.17s           2026-09-03T17:46:06
/opt/airflow/dags/flaky_etl_dag.py                               1           0  0.16s           2026-09-03T17:46:06
/opt/airflow/dags/null_spike_dag.py                              1           0  0.11s           2026-09-03T17:46:13
/opt/airflow/dags/00_seed_demo_data.py                           1           0  0.11s           2026-09-03T17:46:07
================================================================================
[2026-09-03T17:46:51.506+0000] {manager.py:878} INFO - 
================================================================================
DAG File Processing Stats

File Path                               PID    Runtime      # DAGs    # Errors  Last Runtime    Last Run
--------------------------------------  -----  ---------  --------  ----------  --------------  -------------------
/opt/airflow/dags/null_spike_dag.py                              1           0  0.17s           2026-09-03T17:46:44
/opt/airflow/dags/00_seed_demo_data.py                           1           0  0.16s           2026-09-03T17:46:38
/opt/airflow/dags/flaky_etl_dag.py                               1           0  0.12s           2026-09-03T17:46:37
/opt/airflow/dags/schema_drift_dag.py                            1           0  0.12s           2026-09-03T17:46:37
================================================================================
[2026-09-03T17:47:22.041+0000] {manager.py:878} INFO - 
================================================================================
DAG File Processing Stats

File Path                               PID    Runtime      # DAGs    # Errors  Last Runtime    Last Run
--------------------------------------  -----  ---------  --------  ----------  --------------  -------------------
/opt/airflow/dags/null_spike_dag.py                              1           0  0.15s           2026-09-03T17:47:15
/opt/airflow/dags/schema_drift_dag.py                            1           0  0.13s           2026-09-03T17:47:07
/opt/airflow/dags/flaky_etl_dag.py                               1           0  0.13s           2026-09-03T17:47:07
/opt/airflow/dags/00_seed_demo_data.py                           1           0  0.11s           2026-09-03T17:47:08
================================================================================
[2026-09-03T17:47:52.676+0000] {manager.py:878} INFO - 
================================================================================
DAG File Processing Stats

File Path                               PID    Runtime      # DAGs    # Errors  Last Runtime    Last Run
--------------------------------------  -----  ---------  --------  ----------  --------------  -------------------
/opt/airflow/dags/flaky_etl_dag.py                               1           0  0.11s           2026-09-03T17:47:38
/opt/airflow/dags/00_seed_demo_data.py                           1           0  0.11s           2026-09-03T17:47:39
/opt/airflow/dags/schema_drift_dag.py                            1           0  0.11s           2026-09-03T17:47:38
/opt/airflow/dags/null_spike_dag.py                              1           0  0.11s           2026-09-03T17:47:45
================================================================================
[2026-09-03T17:48:23.306+0000] {manager.py:878} INFO - 
================================================================================
DAG File Processing Stats

File Path                               PID    Runtime      # DAGs    # Errors  Last Runtime    Last Run
--------------------------------------  -----  ---------  --------  ----------  --------------  -------------------
/opt/airflow/dags/schema_drift_dag.py                            1           0  0.15s           2026-09-03T17:48:09
/opt/airflow/dags/flaky_etl_dag.py                               1           0  0.15s           2026-09-03T17:48:09
/opt/airflow/dags/00_seed_demo_data.py                           1           0  0.13s           2026-09-03T17:48:10
/opt/airflow/dags/null_spike_dag.py                              1           0  0.10s           2026-09-03T17:48:16
================================================================================
[2026-09-03T17:48:54.043+0000] {manager.py:878} INFO - 
================================================================================
DAG File Processing Stats

File Path                               PID    Runtime      # DAGs    # Errors  Last Runtime    Last Run
--------------------------------------  -----  ---------  --------  ----------  --------------  -------------------
/opt/airflow/dags/flaky_etl_dag.py                               1           0  0.15s           2026-09-03T17:48:39
/opt/airflow/dags/schema_drift_dag.py                            1           0  0.15s           2026-09-03T17:48:39
/opt/airflow/dags/null_spike_dag.py                              1           0  0.11s           2026-09-03T17:48:46
/opt/airflow/dags/00_seed_demo_data.py                           1           0  0.11s           2026-09-03T17:48:40
================================================================================
[2026-09-03T17:49:24.758+0000] {manager.py:878} INFO - 
================================================================================
DAG File Processing Stats

File Path                               PID    Runtime      # DAGs    # Errors  Last Runtime    Last Run
--------------------------------------  -----  ---------  --------  ----------  --------------  -------------------
/opt/airflow/dags/null_spike_dag.py                              1           0  0.19s           2026-09-03T17:49:17
/opt/airflow/dags/schema_drift_dag.py                            1           0  0.12s           2026-09-03T17:49:10
/opt/airflow/dags/flaky_etl_dag.py                               1           0  0.12s           2026-09-03T17:49:10
/opt/airflow/dags/00_seed_demo_data.py                           1           0  0.10s           2026-09-03T17:49:11
================================================================================
[2026-09-03T17:49:55.389+0000] {manager.py:878} INFO - 
================================================================================
DAG File Processing Stats

File Path                               PID    Runtime      # DAGs    # Errors  Last Runtime    Last Run
--------------------------------------  -----  ---------  --------  ----------  --------------  -------------------
/opt/airflow/dags/00_seed_demo_data.py                           1           0  0.14s           2026-09-03T17:49:42
/opt/airflow/dags/schema_drift_dag.py                            1           0  0.13s           2026-09-03T17:49:41
/opt/airflow/dags/flaky_etl_dag.py                               1           0  0.11s           2026-09-03T17:49:41
/opt/airflow/dags/null_spike_dag.py                              1           0  0.10s           2026-09-03T17:49:48
================================================================================
[2026-09-03T17:50:26.028+0000] {manager.py:878} INFO - 
================================================================================
DAG File Processing Stats

File Path                               PID    Runtime      # DAGs    # Errors  Last Runtime    Last Run
--------------------------------------  -----  ---------  --------  ----------  --------------  -------------------
/opt/airflow/dags/null_spike_dag.py                              1           0  0.13s           2026-09-03T17:50:19
/opt/airflow/dags/00_seed_demo_data.py                           1           0  0.12s           2026-09-03T17:50:12
/opt/airflow/dags/flaky_etl_dag.py                               1           0  0.12s           2026-09-03T17:50:11
/opt/airflow/dags/schema_drift_dag.py                            1           0  0.12s           2026-09-03T17:50:11
================================================================================
[2026-09-03T17:50:46.394+0000] {manager.py:737} INFO - Searching for files in /opt/airflow/dags
[2026-09-03T17:50:46.484+0000] {manager.py:740} INFO - There are 4 files in /opt/airflow/dags
[2026-09-03T17:50:56.697+0000] {manager.py:878} INFO - 
================================================================================
DAG File Processing Stats

File Path                               PID    Runtime      # DAGs    # Errors  Last Runtime    Last Run
--------------------------------------  -----  ---------  --------  ----------  --------------  -------------------
/opt/airflow/dags/schema_drift_dag.py                            1           0  0.21s           2026-09-03T17:50:42
/opt/airflow/dags/flaky_etl_dag.py                               1           0  0.21s           2026-09-03T17:50:42
/opt/airflow/dags/00_seed_demo_data.py                           1           0  0.16s           2026-09-03T17:50:43
/opt/airflow/dags/null_spike_dag.py                              1           0  0.11s           2026-09-03T17:50:49
================================================================================
[2026-09-03T17:51:27.324+0000] {manager.py:878} INFO - 
================================================================================
DAG File Processing Stats

File Path                               PID    Runtime      # DAGs    # Errors  Last Runtime    Last Run
--------------------------------------  -----  ---------  --------  ----------  --------------  -------------------
/opt/airflow/dags/schema_drift_dag.py                            1           0  0.16s           2026-09-03T17:51:13
/opt/airflow/dags/00_seed_demo_data.py                           1           0  0.14s           2026-09-03T17:51:14
/opt/airflow/dags/flaky_etl_dag.py                               1           0  0.13s           2026-09-03T17:51:13
/opt/airflow/dags/null_spike_dag.py                              1           0  0.11s           2026-09-03T17:51:20
================================================================================
[2026-09-03T17:51:57.963+0000] {manager.py:878} INFO - 
================================================================================
DAG File Processing Stats

File Path                               PID    Runtime      # DAGs    # Errors  Last Runtime    Last Run
--------------------------------------  -----  ---------  --------  ----------  --------------  -------------------
/opt/airflow/dags/null_spike_dag.py                              1           0  0.15s           2026-09-03T17:51:50
/opt/airflow/dags/flaky_etl_dag.py                               1           0  0.12s           2026-09-03T17:51:43
/opt/airflow/dags/schema_drift_dag.py                            1           0  0.12s           2026-09-03T17:51:43
/opt/airflow/dags/00_seed_demo_data.py                           1           0  0.11s           2026-09-03T17:51:44
================================================================================
[2026-09-03T17:52:28.609+0000] {manager.py:878} INFO - 
================================================================================
DAG File Processing Stats

File Path                               PID    Runtime      # DAGs    # Errors  Last Runtime    Last Run
--------------------------------------  -----  ---------  --------  ----------  --------------  -------------------
/opt/airflow/dags/null_spike_dag.py                              1           0  0.16s           2026-09-03T17:52:21
/opt/airflow/dags/00_seed_demo_data.py                           1           0  0.14s           2026-09-03T17:52:15
/opt/airflow/dags/flaky_etl_dag.py                               1           0  0.12s           2026-09-03T17:52:14
/opt/airflow/dags/schema_drift_dag.py                            1           0  0.12s           2026-09-03T17:52:14
================================================================================
[2026-09-03T17:52:59.200+0000] {manager.py:878} INFO - 
================================================================================
DAG File Processing Stats

File Path                               PID    Runtime      # DAGs    # Errors  Last Runtime    Last Run
--------------------------------------  -----  ---------  --------  ----------  --------------  -------------------
/opt/airflow/dags/00_seed_demo_data.py                           1           0  0.21s           2026-09-03T17:52:46
/opt/airflow/dags/schema_drift_dag.py                            1           0  0.12s           2026-09-03T17:52:45
/opt/airflow/dags/flaky_etl_dag.py                               1           0  0.12s           2026-09-03T17:52:45
/opt/airflow/dags/null_spike_dag.py                              1           0  0.11s           2026-09-03T17:52:52
================================================================================
[2026-09-03T17:53:29.853+0000] {manager.py:878} INFO - 
================================================================================
DAG File Processing Stats

File Path                               PID    Runtime      # DAGs    # Errors  Last Runtime    Last Run
--------------------------------------  -----  ---------  --------  ----------  --------------  -------------------
/opt/airflow/dags/schema_drift_dag.py                            1           0  0.18s           2026-09-03T17:53:15
/opt/airflow/dags/flaky_etl_dag.py                               1           0  0.16s           2026-09-03T17:53:15
/opt/airflow/dags/00_seed_demo_data.py                           1           0  0.11s           2026-09-03T17:53:16
/opt/airflow/dags/null_spike_dag.py                              1           0  0.11s           2026-09-03T17:53:22
================================================================================
[2026-09-03T17:54:00.561+0000] {manager.py:878} INFO - 
================================================================================
DAG File Processing Stats

File Path                               PID    Runtime      # DAGs    # Errors  Last Runtime    Last Run
--------------------------------------  -----  ---------  --------  ----------  --------------  -------------------
/opt/airflow/dags/schema_drift_dag.py                            1           0  0.17s           2026-09-03T17:53:46
/opt/airflow/dags/00_seed_demo_data.py                           1           0  0.16s           2026-09-03T17:53:47
/opt/airflow/dags/flaky_etl_dag.py                               1           0  0.15s           2026-09-03T17:53:46
/opt/airflow/dags/null_spike_dag.py                              1           0  0.11s           2026-09-03T17:53:53
================================================================================
[2026-09-03T17:54:31.252+0000] {manager.py:878} INFO - 
================================================================================
DAG File Processing Stats

File Path                               PID    Runtime      # DAGs    # Errors  Last Runtime    Last Run
--------------------------------------  -----  ---------  --------  ----------  --------------  -------------------
/opt/airflow/dags/flaky_etl_dag.py                               1           0  0.14s           2026-09-03T17:54:16
/opt/airflow/dags/schema_drift_dag.py                            1           0  0.13s           2026-09-03T17:54:16
/opt/airflow/dags/00_seed_demo_data.py                           1           0  0.12s           2026-09-03T17:54:18
/opt/airflow/dags/null_spike_dag.py                              1           0  0.11s           2026-09-03T17:54:24
================================================================================
[2026-09-03T17:55:01.779+0000] {manager.py:878} INFO - 
================================================================================
DAG File Processing Stats

File Path                               PID    Runtime      # DAGs    # Errors  Last Runtime    Last Run
--------------------------------------  -----  ---------  --------  ----------  --------------  -------------------
/opt/airflow/dags/null_spike_dag.py                              1           0  0.13s           2026-09-03T17:54:54
/opt/airflow/dags/00_seed_demo_data.py                           1           0  0.12s           2026-09-03T17:54:48
/opt/airflow/dags/flaky_etl_dag.py                               1           0  0.12s           2026-09-03T17:54:47
/opt/airflow/dags/schema_drift_dag.py                            1           0  0.11s           2026-09-03T17:54:47
================================================================================
[2026-09-03T17:55:32.428+0000] {manager.py:878} INFO - 
================================================================================
DAG File Processing Stats

File Path                               PID    Runtime      # DAGs    # Errors  Last Runtime    Last Run
--------------------------------------  -----  ---------  --------  ----------  --------------  -------------------
/opt/airflow/dags/null_spike_dag.py                              1           0  0.15s           2026-09-03T17:55:25
/opt/airflow/dags/schema_drift_dag.py                            1           0  0.15s           2026-09-03T17:55:18
/opt/airflow/dags/flaky_etl_dag.py                               1           0  0.14s           2026-09-03T17:55:18
/opt/airflow/dags/00_seed_demo_data.py                           1           0  0.10s           2026-09-03T17:55:19
================================================================================
[2026-09-03T17:55:46.642+0000] {manager.py:737} INFO - Searching for files in /opt/airflow/dags
[2026-09-03T17:55:46.745+0000] {manager.py:740} INFO - There are 4 files in /opt/airflow/dags
[2026-09-03T17:56:03.160+0000] {manager.py:878} INFO - 
================================================================================
DAG File Processing Stats

File Path                               PID    Runtime      # DAGs    # Errors  Last Runtime    Last Run
--------------------------------------  -----  ---------  --------  ----------  --------------  -------------------
/opt/airflow/dags/00_seed_demo_data.py                           1           0  0.15s           2026-09-03T17:55:49
/opt/airflow/dags/null_spike_dag.py                              1           0  0.14s           2026-09-03T17:55:56
/opt/airflow/dags/schema_drift_dag.py                            1           0  0.12s           2026-09-03T17:55:48
/opt/airflow/dags/flaky_etl_dag.py                               1           0  0.11s           2026-09-03T17:55:48
================================================================================
[2026-09-03T17:56:33.806+0000] {manager.py:878} INFO - 
================================================================================
DAG File Processing Stats

File Path                               PID    Runtime      # DAGs    # Errors  Last Runtime    Last Run
--------------------------------------  -----  ---------  --------  ----------  --------------  -------------------
/opt/airflow/dags/null_spike_dag.py                              1           0  0.19s           2026-09-03T17:56:26
/opt/airflow/dags/flaky_etl_dag.py                               1           0  0.12s           2026-09-03T17:56:19
/opt/airflow/dags/schema_drift_dag.py                            1           0  0.12s           2026-09-03T17:56:19
/opt/airflow/dags/00_seed_demo_data.py                           1           0  0.11s           2026-09-03T17:56:20
================================================================================
[2026-09-03T17:57:04.448+0000] {manager.py:878} INFO - 
================================================================================
DAG File Processing Stats

File Path                               PID    Runtime      # DAGs    # Errors  Last Runtime    Last Run
--------------------------------------  -----  ---------  --------  ----------  --------------  -------------------
/opt/airflow/dags/schema_drift_dag.py                            1           0  0.17s           2026-09-03T17:56:50
/opt/airflow/dags/null_spike_dag.py                              1           0  0.14s           2026-09-03T17:56:57
/opt/airflow/dags/flaky_etl_dag.py                               1           0  0.14s           2026-09-03T17:56:50
/opt/airflow/dags/00_seed_demo_data.py                           1           0  0.11s           2026-09-03T17:56:51
================================================================================
[2026-09-03T18:32:40.348+0000] {manager.py:737} INFO - Searching for files in /opt/airflow/dags
[2026-09-03T18:32:40.450+0000] {manager.py:740} INFO - There are 4 files in /opt/airflow/dags
[2026-09-03T18:32:59.010+0000] {manager.py:878} INFO - 
================================================================================
DAG File Processing Stats

File Path                               PID    Runtime      # DAGs    # Errors  Last Runtime    Last Run
--------------------------------------  -----  ---------  --------  ----------  --------------  -------------------
/opt/airflow/dags/null_spike_dag.py                              1           0  1.52s           2026-09-03T18:32:42
/opt/airflow/dags/schema_drift_dag.py                            1           0  1.11s           2026-09-03T18:32:41
/opt/airflow/dags/00_seed_demo_data.py                           1           0  0.76s           2026-09-03T18:32:42
/opt/airflow/dags/flaky_etl_dag.py                               1           0  0.74s           2026-09-03T18:32:42
================================================================================
[2026-09-03T18:33:29.706+0000] {manager.py:878} INFO - 
================================================================================
DAG File Processing Stats

File Path                               PID    Runtime      # DAGs    # Errors  Last Runtime    Last Run
--------------------------------------  -----  ---------  --------  ----------  --------------  -------------------
/opt/airflow/dags/00_seed_demo_data.py                           1           0  0.20s           2026-09-03T18:33:13
/opt/airflow/dags/flaky_etl_dag.py                               1           0  0.19s           2026-09-03T18:33:13
/opt/airflow/dags/schema_drift_dag.py                            1           0  0.16s           2026-09-03T18:33:12
/opt/airflow/dags/null_spike_dag.py                              1           0  0.16s           2026-09-03T18:33:12
================================================================================
[2026-09-03T18:34:00.351+0000] {manager.py:878} INFO - 
================================================================================
DAG File Processing Stats

File Path                               PID    Runtime      # DAGs    # Errors  Last Runtime    Last Run
--------------------------------------  -----  ---------  --------  ----------  --------------  -------------------
/opt/airflow/dags/null_spike_dag.py                              1           0  0.15s           2026-09-03T18:33:43
/opt/airflow/dags/schema_drift_dag.py                            1           0  0.12s           2026-09-03T18:33:43
/opt/airflow/dags/00_seed_demo_data.py                           1           0  0.11s           2026-09-03T18:33:44
/opt/airflow/dags/flaky_etl_dag.py                               1           0  0.11s           2026-09-03T18:33:44
================================================================================
[2026-09-03T18:34:31.087+0000] {manager.py:878} INFO - 
================================================================================
DAG File Processing Stats

File Path                               PID    Runtime      # DAGs    # Errors  Last Runtime    Last Run
--------------------------------------  -----  ---------  --------  ----------  --------------  -------------------
/opt/airflow/dags/null_spike_dag.py                              1           0  0.12s           2026-09-03T18:34:13
/opt/airflow/dags/schema_drift_dag.py                            1           0  0.12s           2026-09-03T18:34:13
/opt/airflow/dags/00_seed_demo_data.py                           1           0  0.11s           2026-09-03T18:34:14
/opt/airflow/dags/flaky_etl_dag.py                               1           0  0.11s           2026-09-03T18:34:14
================================================================================
[2026-09-03T18:35:01.792+0000] {manager.py:878} INFO - 
================================================================================
DAG File Processing Stats

File Path                               PID    Runtime      # DAGs    # Errors  Last Runtime    Last Run
--------------------------------------  -----  ---------  --------  ----------  --------------  -------------------
/opt/airflow/dags/flaky_etl_dag.py                               1           0  0.20s           2026-09-03T18:34:45
/opt/airflow/dags/00_seed_demo_data.py                           1           0  0.20s           2026-09-03T18:34:45
/opt/airflow/dags/null_spike_dag.py                              1           0  0.15s           2026-09-03T18:34:44
/opt/airflow/dags/schema_drift_dag.py                            1           0  0.14s           2026-09-03T18:34:44
================================================================================
[2026-09-03T18:35:32.418+0000] {manager.py:878} INFO - 
================================================================================
DAG File Processing Stats

File Path                               PID    Runtime      # DAGs    # Errors  Last Runtime    Last Run
--------------------------------------  -----  ---------  --------  ----------  --------------  -------------------
/opt/airflow/dags/null_spike_dag.py                              1           0  0.16s           2026-09-03T18:35:15
/opt/airflow/dags/schema_drift_dag.py                            1           0  0.15s           2026-09-03T18:35:15
/opt/airflow/dags/flaky_etl_dag.py                               1           0  0.12s           2026-09-03T18:35:16
/opt/airflow/dags/00_seed_demo_data.py                           1           0  0.12s           2026-09-03T18:35:16
================================================================================
[2026-09-03T18:36:03.041+0000] {manager.py:878} INFO - 
================================================================================
DAG File Processing Stats

File Path                               PID    Runtime      # DAGs    # Errors  Last Runtime    Last Run
--------------------------------------  -----  ---------  --------  ----------  --------------  -------------------
/opt/airflow/dags/null_spike_dag.py                              1           0  0.14s           2026-09-03T18:35:45
/opt/airflow/dags/schema_drift_dag.py                            1           0  0.14s           2026-09-03T18:35:45
/opt/airflow/dags/00_seed_demo_data.py                           1           0  0.13s           2026-09-03T18:35:46
/opt/airflow/dags/flaky_etl_dag.py                               1           0  0.13s           2026-09-03T18:35:46
================================================================================
[2026-09-03T18:36:33.649+0000] {manager.py:878} INFO - 
================================================================================
DAG File Processing Stats

File Path                               PID    Runtime      # DAGs    # Errors  Last Runtime    Last Run
--------------------------------------  -----  ---------  --------  ----------  --------------  -------------------
/opt/airflow/dags/00_seed_demo_data.py                           1           0  0.14s           2026-09-03T18:36:17
/opt/airflow/dags/flaky_etl_dag.py                               1           0  0.14s           2026-09-03T18:36:17
/opt/airflow/dags/null_spike_dag.py                              1           0  0.13s           2026-09-03T18:36:16
/opt/airflow/dags/schema_drift_dag.py                            1           0  0.13s           2026-09-03T18:36:16
================================================================================
[2026-09-03T18:37:04.218+0000] {manager.py:878} INFO - 
================================================================================
DAG File Processing Stats

File Path                               PID    Runtime      # DAGs    # Errors  Last Runtime    Last Run
--------------------------------------  -----  ---------  --------  ----------  --------------  -------------------
/opt/airflow/dags/flaky_etl_dag.py                               1           0  0.18s           2026-09-03T18:36:48
/opt/airflow/dags/00_seed_demo_data.py                           1           0  0.16s           2026-09-03T18:36:48
/opt/airflow/dags/schema_drift_dag.py                            1           0  0.11s           2026-09-03T18:36:46
/opt/airflow/dags/null_spike_dag.py                              1           0  0.11s           2026-09-03T18:36:46
================================================================================
[2026-09-03T18:37:34.929+0000] {manager.py:878} INFO - 
================================================================================
DAG File Processing Stats

File Path                               PID    Runtime      # DAGs    # Errors  Last Runtime    Last Run
--------------------------------------  -----  ---------  --------  ----------  --------------  -------------------
/opt/airflow/dags/flaky_etl_dag.py                               1           0  0.17s           2026-09-03T18:37:18
/opt/airflow/dags/null_spike_dag.py                              1           0  0.14s           2026-09-03T18:37:17
/opt/airflow/dags/schema_drift_dag.py                            1           0  0.14s           2026-09-03T18:37:17
/opt/airflow/dags/00_seed_demo_data.py                           1           0  0.12s           2026-09-03T18:37:18
================================================================================
[2026-09-03T18:37:41.024+0000] {manager.py:737} INFO - Searching for files in /opt/airflow/dags
[2026-09-03T18:37:41.087+0000] {manager.py:740} INFO - There are 4 files in /opt/airflow/dags
[2026-09-03T18:38:05.541+0000] {manager.py:878} INFO - 
================================================================================
DAG File Processing Stats

File Path                               PID    Runtime      # DAGs    # Errors  Last Runtime    Last Run
--------------------------------------  -----  ---------  --------  ----------  --------------  -------------------
/opt/airflow/dags/schema_drift_dag.py                            1           0  0.16s           2026-09-03T18:37:48
/opt/airflow/dags/null_spike_dag.py                              1           0  0.16s           2026-09-03T18:37:48
/opt/airflow/dags/00_seed_demo_data.py                           1           0  0.11s           2026-09-03T18:37:49
/opt/airflow/dags/flaky_etl_dag.py                               1           0  0.11s           2026-09-03T18:37:49
================================================================================
[2026-09-03T18:38:36.119+0000] {manager.py:878} INFO - 
================================================================================
DAG File Processing Stats

File Path                               PID    Runtime      # DAGs    # Errors  Last Runtime    Last Run
--------------------------------------  -----  ---------  --------  ----------  --------------  -------------------
/opt/airflow/dags/null_spike_dag.py                              1           0  0.16s           2026-09-03T18:38:18
/opt/airflow/dags/schema_drift_dag.py                            1           0  0.14s           2026-09-03T18:38:18
/opt/airflow/dags/00_seed_demo_data.py                           1           0  0.12s           2026-09-03T18:38:19
/opt/airflow/dags/flaky_etl_dag.py                               1           0  0.12s           2026-09-03T18:38:19
================================================================================
[2026-09-03T18:39:06.695+0000] {manager.py:878} INFO - 
================================================================================
DAG File Processing Stats

File Path                               PID    Runtime      # DAGs    # Errors  Last Runtime    Last Run
--------------------------------------  -----  ---------  --------  ----------  --------------  -------------------
/opt/airflow/dags/null_spike_dag.py                              1           0  0.14s           2026-09-03T18:38:49
/opt/airflow/dags/00_seed_demo_data.py                           1           0  0.12s           2026-09-03T18:38:50
/opt/airflow/dags/flaky_etl_dag.py                               1           0  0.12s           2026-09-03T18:38:50
/opt/airflow/dags/schema_drift_dag.py                            1           0  0.11s           2026-09-03T18:38:49
================================================================================
[2026-09-03T18:39:37.269+0000] {manager.py:878} INFO - 
================================================================================
DAG File Processing Stats

File Path                               PID    Runtime      # DAGs    # Errors  Last Runtime    Last Run
--------------------------------------  -----  ---------  --------  ----------  --------------  -------------------
/opt/airflow/dags/flaky_etl_dag.py                               1           0  0.15s           2026-09-03T18:39:21
/opt/airflow/dags/00_seed_demo_data.py                           1           0  0.15s           2026-09-03T18:39:21
/opt/airflow/dags/null_spike_dag.py                              1           0  0.15s           2026-09-03T18:39:20
/opt/airflow/dags/schema_drift_dag.py                            1           0  0.15s           2026-09-03T18:39:20
================================================================================
[2026-09-03T18:40:07.852+0000] {manager.py:878} INFO - 
================================================================================
DAG File Processing Stats

File Path                               PID    Runtime      # DAGs    # Errors  Last Runtime    Last Run
--------------------------------------  -----  ---------  --------  ----------  --------------  -------------------
/opt/airflow/dags/flaky_etl_dag.py                               1           0  0.14s           2026-09-03T18:39:51
/opt/airflow/dags/00_seed_demo_data.py                           1           0  0.14s           2026-09-03T18:39:51
/opt/airflow/dags/null_spike_dag.py                              1           0  0.12s           2026-09-03T18:39:50
/opt/airflow/dags/schema_drift_dag.py                            1           0  0.12s           2026-09-03T18:39:50
================================================================================
[2026-09-03T18:40:38.514+0000] {manager.py:878} INFO - 
================================================================================
DAG File Processing Stats

File Path                               PID    Runtime      # DAGs    # Errors  Last Runtime    Last Run
--------------------------------------  -----  ---------  --------  ----------  --------------  -------------------
/opt/airflow/dags/flaky_etl_dag.py                               1           0  0.18s           2026-09-03T18:40:22
/opt/airflow/dags/00_seed_demo_data.py                           1           0  0.15s           2026-09-03T18:40:22
/opt/airflow/dags/null_spike_dag.py                              1           0  0.14s           2026-09-03T18:40:21
/opt/airflow/dags/schema_drift_dag.py                            1           0  0.11s           2026-09-03T18:40:21
================================================================================
[2026-09-03T18:41:09.041+0000] {manager.py:878} INFO - 
================================================================================
DAG File Processing Stats

File Path                               PID    Runtime      # DAGs    # Errors  Last Runtime    Last Run
--------------------------------------  -----  ---------  --------  ----------  --------------  -------------------
/opt/airflow/dags/flaky_etl_dag.py                               1           0  0.12s           2026-09-03T18:40:52
/opt/airflow/dags/00_seed_demo_data.py                           1           0  0.12s           2026-09-03T18:40:52
/opt/airflow/dags/null_spike_dag.py                              1           0  0.12s           2026-09-03T18:40:51
/opt/airflow/dags/schema_drift_dag.py                            1           0  0.12s           2026-09-03T18:40:51
================================================================================
[2026-09-03T18:41:39.700+0000] {manager.py:878} INFO - 
================================================================================
DAG File Processing Stats

File Path                               PID    Runtime      # DAGs    # Errors  Last Runtime    Last Run
--------------------------------------  -----  ---------  --------  ----------  --------------  -------------------
/opt/airflow/dags/null_spike_dag.py                              1           0  0.18s           2026-09-03T18:41:22
/opt/airflow/dags/schema_drift_dag.py                            1           0  0.18s           2026-09-03T18:41:22
/opt/airflow/dags/flaky_etl_dag.py                               1           0  0.16s           2026-09-03T18:41:23
/opt/airflow/dags/00_seed_demo_data.py                           1           0  0.15s           2026-09-03T18:41:23
================================================================================
[2026-09-03T18:42:10.294+0000] {manager.py:878} INFO - 
================================================================================
DAG File Processing Stats

File Path                               PID    Runtime      # DAGs    # Errors  Last Runtime    Last Run
--------------------------------------  -----  ---------  --------  ----------  --------------  -------------------
/opt/airflow/dags/00_seed_demo_data.py                           1           0  0.16s           2026-09-03T18:41:54
/opt/airflow/dags/flaky_etl_dag.py                               1           0  0.16s           2026-09-03T18:41:54
/opt/airflow/dags/null_spike_dag.py                              1           0  0.13s           2026-09-03T18:41:53
/opt/airflow/dags/schema_drift_dag.py                            1           0  0.13s           2026-09-03T18:41:53
================================================================================
[2026-09-03T18:42:40.867+0000] {manager.py:878} INFO - 
================================================================================
DAG File Processing Stats

File Path                               PID    Runtime      # DAGs    # Errors  Last Runtime    Last Run
--------------------------------------  -----  ---------  --------  ----------  --------------  -------------------
/opt/airflow/dags/flaky_etl_dag.py                               1           0  0.12s           2026-09-03T18:42:24
/opt/airflow/dags/null_spike_dag.py                              1           0  0.12s           2026-09-03T18:42:23
/opt/airflow/dags/schema_drift_dag.py                            1           0  0.12s           2026-09-03T18:42:23
/opt/airflow/dags/00_seed_demo_data.py                           1           0  0.12s           2026-09-03T18:42:24
================================================================================
[2026-09-03T18:42:41.873+0000] {manager.py:737} INFO - Searching for files in /opt/airflow/dags
[2026-09-03T18:42:41.913+0000] {manager.py:740} INFO - There are 4 files in /opt/airflow/dags
[2026-09-03T18:43:11.716+0000] {manager.py:878} INFO - 
================================================================================
DAG File Processing Stats

File Path                               PID    Runtime      # DAGs    # Errors  Last Runtime    Last Run
--------------------------------------  -----  ---------  --------  ----------  --------------  -------------------
/opt/airflow/dags/00_seed_demo_data.py                           1           0  0.16s           2026-09-03T18:42:55
/opt/airflow/dags/null_spike_dag.py                              1           0  0.16s           2026-09-03T18:42:54
/opt/airflow/dags/flaky_etl_dag.py                               1           0  0.16s           2026-09-03T18:42:55
/opt/airflow/dags/schema_drift_dag.py                            1           0  0.16s           2026-09-03T18:42:54
================================================================================
[2026-09-03T20:09:24.603+0000] {manager.py:737} INFO - Searching for files in /opt/airflow/dags
[2026-09-03T20:09:24.774+0000] {manager.py:740} INFO - There are 4 files in /opt/airflow/dags
[2026-09-03T20:09:52.615+0000] {manager.py:878} INFO - 
================================================================================
DAG File Processing Stats

File Path                               PID    Runtime      # DAGs    # Errors  Last Runtime    Last Run
--------------------------------------  -----  ---------  --------  ----------  --------------  -------------------
/opt/airflow/dags/null_spike_dag.py                              1           0  0.76s           2026-09-03T20:09:25
/opt/airflow/dags/schema_drift_dag.py                            1           0  0.59s           2026-09-03T20:09:25
/opt/airflow/dags/flaky_etl_dag.py                               1           0  0.58s           2026-09-03T20:09:26
/opt/airflow/dags/00_seed_demo_data.py                           1           0  0.56s           2026-09-03T20:09:26
================================================================================
[2026-09-03T20:10:23.065+0000] {manager.py:878} INFO - 
================================================================================
DAG File Processing Stats

File Path                               PID    Runtime      # DAGs    # Errors  Last Runtime    Last Run
--------------------------------------  -----  ---------  --------  ----------  --------------  -------------------
/opt/airflow/dags/flaky_etl_dag.py                               1           0  0.16s           2026-09-03T20:09:56
/opt/airflow/dags/schema_drift_dag.py                            1           0  0.15s           2026-09-03T20:09:55
/opt/airflow/dags/null_spike_dag.py                              1           0  0.14s           2026-09-03T20:09:55
/opt/airflow/dags/00_seed_demo_data.py                           1           0  0.13s           2026-09-03T20:09:56
================================================================================
[2026-09-03T20:10:53.618+0000] {manager.py:878} INFO - 
================================================================================
DAG File Processing Stats

File Path                               PID    Runtime      # DAGs    # Errors  Last Runtime    Last Run
--------------------------------------  -----  ---------  --------  ----------  --------------  -------------------
/opt/airflow/dags/null_spike_dag.py                              1           0  0.16s           2026-09-03T20:10:26
/opt/airflow/dags/flaky_etl_dag.py                               1           0  0.16s           2026-09-03T20:10:27
/opt/airflow/dags/schema_drift_dag.py                            1           0  0.16s           2026-09-03T20:10:26
/opt/airflow/dags/00_seed_demo_data.py                           1           0  0.15s           2026-09-03T20:10:27
================================================================================
[2026-09-03T20:11:24.197+0000] {manager.py:878} INFO - 
================================================================================
DAG File Processing Stats

File Path                               PID    Runtime      # DAGs    # Errors  Last Runtime    Last Run
--------------------------------------  -----  ---------  --------  ----------  --------------  -------------------
/opt/airflow/dags/flaky_etl_dag.py                               1           0  0.15s           2026-09-03T20:10:57
/opt/airflow/dags/00_seed_demo_data.py                           1           0  0.14s           2026-09-03T20:10:57
/opt/airflow/dags/null_spike_dag.py                              1           0  0.12s           2026-09-03T20:10:56
/opt/airflow/dags/schema_drift_dag.py                            1           0  0.12s           2026-09-03T20:10:56
================================================================================
[2026-09-03T20:11:54.786+0000] {manager.py:878} INFO - 
================================================================================
DAG File Processing Stats

File Path                               PID    Runtime      # DAGs    # Errors  Last Runtime    Last Run
--------------------------------------  -----  ---------  --------  ----------  --------------  -------------------
/opt/airflow/dags/00_seed_demo_data.py                           1           0  0.18s           2026-09-03T20:11:28
/opt/airflow/dags/flaky_etl_dag.py                               1           0  0.18s           2026-09-03T20:11:28
/opt/airflow/dags/null_spike_dag.py                              1           0  0.13s           2026-09-03T20:11:27
/opt/airflow/dags/schema_drift_dag.py                            1           0  0.13s           2026-09-03T20:11:27
================================================================================
[2026-09-03T20:12:25.418+0000] {manager.py:878} INFO - 
================================================================================
DAG File Processing Stats

File Path                               PID    Runtime      # DAGs    # Errors  Last Runtime    Last Run
--------------------------------------  -----  ---------  --------  ----------  --------------  -------------------
/opt/airflow/dags/00_seed_demo_data.py                           1           0  0.14s           2026-09-03T20:11:59
/opt/airflow/dags/flaky_etl_dag.py                               1           0  0.13s           2026-09-03T20:11:59
/opt/airflow/dags/null_spike_dag.py                              1           0  0.12s           2026-09-03T20:11:57
/opt/airflow/dags/schema_drift_dag.py                            1           0  0.12s           2026-09-03T20:11:57
================================================================================
[2026-09-03T20:12:57.041+0000] {manager.py:878} INFO - 
================================================================================
DAG File Processing Stats

File Path                               PID    Runtime      # DAGs    # Errors  Last Runtime    Last Run
--------------------------------------  -----  ---------  --------  ----------  --------------  -------------------
/opt/airflow/dags/null_spike_dag.py                              1           0  0.14s           2026-09-03T20:12:28
/opt/airflow/dags/schema_drift_dag.py                            1           0  0.13s           2026-09-03T20:12:28
/opt/airflow/dags/flaky_etl_dag.py                               1           0  0.13s           2026-09-03T20:12:29
/opt/airflow/dags/00_seed_demo_data.py                           1           0  0.13s           2026-09-03T20:12:29
================================================================================
[2026-09-03T20:13:27.554+0000] {manager.py:878} INFO - 
================================================================================
DAG File Processing Stats

File Path                               PID    Runtime      # DAGs    # Errors  Last Runtime    Last Run
--------------------------------------  -----  ---------  --------  ----------  --------------  -------------------
/opt/airflow/dags/00_seed_demo_data.py                           1           0  0.16s           2026-09-03T20:13:00
/opt/airflow/dags/flaky_etl_dag.py                               1           0  0.15s           2026-09-03T20:13:00
/opt/airflow/dags/null_spike_dag.py                              1           0  0.14s           2026-09-03T20:12:59
/opt/airflow/dags/schema_drift_dag.py                            1           0  0.12s           2026-09-03T20:12:59
================================================================================
[2026-09-03T20:13:59.170+0000] {manager.py:878} INFO - 
================================================================================
DAG File Processing Stats

File Path                               PID    Runtime      # DAGs    # Errors  Last Runtime    Last Run
--------------------------------------  -----  ---------  --------  ----------  --------------  -------------------
/opt/airflow/dags/null_spike_dag.py                              1           0  0.15s           2026-09-03T20:13:29
/opt/airflow/dags/schema_drift_dag.py                            1           0  0.15s           2026-09-03T20:13:29
/opt/airflow/dags/00_seed_demo_data.py                           1           0  0.13s           2026-09-03T20:13:30
/opt/airflow/dags/flaky_etl_dag.py                               1           0  0.12s           2026-09-03T20:13:30
================================================================================
[2026-09-03T20:14:25.491+0000] {manager.py:737} INFO - Searching for files in /opt/airflow/dags
[2026-09-03T20:14:25.535+0000] {manager.py:740} INFO - There are 4 files in /opt/airflow/dags
[2026-09-03T20:14:29.597+0000] {manager.py:878} INFO - 
================================================================================
DAG File Processing Stats

File Path                               PID    Runtime      # DAGs    # Errors  Last Runtime    Last Run
--------------------------------------  -----  ---------  --------  ----------  --------------  -------------------
/opt/airflow/dags/null_spike_dag.py                              1           0  0.22s           2026-09-03T20:14:00
/opt/airflow/dags/schema_drift_dag.py                            1           0  0.18s           2026-09-03T20:14:00
/opt/airflow/dags/flaky_etl_dag.py                               1           0  0.13s           2026-09-03T20:14:01
/opt/airflow/dags/00_seed_demo_data.py                           1           0  0.12s           2026-09-03T20:14:01
================================================================================
[2026-09-03T20:19:58.183+0000] {manager.py:737} INFO - Searching for files in /opt/airflow/dags
[2026-09-03T20:19:58.965+0000] {manager.py:740} INFO - There are 4 files in /opt/airflow/dags
[2026-09-03T20:20:19.313+0000] {manager.py:878} INFO - 
================================================================================
DAG File Processing Stats

File Path                               PID    Runtime      # DAGs    # Errors  Last Runtime    Last Run
--------------------------------------  -----  ---------  --------  ----------  --------------  -------------------
/opt/airflow/dags/flaky_etl_dag.py                               1           0  0.52s           2026-09-03T20:20:00
/opt/airflow/dags/schema_drift_dag.py                            1           0  0.49s           2026-09-03T20:19:59
/opt/airflow/dags/null_spike_dag.py                              1           0  0.47s           2026-09-03T20:19:59
/opt/airflow/dags/00_seed_demo_data.py                           1           0  0.32s           2026-09-03T20:20:00
================================================================================
[2026-09-03T20:20:50.125+0000] {manager.py:878} INFO - 
================================================================================
DAG File Processing Stats

File Path                               PID    Runtime      # DAGs    # Errors  Last Runtime    Last Run
--------------------------------------  -----  ---------  --------  ----------  --------------  -------------------
/opt/airflow/dags/flaky_etl_dag.py                               1           0  0.17s           2026-09-03T20:20:30
/opt/airflow/dags/00_seed_demo_data.py                           1           0  0.16s           2026-09-03T20:20:30
/opt/airflow/dags/null_spike_dag.py                              1           0  0.16s           2026-09-03T20:20:29
/opt/airflow/dags/schema_drift_dag.py                            1           0  0.15s           2026-09-03T20:20:29
================================================================================
[2026-09-03T20:21:20.737+0000] {manager.py:878} INFO - 
================================================================================
DAG File Processing Stats

File Path                               PID    Runtime      # DAGs    # Errors  Last Runtime    Last Run
--------------------------------------  -----  ---------  --------  ----------  --------------  -------------------
/opt/airflow/dags/flaky_etl_dag.py                               1           0  0.14s           2026-09-03T20:21:01
/opt/airflow/dags/00_seed_demo_data.py                           1           0  0.12s           2026-09-03T20:21:01
/opt/airflow/dags/null_spike_dag.py                              1           0  0.11s           2026-09-03T20:21:00
/opt/airflow/dags/schema_drift_dag.py                            1           0  0.11s           2026-09-03T20:21:00
================================================================================
[2026-09-03T20:21:51.227+0000] {manager.py:878} INFO - 
================================================================================
DAG File Processing Stats

File Path                               PID    Runtime      # DAGs    # Errors  Last Runtime    Last Run
--------------------------------------  -----  ---------  --------  ----------  --------------  -------------------
/opt/airflow/dags/00_seed_demo_data.py                           1           0  0.12s           2026-09-03T20:21:32
/opt/airflow/dags/null_spike_dag.py                              1           0  0.12s           2026-09-03T20:21:31
/opt/airflow/dags/schema_drift_dag.py                            1           0  0.12s           2026-09-03T20:21:31
/opt/airflow/dags/flaky_etl_dag.py                               1           0  0.12s           2026-09-03T20:21:32
================================================================================
[2026-09-03T20:22:22.011+0000] {manager.py:878} INFO - 
================================================================================
DAG File Processing Stats

File Path                               PID    Runtime      # DAGs    # Errors  Last Runtime    Last Run
--------------------------------------  -----  ---------  --------  ----------  --------------  -------------------
/opt/airflow/dags/null_spike_dag.py                              1           0  0.18s           2026-09-03T20:22:01
/opt/airflow/dags/schema_drift_dag.py                            1           0  0.17s           2026-09-03T20:22:01
/opt/airflow/dags/flaky_etl_dag.py                               1           0  0.14s           2026-09-03T20:22:02
/opt/airflow/dags/00_seed_demo_data.py                           1           0  0.14s           2026-09-03T20:22:02
================================================================================
[2026-09-03T20:22:52.547+0000] {manager.py:878} INFO - 
================================================================================
DAG File Processing Stats

File Path                               PID    Runtime      # DAGs    # Errors  Last Runtime    Last Run
--------------------------------------  -----  ---------  --------  ----------  --------------  -------------------
/opt/airflow/dags/00_seed_demo_data.py                           1           0  0.20s           2026-09-03T20:22:33
/opt/airflow/dags/flaky_etl_dag.py                               1           0  0.19s           2026-09-03T20:22:33
/opt/airflow/dags/null_spike_dag.py                              1           0  0.16s           2026-09-03T20:22:32
/opt/airflow/dags/schema_drift_dag.py                            1           0  0.16s           2026-09-03T20:22:32
================================================================================
[2026-09-03T20:23:23.153+0000] {manager.py:878} INFO - 
================================================================================
DAG File Processing Stats

File Path                               PID    Runtime      # DAGs    # Errors  Last Runtime    Last Run
--------------------------------------  -----  ---------  --------  ----------  --------------  -------------------
/opt/airflow/dags/schema_drift_dag.py                            1           0  0.14s           2026-09-03T20:23:02
/opt/airflow/dags/flaky_etl_dag.py                               1           0  0.13s           2026-09-03T20:23:03
/opt/airflow/dags/00_seed_demo_data.py                           1           0  0.13s           2026-09-03T20:23:03
/opt/airflow/dags/null_spike_dag.py                              1           0  0.12s           2026-09-03T20:23:02
================================================================================
[2026-09-03T20:23:53.678+0000] {manager.py:878} INFO - 
================================================================================
DAG File Processing Stats

File Path                               PID    Runtime      # DAGs    # Errors  Last Runtime    Last Run
--------------------------------------  -----  ---------  --------  ----------  --------------  -------------------
/opt/airflow/dags/null_spike_dag.py                              1           0  0.19s           2026-09-03T20:23:33
/opt/airflow/dags/schema_drift_dag.py                            1           0  0.18s           2026-09-03T20:23:33
/opt/airflow/dags/flaky_etl_dag.py                               1           0  0.13s           2026-09-03T20:23:34
/opt/airflow/dags/00_seed_demo_data.py                           1           0  0.13s           2026-09-03T20:23:34
================================================================================
[2026-09-03T20:24:24.213+0000] {manager.py:878} INFO - 
================================================================================
DAG File Processing Stats

File Path                               PID    Runtime      # DAGs    # Errors  Last Runtime    Last Run
--------------------------------------  -----  ---------  --------  ----------  --------------  -------------------
/opt/airflow/dags/flaky_etl_dag.py                               1           0  0.16s           2026-09-03T20:24:05
/opt/airflow/dags/schema_drift_dag.py                            1           0  0.16s           2026-09-03T20:24:04
/opt/airflow/dags/00_seed_demo_data.py                           1           0  0.16s           2026-09-03T20:24:05
/opt/airflow/dags/null_spike_dag.py                              1           0  0.12s           2026-09-03T20:24:03
================================================================================
[2026-09-03T20:24:54.859+0000] {manager.py:878} INFO - 
================================================================================
DAG File Processing Stats

File Path                               PID    Runtime      # DAGs    # Errors  Last Runtime    Last Run
--------------------------------------  -----  ---------  --------  ----------  --------------  -------------------
/opt/airflow/dags/schema_drift_dag.py                            1           0  0.15s           2026-09-03T20:24:34
/opt/airflow/dags/00_seed_demo_data.py                           1           0  0.15s           2026-09-03T20:24:35
/opt/airflow/dags/null_spike_dag.py                              1           0  0.14s           2026-09-03T20:24:34
/opt/airflow/dags/flaky_etl_dag.py                               1           0  0.14s           2026-09-03T20:24:35
================================================================================
[2026-09-03T20:24:58.899+0000] {manager.py:737} INFO - Searching for files in /opt/airflow/dags
[2026-09-03T20:24:58.949+0000] {manager.py:740} INFO - There are 4 files in /opt/airflow/dags
[2026-09-03T20:25:25.467+0000] {manager.py:878} INFO - 
================================================================================
DAG File Processing Stats

File Path                               PID    Runtime      # DAGs    # Errors  Last Runtime    Last Run
--------------------------------------  -----  ---------  --------  ----------  --------------  -------------------
/opt/airflow/dags/flaky_etl_dag.py                               1           0  0.15s           2026-09-03T20:25:06
/opt/airflow/dags/00_seed_demo_data.py                           1           0  0.14s           2026-09-03T20:25:06
/opt/airflow/dags/null_spike_dag.py                              1           0  0.12s           2026-09-03T20:25:05
/opt/airflow/dags/schema_drift_dag.py                            1           0  0.12s           2026-09-03T20:25:05
================================================================================
[2026-09-03T20:25:56.081+0000] {manager.py:878} INFO - 
================================================================================
DAG File Processing Stats

File Path                               PID    Runtime      # DAGs    # Errors  Last Runtime    Last Run
--------------------------------------  -----  ---------  --------  ----------  --------------  -------------------
/opt/airflow/dags/null_spike_dag.py                              1           0  0.13s           2026-09-03T20:25:35
/opt/airflow/dags/schema_drift_dag.py                            1           0  0.13s           2026-09-03T20:25:35
/opt/airflow/dags/flaky_etl_dag.py                               1           0  0.12s           2026-09-03T20:25:36
/opt/airflow/dags/00_seed_demo_data.py                           1           0  0.11s           2026-09-03T20:25:36
================================================================================
[2026-09-03T20:26:26.664+0000] {manager.py:878} INFO - 
================================================================================
DAG File Processing Stats

File Path                               PID    Runtime      # DAGs    # Errors  Last Runtime    Last Run
--------------------------------------  -----  ---------  --------  ----------  --------------  -------------------
/opt/airflow/dags/null_spike_dag.py                              1           0  0.17s           2026-09-03T20:26:06
/opt/airflow/dags/schema_drift_dag.py                            1           0  0.14s           2026-09-03T20:26:06
/opt/airflow/dags/00_seed_demo_data.py                           1           0  0.11s           2026-09-03T20:26:07
/opt/airflow/dags/flaky_etl_dag.py                               1           0  0.11s           2026-09-03T20:26:07
================================================================================
[2026-09-03T20:26:57.225+0000] {manager.py:878} INFO - 
================================================================================
DAG File Processing Stats

File Path                               PID    Runtime      # DAGs    # Errors  Last Runtime    Last Run
--------------------------------------  -----  ---------  --------  ----------  --------------  -------------------
/opt/airflow/dags/flaky_etl_dag.py                               1           0  0.15s           2026-09-03T20:26:38
/opt/airflow/dags/00_seed_demo_data.py                           1           0  0.14s           2026-09-03T20:26:38
/opt/airflow/dags/null_spike_dag.py                              1           0  0.12s           2026-09-03T20:26:36
/opt/airflow/dags/schema_drift_dag.py                            1           0  0.12s           2026-09-03T20:26:36
================================================================================
[2026-09-03T20:27:27.802+0000] {manager.py:878} INFO - 
================================================================================
DAG File Processing Stats

File Path                               PID    Runtime      # DAGs    # Errors  Last Runtime    Last Run
--------------------------------------  -----  ---------  --------  ----------  --------------  -------------------
/opt/airflow/dags/flaky_etl_dag.py                               1           0  0.13s           2026-09-03T20:27:08
/opt/airflow/dags/null_spike_dag.py                              1           0  0.11s           2026-09-03T20:27:07
/opt/airflow/dags/schema_drift_dag.py                            1           0  0.11s           2026-09-03T20:27:07
/opt/airflow/dags/00_seed_demo_data.py                           1           0  0.11s           2026-09-03T20:27:08
================================================================================
[2026-09-03T20:27:58.444+0000] {manager.py:878} INFO - 
================================================================================
DAG File Processing Stats

File Path                               PID    Runtime      # DAGs    # Errors  Last Runtime    Last Run
--------------------------------------  -----  ---------  --------  ----------  --------------  -------------------
/opt/airflow/dags/schema_drift_dag.py                            1           0  0.15s           2026-09-03T20:27:38
/opt/airflow/dags/null_spike_dag.py                              1           0  0.15s           2026-09-03T20:27:38
/opt/airflow/dags/flaky_etl_dag.py                               1           0  0.12s           2026-09-03T20:27:39
/opt/airflow/dags/00_seed_demo_data.py                           1           0  0.12s           2026-09-03T20:27:39
================================================================================
[2026-09-03T20:28:28.999+0000] {manager.py:878} INFO - 
================================================================================
DAG File Processing Stats

File Path                               PID    Runtime      # DAGs    # Errors  Last Runtime    Last Run
--------------------------------------  -----  ---------  --------  ----------  --------------  -------------------
/opt/airflow/dags/flaky_etl_dag.py                               1           0  0.12s           2026-09-03T20:28:09
/opt/airflow/dags/00_seed_demo_data.py                           1           0  0.12s           2026-09-03T20:28:09
/opt/airflow/dags/null_spike_dag.py                              1           0  0.12s           2026-09-03T20:28:08
/opt/airflow/dags/schema_drift_dag.py                            1           0  0.12s           2026-09-03T20:28:08
================================================================================
[2026-09-03T20:28:59.624+0000] {manager.py:878} INFO - 
================================================================================
DAG File Processing Stats

File Path                               PID    Runtime      # DAGs    # Errors  Last Runtime    Last Run
--------------------------------------  -----  ---------  --------  ----------  --------------  -------------------
/opt/airflow/dags/flaky_etl_dag.py                               1           0  0.17s           2026-09-03T20:28:40
/opt/airflow/dags/00_seed_demo_data.py                           1           0  0.15s           2026-09-03T20:28:40
/opt/airflow/dags/schema_drift_dag.py                            1           0  0.15s           2026-09-03T20:28:39
/opt/airflow/dags/null_spike_dag.py                              1           0  0.11s           2026-09-03T20:28:39
================================================================================
[2026-09-03T20:29:30.200+0000] {manager.py:878} INFO - 
================================================================================
DAG File Processing Stats

File Path                               PID    Runtime      # DAGs    # Errors  Last Runtime    Last Run
--------------------------------------  -----  ---------  --------  ----------  --------------  -------------------
/opt/airflow/dags/flaky_etl_dag.py                               1           0  0.19s           2026-09-03T20:29:11
/opt/airflow/dags/00_seed_demo_data.py                           1           0  0.18s           2026-09-03T20:29:11
/opt/airflow/dags/null_spike_dag.py                              1           0  0.17s           2026-09-03T20:29:09
/opt/airflow/dags/schema_drift_dag.py                            1           0  0.17s           2026-09-03T20:29:09
================================================================================
[2026-09-03T20:29:59.774+0000] {manager.py:737} INFO - Searching for files in /opt/airflow/dags
[2026-09-03T20:29:59.830+0000] {manager.py:740} INFO - There are 4 files in /opt/airflow/dags
[2026-09-03T20:30:00.856+0000] {manager.py:878} INFO - 
================================================================================
DAG File Processing Stats

File Path                               PID    Runtime      # DAGs    # Errors  Last Runtime    Last Run
--------------------------------------  -----  ---------  --------  ----------  --------------  -------------------
/opt/airflow/dags/null_spike_dag.py                              1           0  0.12s           2026-09-03T20:29:40
/opt/airflow/dags/schema_drift_dag.py                            1           0  0.12s           2026-09-03T20:29:40
/opt/airflow/dags/flaky_etl_dag.py                               1           0  0.12s           2026-09-03T20:29:41
/opt/airflow/dags/00_seed_demo_data.py                           1           0  0.12s           2026-09-03T20:29:41
================================================================================
[2026-09-03T20:41:16.454+0000] {manager.py:737} INFO - Searching for files in /opt/airflow/dags
[2026-09-03T20:41:17.594+0000] {manager.py:740} INFO - There are 4 files in /opt/airflow/dags
[2026-09-03T20:41:17.903+0000] {manager.py:878} INFO - 
================================================================================
DAG File Processing Stats

File Path                                 PID  Runtime      # DAGs    # Errors  Last Runtime    Last Run
--------------------------------------  -----  ---------  --------  ----------  --------------  -------------------
/opt/airflow/dags/flaky_etl_dag.py                               1           0  0.24s           2026-09-03T20:30:12
/opt/airflow/dags/schema_drift_dag.py   23938  0.12s             1           0  0.19s           2026-09-03T20:30:11
/opt/airflow/dags/00_seed_demo_data.py                           1           0  0.15s           2026-09-03T20:30:12
/opt/airflow/dags/null_spike_dag.py     23935  0.24s             1           0  0.14s           2026-09-03T20:30:11
================================================================================
[2026-09-03T20:41:48.182+0000] {manager.py:878} INFO - 
================================================================================
DAG File Processing Stats

File Path                               PID    Runtime      # DAGs    # Errors  Last Runtime    Last Run
--------------------------------------  -----  ---------  --------  ----------  --------------  -------------------
/opt/airflow/dags/schema_drift_dag.py                            1           0  0.78s           2026-09-03T20:41:18
/opt/airflow/dags/null_spike_dag.py                              1           0  0.66s           2026-09-03T20:41:18
/opt/airflow/dags/00_seed_demo_data.py                           1           0  0.49s           2026-09-03T20:41:19
/opt/airflow/dags/flaky_etl_dag.py                               1           0  0.48s           2026-09-03T20:41:18
================================================================================
[2026-09-03T20:42:19.090+0000] {manager.py:878} INFO - 
================================================================================
DAG File Processing Stats

File Path                                 PID  Runtime      # DAGs    # Errors  Last Runtime    Last Run
--------------------------------------  -----  ---------  --------  ----------  --------------  -------------------
/opt/airflow/dags/flaky_etl_dag.py                               1           0  0.24s           2026-09-03T20:41:49
/opt/airflow/dags/00_seed_demo_data.py                           1           0  0.20s           2026-09-03T20:41:49
/opt/airflow/dags/null_spike_dag.py     23988  0.02s             1           0  0.12s           2026-09-03T20:41:48
/opt/airflow/dags/schema_drift_dag.py   23991  0.00s             1           0  0.10s           2026-09-03T20:41:48
================================================================================
[2026-09-03T20:42:49.668+0000] {manager.py:878} INFO - 
================================================================================
DAG File Processing Stats

File Path                                 PID  Runtime      # DAGs    # Errors  Last Runtime    Last Run
--------------------------------------  -----  ---------  --------  ----------  --------------  -------------------
/opt/airflow/dags/00_seed_demo_data.py                           1           0  0.14s           2026-09-03T20:42:20
/opt/airflow/dags/null_spike_dag.py     24020  0.01s             1           0  0.13s           2026-09-03T20:42:19
/opt/airflow/dags/schema_drift_dag.py   24023  0.00s             1           0  0.13s           2026-09-03T20:42:19
/opt/airflow/dags/flaky_etl_dag.py                               1           0  0.13s           2026-09-03T20:42:20
================================================================================
[2026-09-03T20:43:20.148+0000] {manager.py:878} INFO - 
================================================================================
DAG File Processing Stats

File Path                                 PID  Runtime      # DAGs    # Errors  Last Runtime    Last Run
--------------------------------------  -----  ---------  --------  ----------  --------------  -------------------
/opt/airflow/dags/null_spike_dag.py     24047  0.01s             1           0  0.14s           2026-09-03T20:42:49
/opt/airflow/dags/schema_drift_dag.py   24050  0.00s             1           0  0.12s           2026-09-03T20:42:49
/opt/airflow/dags/flaky_etl_dag.py                               1           0  0.12s           2026-09-03T20:42:50
/opt/airflow/dags/00_seed_demo_data.py                           1           0  0.12s           2026-09-03T20:42:50
================================================================================
[2026-09-03T20:43:50.731+0000] {manager.py:878} INFO - 
================================================================================
DAG File Processing Stats

File Path                                 PID  Runtime      # DAGs    # Errors  Last Runtime    Last Run
--------------------------------------  -----  ---------  --------  ----------  --------------  -------------------
/opt/airflow/dags/flaky_etl_dag.py                               1           0  0.14s           2026-09-03T20:43:21
/opt/airflow/dags/00_seed_demo_data.py                           1           0  0.13s           2026-09-03T20:43:21
/opt/airflow/dags/schema_drift_dag.py   24076  0.00s             1           0  0.11s           2026-09-03T20:43:20
/opt/airflow/dags/null_spike_dag.py     24073  0.02s             1           0  0.11s           2026-09-03T20:43:20
================================================================================
[2026-09-03T20:44:21.329+0000] {manager.py:878} INFO - 
================================================================================
DAG File Processing Stats

File Path                                 PID  Runtime      # DAGs    # Errors  Last Runtime    Last Run
--------------------------------------  -----  ---------  --------  ----------  --------------  -------------------
/opt/airflow/dags/schema_drift_dag.py   24102  0.00s             1           0  0.26s           2026-09-03T20:43:50
/opt/airflow/dags/null_spike_dag.py     24099  0.02s             1           0  0.26s           2026-09-03T20:43:50
/opt/airflow/dags/flaky_etl_dag.py                               1           0  0.16s           2026-09-03T20:43:52
/opt/airflow/dags/00_seed_demo_data.py                           1           0  0.16s           2026-09-03T20:43:52
================================================================================
[2026-09-03T20:44:51.812+0000] {manager.py:878} INFO - 
================================================================================
DAG File Processing Stats

File Path                                 PID  Runtime      # DAGs    # Errors  Last Runtime    Last Run
--------------------------------------  -----  ---------  --------  ----------  --------------  -------------------
/opt/airflow/dags/flaky_etl_dag.py                               1           0  0.14s           2026-09-03T20:44:22
/opt/airflow/dags/00_seed_demo_data.py                           1           0  0.13s           2026-09-03T20:44:22
/opt/airflow/dags/schema_drift_dag.py   24128  0.00s             1           0  0.12s           2026-09-03T20:44:21
/opt/airflow/dags/null_spike_dag.py     24125  0.02s             1           0  0.12s           2026-09-03T20:44:21
================================================================================
[2026-09-03T20:45:22.250+0000] {manager.py:878} INFO - 
================================================================================
DAG File Processing Stats

File Path                                 PID  Runtime      # DAGs    # Errors  Last Runtime    Last Run
--------------------------------------  -----  ---------  --------  ----------  --------------  -------------------
/opt/airflow/dags/null_spike_dag.py     24151  0.05s             1           0  0.13s           2026-09-03T20:44:51
/opt/airflow/dags/schema_drift_dag.py   24154  0.01s             1           0  0.13s           2026-09-03T20:44:51
/opt/airflow/dags/flaky_etl_dag.py                               1           0  0.12s           2026-09-03T20:44:52
/opt/airflow/dags/00_seed_demo_data.py                           1           0  0.11s           2026-09-03T20:44:52
================================================================================
[2026-09-03T20:45:52.993+0000] {manager.py:878} INFO - 
================================================================================
DAG File Processing Stats

File Path                                 PID  Runtime      # DAGs    # Errors  Last Runtime    Last Run
--------------------------------------  -----  ---------  --------  ----------  --------------  -------------------
/opt/airflow/dags/null_spike_dag.py     24177  0.02s             1           0  0.25s           2026-09-03T20:45:22
/opt/airflow/dags/schema_drift_dag.py   24180  0.00s             1           0  0.24s           2026-09-03T20:45:22
/opt/airflow/dags/flaky_etl_dag.py                               1           0  0.20s           2026-09-03T20:45:23
/opt/airflow/dags/00_seed_demo_data.py                           1           0  0.20s           2026-09-03T20:45:23
================================================================================
[2026-09-03T20:46:16.481+0000] {manager.py:737} INFO - Searching for files in /opt/airflow/dags
[2026-09-03T20:46:16.534+0000] {manager.py:740} INFO - There are 4 files in /opt/airflow/dags
[2026-09-03T20:46:23.639+0000] {manager.py:878} INFO - 
================================================================================
DAG File Processing Stats

File Path                                 PID  Runtime      # DAGs    # Errors  Last Runtime    Last Run
--------------------------------------  -----  ---------  --------  ----------  --------------  -------------------
/opt/airflow/dags/null_spike_dag.py     24204  0.02s             1           0  0.14s           2026-09-03T20:45:53
/opt/airflow/dags/flaky_etl_dag.py                               1           0  0.13s           2026-09-03T20:45:54
/opt/airflow/dags/00_seed_demo_data.py                           1           0  0.13s           2026-09-03T20:45:54
/opt/airflow/dags/schema_drift_dag.py   24207  0.01s             1           0  0.12s           2026-09-03T20:45:53
================================================================================
[2026-09-03T20:46:54.132+0000] {manager.py:878} INFO - 
================================================================================
DAG File Processing Stats

File Path                                 PID  Runtime      # DAGs    # Errors  Last Runtime    Last Run
--------------------------------------  -----  ---------  --------  ----------  --------------  -------------------
/opt/airflow/dags/flaky_etl_dag.py                               1           0  0.14s           2026-09-03T20:46:24
/opt/airflow/dags/00_seed_demo_data.py                           1           0  0.13s           2026-09-03T20:46:24
/opt/airflow/dags/null_spike_dag.py     24230  0.01s             1           0  0.13s           2026-09-03T20:46:23
/opt/airflow/dags/schema_drift_dag.py   24233  0.00s             1           0  0.13s           2026-09-03T20:46:23
================================================================================
[2026-09-03T20:47:24.648+0000] {manager.py:878} INFO - 
================================================================================
DAG File Processing Stats

File Path                                 PID  Runtime      # DAGs    # Errors  Last Runtime    Last Run
--------------------------------------  -----  ---------  --------  ----------  --------------  -------------------
/opt/airflow/dags/flaky_etl_dag.py                               1           0  0.15s           2026-09-03T20:46:55
/opt/airflow/dags/00_seed_demo_data.py                           1           0  0.15s           2026-09-03T20:46:55
/opt/airflow/dags/null_spike_dag.py     24256  0.02s             1           0  0.12s           2026-09-03T20:46:54
/opt/airflow/dags/schema_drift_dag.py   24259  0.01s             1           0  0.11s           2026-09-03T20:46:54
================================================================================
[2026-09-03T20:47:55.024+0000] {manager.py:878} INFO - 
================================================================================
DAG File Processing Stats

File Path                                 PID  Runtime      # DAGs    # Errors  Last Runtime    Last Run
--------------------------------------  -----  ---------  --------  ----------  --------------  -------------------
/opt/airflow/dags/null_spike_dag.py     24282  0.02s             1           0  0.16s           2026-09-03T20:47:24
/opt/airflow/dags/schema_drift_dag.py   24285  0.00s             1           0  0.15s           2026-09-03T20:47:24
/opt/airflow/dags/flaky_etl_dag.py                               1           0  0.11s           2026-09-03T20:47:25
/opt/airflow/dags/00_seed_demo_data.py                           1           0  0.11s           2026-09-03T20:47:25
================================================================================
[2026-09-03T20:48:25.582+0000] {manager.py:878} INFO - 
================================================================================
DAG File Processing Stats

File Path                                 PID  Runtime      # DAGs    # Errors  Last Runtime    Last Run
--------------------------------------  -----  ---------  --------  ----------  --------------  -------------------
/opt/airflow/dags/flaky_etl_dag.py                               1           0  0.13s           2026-09-03T20:47:56
/opt/airflow/dags/00_seed_demo_data.py                           1           0  0.13s           2026-09-03T20:47:56
/opt/airflow/dags/schema_drift_dag.py   24311  0.00s             1           0  0.12s           2026-09-03T20:47:55
/opt/airflow/dags/null_spike_dag.py     24308  0.02s             1           0  0.12s           2026-09-03T20:47:55
================================================================================
[2026-09-03T20:48:56.141+0000] {manager.py:878} INFO - 
================================================================================
DAG File Processing Stats

File Path                                 PID  Runtime      # DAGs    # Errors  Last Runtime    Last Run
--------------------------------------  -----  ---------  --------  ----------  --------------  -------------------
/opt/airflow/dags/null_spike_dag.py     24334  0.02s             1           0  0.15s           2026-09-03T20:48:25
/opt/airflow/dags/schema_drift_dag.py   24337  0.00s             1           0  0.14s           2026-09-03T20:48:25
/opt/airflow/dags/00_seed_demo_data.py                           1           0  0.12s           2026-09-03T20:48:26
/opt/airflow/dags/flaky_etl_dag.py                               1           0  0.12s           2026-09-03T20:48:26
================================================================================
[2026-09-03T20:49:26.549+0000] {manager.py:878} INFO - 
================================================================================
DAG File Processing Stats

File Path                                 PID  Runtime      # DAGs    # Errors  Last Runtime    Last Run
--------------------------------------  -----  ---------  --------  ----------  --------------  -------------------
/opt/airflow/dags/schema_drift_dag.py   24363  0.00s             1           0  0.18s           2026-09-03T20:48:56
/opt/airflow/dags/null_spike_dag.py     24360  0.01s             1           0  0.18s           2026-09-03T20:48:56
/opt/airflow/dags/flaky_etl_dag.py                               1           0  0.13s           2026-09-03T20:48:57
/opt/airflow/dags/00_seed_demo_data.py                           1           0  0.13s           2026-09-03T20:48:57
================================================================================
[2026-09-03T20:49:57.021+0000] {manager.py:878} INFO - 
================================================================================
DAG File Processing Stats

File Path                                 PID  Runtime      # DAGs    # Errors  Last Runtime    Last Run
--------------------------------------  -----  ---------  --------  ----------  --------------  -------------------
/opt/airflow/dags/flaky_etl_dag.py                               1           0  0.15s           2026-09-03T20:49:27
/opt/airflow/dags/00_seed_demo_data.py                           1           0  0.15s           2026-09-03T20:49:27
/opt/airflow/dags/schema_drift_dag.py   24389  0.01s             1           0  0.12s           2026-09-03T20:49:26
/opt/airflow/dags/null_spike_dag.py     24386  0.02s             1           0  0.12s           2026-09-03T20:49:26
================================================================================
[2026-09-03T20:50:27.532+0000] {manager.py:878} INFO - 
================================================================================
DAG File Processing Stats

File Path                                 PID  Runtime      # DAGs    # Errors  Last Runtime    Last Run
--------------------------------------  -----  ---------  --------  ----------  --------------  -------------------
/opt/airflow/dags/00_seed_demo_data.py                           1           0  0.17s           2026-09-03T20:49:58
/opt/airflow/dags/flaky_etl_dag.py                               1           0  0.17s           2026-09-03T20:49:58
/opt/airflow/dags/schema_drift_dag.py   24415  0.00s             1           0  0.12s           2026-09-03T20:49:57
/opt/airflow/dags/null_spike_dag.py     24412  0.02s             1           0  0.12s           2026-09-03T20:49:57
================================================================================
[2026-09-03T20:50:58.136+0000] {manager.py:878} INFO - 
================================================================================
DAG File Processing Stats

File Path                                 PID  Runtime      # DAGs    # Errors  Last Runtime    Last Run
--------------------------------------  -----  ---------  --------  ----------  --------------  -------------------
/opt/airflow/dags/00_seed_demo_data.py                           1           0  0.13s           2026-09-03T20:50:28
/opt/airflow/dags/flaky_etl_dag.py                               1           0  0.12s           2026-09-03T20:50:28
/opt/airflow/dags/schema_drift_dag.py   24441  0.00s             1           0  0.12s           2026-09-03T20:50:27
/opt/airflow/dags/null_spike_dag.py     24438  0.02s             1           0  0.12s           2026-09-03T20:50:27
================================================================================
[2026-09-03T20:51:16.495+0000] {manager.py:737} INFO - Searching for files in /opt/airflow/dags
[2026-09-03T20:51:16.540+0000] {manager.py:740} INFO - There are 4 files in /opt/airflow/dags
[2026-09-03T20:51:28.547+0000] {manager.py:878} INFO - 
================================================================================
DAG File Processing Stats

File Path                                 PID  Runtime      # DAGs    # Errors  Last Runtime    Last Run
--------------------------------------  -----  ---------  --------  ----------  --------------  -------------------
/opt/airflow/dags/null_spike_dag.py     24464  0.03s             1           0  0.17s           2026-09-03T20:50:58
/opt/airflow/dags/schema_drift_dag.py   24467  0.01s             1           0  0.16s           2026-09-03T20:50:58
/opt/airflow/dags/00_seed_demo_data.py                           1           0  0.13s           2026-09-03T20:50:59
/opt/airflow/dags/flaky_etl_dag.py                               1           0  0.12s           2026-09-03T20:50:59
================================================================================
[2026-09-03T20:51:59.091+0000] {manager.py:878} INFO - 
================================================================================
DAG File Processing Stats

File Path                                 PID  Runtime      # DAGs    # Errors  Last Runtime    Last Run
--------------------------------------  -----  ---------  --------  ----------  --------------  -------------------
/opt/airflow/dags/null_spike_dag.py     24490  0.02s             1           0  0.30s           2026-09-03T20:51:28
/opt/airflow/dags/schema_drift_dag.py   24493  0.00s             1           0  0.27s           2026-09-03T20:51:28
/opt/airflow/dags/00_seed_demo_data.py                           1           0  0.12s           2026-09-03T20:51:29
/opt/airflow/dags/flaky_etl_dag.py                               1           0  0.12s           2026-09-03T20:51:29
================================================================================
[2026-09-03T20:52:29.632+0000] {manager.py:878} INFO - 
================================================================================
DAG File Processing Stats

File Path                                 PID  Runtime      # DAGs    # Errors  Last Runtime    Last Run
--------------------------------------  -----  ---------  --------  ----------  --------------  -------------------
/opt/airflow/dags/null_spike_dag.py     24516  0.02s             1           0  0.15s           2026-09-03T20:51:59
/opt/airflow/dags/schema_drift_dag.py   24519  0.00s             1           0  0.13s           2026-09-03T20:51:59
/opt/airflow/dags/flaky_etl_dag.py                               1           0  0.12s           2026-09-03T20:52:00
/opt/airflow/dags/00_seed_demo_data.py                           1           0  0.12s           2026-09-03T20:52:00
================================================================================
[2026-09-03T20:53:00.090+0000] {manager.py:878} INFO - 
================================================================================
DAG File Processing Stats

File Path                                 PID  Runtime      # DAGs    # Errors  Last Runtime    Last Run
--------------------------------------  -----  ---------  --------  ----------  --------------  -------------------
/opt/airflow/dags/schema_drift_dag.py   24545  0.00s             1           0  0.12s           2026-09-03T20:52:29
/opt/airflow/dags/flaky_etl_dag.py                               1           0  0.12s           2026-09-03T20:52:30
/opt/airflow/dags/00_seed_demo_data.py                           1           0  0.12s           2026-09-03T20:52:30
/opt/airflow/dags/null_spike_dag.py     24542  0.02s             1           0  0.12s           2026-09-03T20:52:29
================================================================================
[2026-09-03T20:53:30.674+0000] {manager.py:878} INFO - 
================================================================================
DAG File Processing Stats

File Path                                 PID  Runtime      # DAGs    # Errors  Last Runtime    Last Run
--------------------------------------  -----  ---------  --------  ----------  --------------  -------------------
/opt/airflow/dags/schema_drift_dag.py   24571  0.00s             1           0  0.15s           2026-09-03T20:53:00
/opt/airflow/dags/null_spike_dag.py     24568  0.02s             1           0  0.15s           2026-09-03T20:53:00
/opt/airflow/dags/flaky_etl_dag.py                               1           0  0.12s           2026-09-03T20:53:01
/opt/airflow/dags/00_seed_demo_data.py                           1           0  0.12s           2026-09-03T20:53:01
================================================================================
[2026-09-03T20:54:01.211+0000] {manager.py:878} INFO - 
================================================================================
DAG File Processing Stats

File Path                                 PID  Runtime      # DAGs    # Errors  Last Runtime    Last Run
--------------------------------------  -----  ---------  --------  ----------  --------------  -------------------
/opt/airflow/dags/00_seed_demo_data.py                           1           0  0.13s           2026-09-03T20:53:31
/opt/airflow/dags/flaky_etl_dag.py                               1           0  0.13s           2026-09-03T20:53:31
/opt/airflow/dags/null_spike_dag.py     24594  0.02s             1           0  0.13s           2026-09-03T20:53:30
/opt/airflow/dags/schema_drift_dag.py   24597  0.00s             1           0  0.13s           2026-09-03T20:53:30
================================================================================
[2026-09-03T20:54:31.867+0000] {manager.py:878} INFO - 
================================================================================
DAG File Processing Stats

File Path                                 PID  Runtime      # DAGs    # Errors  Last Runtime    Last Run
--------------------------------------  -----  ---------  --------  ----------  --------------  -------------------
/opt/airflow/dags/00_seed_demo_data.py                           1           0  0.16s           2026-09-03T20:54:02
/opt/airflow/dags/null_spike_dag.py     24620  0.02s             1           0  0.15s           2026-09-03T20:54:01
/opt/airflow/dags/schema_drift_dag.py   24623  0.01s             1           0  0.13s           2026-09-03T20:54:01
/opt/airflow/dags/flaky_etl_dag.py                               1           0  0.12s           2026-09-03T20:54:02
================================================================================
[2026-09-03T20:55:02.365+0000] {manager.py:878} INFO - 
================================================================================
DAG File Processing Stats

File Path                                 PID  Runtime      # DAGs    # Errors  Last Runtime    Last Run
--------------------------------------  -----  ---------  --------  ----------  --------------  -------------------
/opt/airflow/dags/null_spike_dag.py     24646  0.02s             1           0  0.17s           2026-09-03T20:54:32
/opt/airflow/dags/schema_drift_dag.py   24649  0.00s             1           0  0.14s           2026-09-03T20:54:32
/opt/airflow/dags/00_seed_demo_data.py                           1           0  0.13s           2026-09-03T20:54:33
/opt/airflow/dags/flaky_etl_dag.py                               1           0  0.13s           2026-09-03T20:54:33
================================================================================
[2026-09-03T20:55:32.829+0000] {manager.py:878} INFO - 
================================================================================
DAG File Processing Stats

File Path                                 PID  Runtime      # DAGs    # Errors  Last Runtime    Last Run
--------------------------------------  -----  ---------  --------  ----------  --------------  -------------------
/opt/airflow/dags/null_spike_dag.py     24672  0.02s             1           0  0.15s           2026-09-03T20:55:02
/opt/airflow/dags/schema_drift_dag.py   24675  0.00s             1           0  0.12s           2026-09-03T20:55:02
/opt/airflow/dags/flaky_etl_dag.py                               1           0  0.12s           2026-09-03T20:55:03
/opt/airflow/dags/00_seed_demo_data.py                           1           0  0.12s           2026-09-03T20:55:03
================================================================================
[2026-09-03T20:56:03.362+0000] {manager.py:878} INFO - 
================================================================================
DAG File Processing Stats

File Path                                 PID  Runtime      # DAGs    # Errors  Last Runtime    Last Run
--------------------------------------  -----  ---------  --------  ----------  --------------  -------------------
/opt/airflow/dags/null_spike_dag.py     24698  0.02s             1           0  0.14s           2026-09-03T20:55:32
/opt/airflow/dags/schema_drift_dag.py   24701  0.00s             1           0  0.14s           2026-09-03T20:55:32
/opt/airflow/dags/00_seed_demo_data.py                           1           0  0.13s           2026-09-03T20:55:34
/opt/airflow/dags/flaky_etl_dag.py                               1           0  0.13s           2026-09-03T20:55:34
================================================================================
[2026-09-03T20:56:16.610+0000] {manager.py:737} INFO - Searching for files in /opt/airflow/dags
[2026-09-03T20:56:16.668+0000] {manager.py:740} INFO - There are 4 files in /opt/airflow/dags
[2026-09-03T20:56:33.891+0000] {manager.py:878} INFO - 
================================================================================
DAG File Processing Stats

File Path                                 PID  Runtime      # DAGs    # Errors  Last Runtime    Last Run
--------------------------------------  -----  ---------  --------  ----------  --------------  -------------------
/opt/airflow/dags/flaky_etl_dag.py                               1           0  0.15s           2026-09-03T20:56:04
/opt/airflow/dags/00_seed_demo_data.py                           1           0  0.15s           2026-09-03T20:56:04
/opt/airflow/dags/null_spike_dag.py     24724  0.02s             1           0  0.12s           2026-09-03T20:56:03
/opt/airflow/dags/schema_drift_dag.py   24727  0.00s             1           0  0.12s           2026-09-03T20:56:03
================================================================================
[2026-09-03T20:57:04.453+0000] {manager.py:878} INFO - 
================================================================================
DAG File Processing Stats

File Path                                 PID  Runtime      # DAGs    # Errors  Last Runtime    Last Run
--------------------------------------  -----  ---------  --------  ----------  --------------  -------------------
/opt/airflow/dags/flaky_etl_dag.py                               1           0  0.15s           2026-09-03T20:56:35
/opt/airflow/dags/null_spike_dag.py     24750  0.02s             1           0  0.15s           2026-09-03T20:56:34
/opt/airflow/dags/schema_drift_dag.py   24753  0.00s             1           0  0.14s           2026-09-03T20:56:34
/opt/airflow/dags/00_seed_demo_data.py                           1           0  0.14s           2026-09-03T20:56:35
================================================================================
[2026-09-03T20:57:35.015+0000] {manager.py:878} INFO - 
================================================================================
DAG File Processing Stats

File Path                                 PID  Runtime      # DAGs    # Errors  Last Runtime    Last Run
--------------------------------------  -----  ---------  --------  ----------  --------------  -------------------
/opt/airflow/dags/null_spike_dag.py     24776  0.02s             1           0  0.13s           2026-09-03T20:57:04
/opt/airflow/dags/schema_drift_dag.py   24779  0.01s             1           0  0.13s           2026-09-03T20:57:04
/opt/airflow/dags/00_seed_demo_data.py                           1           0  0.12s           2026-09-03T20:57:05
/opt/airflow/dags/flaky_etl_dag.py                               1           0  0.12s           2026-09-03T20:57:05
================================================================================
[2026-09-03T20:58:05.554+0000] {manager.py:878} INFO - 
================================================================================
DAG File Processing Stats

File Path                                 PID  Runtime      # DAGs    # Errors  Last Runtime    Last Run
--------------------------------------  -----  ---------  --------  ----------  --------------  -------------------
/opt/airflow/dags/null_spike_dag.py     24802  0.01s             1           0  0.15s           2026-09-03T20:57:35
/opt/airflow/dags/schema_drift_dag.py   24805  0.00s             1           0  0.15s           2026-09-03T20:57:35
/opt/airflow/dags/00_seed_demo_data.py                           1           0  0.12s           2026-09-03T20:57:36
/opt/airflow/dags/flaky_etl_dag.py                               1           0  0.12s           2026-09-03T20:57:36
================================================================================
[2026-09-03T20:58:36.172+0000] {manager.py:878} INFO - 
================================================================================
DAG File Processing Stats

File Path                                 PID  Runtime      # DAGs    # Errors  Last Runtime    Last Run
--------------------------------------  -----  ---------  --------  ----------  --------------  -------------------
/opt/airflow/dags/flaky_etl_dag.py                               1           0  0.16s           2026-09-03T20:58:06
/opt/airflow/dags/schema_drift_dag.py   24831  0.00s             1           0  0.15s           2026-09-03T20:58:05
/opt/airflow/dags/null_spike_dag.py     24828  0.02s             1           0  0.15s           2026-09-03T20:58:05
/opt/airflow/dags/00_seed_demo_data.py                           1           0  0.13s           2026-09-03T20:58:06
================================================================================
